Query_ID,Student_Name,Department,Query_Category,Student_Query,Priority,Submission_Date,Channel
Q05147,Arjun Sharma,Mechanical,SCHOLARSHIP,My scholarship application status is pending.,High,2026-01-10,Portal
Q03013,Nitin Khan,Business Administration,FEES,Please help. What is the last date for paying the semester fee?,High,2026-06-12,Email
Q01297,Nisha Kumar,Physics,Tech,i cannot upload my assignment due to a system error.,Low,2026-07-03,Chat
Q02446,Sneha Gupta,Electrical Engineering,Hostel,How can I contact the hostel administration?,High,2026-03-22,Chat
Q00315,Shreya Mehta,Electrical Engineering,Fee,My fee payment was deducted but is not showing in the portal.,medium,2026-04-30,Email
Q04304,Priya Patel,Electrical Engineering,Fees,What is the last date for paying the semester fee?,Medium,2026-03-22,Portal
Q01161,Nitin Patel,Physics,Scholarships,What documents are required for scholarship verification?,Low,2026-03-03,Helpdesk
Q04658,Arjun Mehta,Biotechnology, Fees ,can i download my fee payment receipt?,Low,2026-07-28,Chat
Q04232,Kavya Verma,Information Technology,Hostel,How can I contact the hostel administration?,Medium,2026-08-26,Chat
Q03459,Isha Patel,Physics,Accommodation,When will the hostel allotment list be announced?,High,2026-03-07,Helpdesk
Q03845,Ishaan Sharma,Computer Science,scholarship,When will the scholarship results be announced?,Medium,2026-01-19,Helpdesk
Q03443,Simran Khan,Business Administration,Admission,What documents are required for admission verification?,MEDIUM,2026-05-24,Helpdesk
Q02873,Manav Mehta,Information Technology,HOSTEL,How can I contact the hostel administration?,High,2026-01-07,Helpdesk
Q03387,Karan Kumar,Business Administration, admissions ,How can I check the status of my admission application?,High,2026-01-31,Email
Q00579,Meera Sharma,Civil,Scholarship,Please help. What documents are required for scholarship verification?,medium,2026-07-01,Helpdesk
Q04208,Karan Mehta,Computer Science,examination,Please help. When will the examination timetable be released?,LOW,2026-08-15,Helpdesk
Q01838,Yash Mehta,Mechanical, Technical ,The portal is showing an error while submitting my form.,Medium,2026-06-15,Chat
Q00623,Sakshi Kumar,Computer Science,Admission,,Medium,2026-04-23,Helpdesk
Q00016,Kavya Verma,Business Administration, Technical ,,Low,2026-01-26,Portal
Q05186,Aman Singh,Mathematics,HOSTEL,How can I apply for hostel accommodation? Kindly provide guidance.,Low,2026-01-07,Chat
Q02995,Arjun Gupta,Information Technology, Technical ,Please help. The portal is showing an error while submitting my form.,Medium,2026-06-24,Helpdesk
Q01321,Sakshi Joshi,Mathematics,admissions,I need help with the admission registration process. Kindly provide guidance.,Medium,2026-01-17,Portal
Q05052,Sanjay Kumar,Business Administration,Technical,My dashboard is not loading properly.,High,2026-07-22,Portal
Q05153,Neha Patel,Business Administration, Technical ,Please help. My dashboard is not loading properly.,Low,2026-01-25,Portal
Q04399,Varun Joshi,Civil,Tech,The portal is showing an error while submitting my form.,Low,2026-03-02,Helpdesk
Q01389,Ananya Verma,Electrical Engineering,HOSTEL,,low,2026-05-11,Email
Q02514,Sanjay Gupta,Computer Science,Admissions,When will the next admission merit list be published?,High,2026-02-06,Portal
Q01135,Nitin Joshi,Electrical Engineering,FEES,my fee payment was deducted but is not showing in the portal.,Low,2026-04-17,Helpdesk
Q02986,Vikram Mehta,Information Technology, Technical ,,Medium,2026-05-14,Chat
Q01452,Nisha Mehta, Computer Science ,fees,How can I pay my semester fee online? Kindly provide guidance.,Medium,2026-01-26,Email
Q03659,Tanvi Khan,Electrical Engineering, Scholarship ,When will the scholarship results be announced?,Medium,2026-07-29,Helpdesk
Q00927,Meera Joshi,Civil, Hostel ,How can I apply for hostel accommodation?,Low,2026-04-23,Helpdesk
Q00422,Aarav Verma,Electrical Engineering,Hostel,How can I apply for hostel accommodation?,Medium,2026-04-21,Email
Q02746,Yash Patel,Civil,EXAMINATION,What is the process for applying for revaluation?,Low,2026-05-25,Portal
Q02946,Payal Gupta,Computer Science,scholarship,Please help. My scholarship application status is pending.,Medium,2026-06-05,Helpdesk
Q01763,Divya Verma,Computer Science,ADMISSIONS,Can I change my selected programme after admission?,Medium,2026-08-06,Portal
Q00827,Aditya Sharma,Computer Science,Fees,What is the last date for paying the semester fee?,Medium,2026-02-18,Chat
Q03713,Manav Gupta,Biotechnology,scholarship,What documents are required for scholarship verification? Kindly provide guidance.,medium,2026-05-10,Portal
Q03309,Ananya Joshi,Physics,admissions,I need help with the admission registration process. Kindly provide guidance.,Medium,2026-03-15,Chat
Q03317,Aditya Das,Electronics,scholarship,How can I apply for a student scholarship? Kindly provide guidance.,High,2026-01-20,Portal
Q01616,Riya Verma,Biotechnology, Hostel ,How can I apply for hostel accommodation?,Medium,2026-08-04,Chat
Q03241,Nitin Gupta,Physics,TECHNICAL,Please help. My dashboard is not loading properly.,High,2026-03-05,Helpdesk
Q02653,Ishaan Singh,Mechanical,Technical,I am unable to access my student portal.,Medium,2026-01-22,Portal
Q03458,Manav Patel,Civil,,My exam centre details are not visible in the portal.,Low,2026-03-16,Portal
Q04703,Karan Joshi,Information Technology,Examinations,Please help. My exam centre details are not visible in the portal.,Medium,2026-03-13,Chat
Q04558,Kavya Patel,Electrical Engineering,hostel,I have a problem with my hostel room facilities. Kindly provide guidance.,Medium,2026-04-22,Email
Q02781,Sakshi Patel,Business Administration,ADMISSIONS,When will the next admission merit list be published?,High,2026-06-04,Helpdesk
Q00144,Riya Gupta,Mechanical,Scholarships,My scholarship application status is pending.,Medium,2026-01-30,Chat
Q04838,Aman Gupta,Mechanical,fees,What is the last date for paying the semester fee?,Low,2026-01-13,Portal
Q04425,Varun Kumar,Electrical Engineering,Scholarship,What are the eligibility criteria for the scholarship?,Low,2026-01-08,Chat
Q03095,Ishaan Das,Physics,Admission,Can I change my selected programme after admission?,Medium,2026-04-20,Email
Q01289,Riya Mehta,Electronics,Examinations,When will the examination timetable be released?,Medium,2026-04-29,Email
Q00372,Manav Mehta,Business Administration,Examination,How can I download my hall ticket?,Low,2026-03-18,Chat
Q01296,Rohit Khan,Mechanical,Accommodation,when will the hostel allotment list be announced?,Medium,2026-07-04,Portal
Q04484,Sneha Verma,Business Administration,scholarship,When will the scholarship results be announced?,Low,2026-07-02,Chat
Q03719,Bhavya Gupta,Biotechnology, admissions ,When will the next admission merit list be published?,High,2026-05-09,Email
Q02204,Isha Verma,Mechanical, admissions ,how can i check the status of my admission application?,Low,2026-04-09,Email
Q00404,Aditi Sharma,Electrical Engineering,Scholarships,,MEDIUM,2026-03-04,Helpdesk
Q04277,Isha Gupta,Information Technology,technical,My dashboard is not loading properly.,Medium,2026-04-29,Chat
Q05039,Ishaan Verma,Computer Science, Technical ,Please help. I am unable to access my student portal.,Medium,2026-03-05,Helpdesk
Q04114,Ananya Mehta,Physics,Examination,When will the examination timetable be released?,Low,2026-06-19,Chat
Q02916,Ankit Mehta,Computer Science, Scholarship ,What documents are required for scholarship verification?,Low,2026-08-02,Chat
Q02756,Sakshi Patel,Physics,ADMISSIONS,Please help. I need help with the admission registration process.,low,2026-04-11,Portal
Q00394,Vikram Sharma,Mathematics,Admission,can i change my selected programme after admission?,Medium,2026-04-21,Chat
Q00010,Manav Khan,InformationTechnology,Fees,My fee payment was deducted but is not showing in the portal.,High,2026-03-26,Email
Q00124,Varun Gupta,Electrical Engineering,Accommodation,I have a problem with my hostel room facilities.,Medium,2026-02-27,Chat
Q04802,Neha Sharma,Information Technology,Hostel,When will the hostel allotment list be announced?,Low,2026-02-23,Chat
Q02647,Payal Kumar,Electrical Engineering,Accommodation,How can I contact the hostel administration?,High,2026-05-02,Chat
Q04153,Divya Joshi,Mathematics,Scholarship,When will the scholarship results be announced?,Low,2026-04-11,Email
Q01769,Sanjay Kumar,Mechanical,Scholarship,What documents are required for scholarship verification?,Medium,2026-02-09,Helpdesk
Q02546,Sneha Sharma,Electrical Engineering,TECHNICAL,My dashboard is not loading properly.,High,2026-07-28,Helpdesk
Q04629,Meera Joshi,Business Administration,,My scholarship application status is pending.,Medium,2026-02-02,Email
Q01340,Rohan Singh,Mathematics, Technical ,Please help. I am unable to access my student portal.,Medium,2026-05-18,Email
Q00669,Bhavya Kumar,Computer Science,Hostel,How can I contact the hostel administration?,Low,2026-03-28,Email
Q02023,Vikram Gupta,Biotechnology,HOSTEL,what is the process for changing my hostel room?,Low,2026-01-18,Portal
Q00703,Ishaan Patel,Business Administration,Tech,I forgot my portal password and cannot log in.,Low,2026-04-18,Email
Q04831,Meera Singh,Electronics,Technical,Please help. My dashboard is not loading properly.,High,2026-06-16,Email
Q03530,Rohan Singh,Biotechnology,hostel,Please help. When will the hostel allotment list be announced?,Medium,2026-08-14,Chat
Q02376,Sakshi Patel,Electronics,Hostel,How can I apply for hostel accommodation?,Medium,2026-01-26,Email
Q03726,Meera Singh,Business Administration,Admissions,Can I change my selected programme after admission?,Medium,2026-05-22,Chat
Q04778,Ankit Singh,Civil,Scholarships,My scholarship application status is pending.,Medium,2026-07-09,Portal
Q00412,Ankit Khan,Computer Science, Hostel ,,HIGH,2026-05-04,Helpdesk
Q03379,Riya Joshi,Business Administration,scholarship,what are the eligibility criteria for the scholarship?,Medium,2026-06-29,Email
Q01520,Manav Gupta,Computer Science,ADMISSIONS,Can I change my selected programme after admission? Kindly provide guidance.,Medium,2026-03-11,Email
Q02764,Kavya Singh,Computer Science,Technical,The portal is showing an error while submitting my form.,Medium,2026-05-25,Email
Q00443,Ananya Das,Business Administration,Tech,,Medium,2026-04-16,Email
Q01586,Nitin Gupta,Information Technology,Examination,what is the process for applying for revaluation?,High,2026-07-30,Helpdesk
Q04888,Karan Khan,Civil,Exam,When will the examination timetable be released?,Medium,2026-01-05,Email
Q04428,Karan Sharma,Physics,SCHOLARSHIP,What are the eligibility criteria for the scholarship? Kindly provide guidance.,Medium,2026-02-01,Helpdesk
Q02957,Meera Khan,Physics,fees,Can I download my fee payment receipt?,Medium,2026-07-25,Helpdesk
Q02287,Rohan Singh,Electrical Engineering,Examinations,What is the process for applying for revaluation?,High,2026-06-30,Chat
Q03343,Sakshi Das,Business Administration, Fees ,Can I download my fee payment receipt?,high,2026-05-15,Helpdesk
Q02738,Manav Sharma,Business Administration,Examination,I am unable to see my examination result.,Medium,2026-02-21,Portal
Q03900,Vikram Das,BUSINESS ADMINISTRATION,Scholarship,My scholarship application status is pending.,High,2026-03-07,Chat
Q00660,Harsh Gupta,Biotechnology, Technical ,I forgot my portal password and cannot log in.,High,2026-04-30,Chat
Q01189,Neha Singh,Business Administration,fees,Can I download my fee payment receipt? Kindly provide guidance.,High,2026-04-21,Helpdesk
Q02898,Simran Joshi,Mechanical,Examinations,When will the examination timetable be released? Kindly provide guidance.,High,2026-05-09,Portal
Q03543,Karan Mehta,Civil,Scholarship,My scholarship application status is pending.,Medium,2026-06-28,Email
Q01729,Sneha Mehta,Mathematics,SCHOLARSHIP,Please help. My scholarship application status is pending.,Low,2026-04-29,Helpdesk
Q03015,Tanvi Singh,Mathematics,technical,My dashboard is not loading properly.,Low,2026-07-23,Portal
Q04791,Ankit Kumar,Electrical Engineering, Fees ,My fee payment was deducted but is not showing in the portal.,High,2026-06-19,Email
Q03313,Aman Kumar,Civil,HOSTEL,Please help. What is the process for changing my hostel room?,Low,2026-07-24,Helpdesk
Q01370,Rohit Singh,Electronics,Admission,What documents are required for admission verification?,Medium,2026-08-12,Email
Q01036,Payal Das,Civil,Scholarships,Please help. My scholarship application status is pending.,Low,2026-06-17,Email
Q02785,Rahul Sharma,Business Administration, Hostel ,What is the process for changing my hostel room?,Medium,2026-03-12,Email
Q01750,Neha Mehta,Biotechnology,scholarship,What are the eligibility criteria for the scholarship?,Low,2026-07-06,Portal
Q00186,Sakshi Gupta,Electronics,HOSTEL,I have a problem with my hostel room facilities.,Medium,2026-05-31,Helpdesk
Q01903,Vikram Verma,Information Technology, Hostel ,Please help. How can I contact the hostel administration?,Medium,2026-08-18,Helpdesk
Q00788,Yash Patel,Civil,Scholarships,What are the eligibility criteria for the scholarship?,Medium,2026-01-07,Chat
Q00103,Pooja Gupta,Electronics,FEES,Is installment payment available for tuition fees?,Medium,2026-01-02,Portal
Q00452,Ankit Das,Mechanical,HOSTEL,,Medium,2026-06-14,Chat
Q04205,Isha Kumar,Mathematics, Examination ,When will the examination timetable be released?,High,2026-06-12,Chat
Q04095,Sneha Gupta,Information Technology, Technical ,Please help. My dashboard is not loading properly.,Medium,2026-03-15,Helpdesk
Q04209,Ananya Sharma,Business Administration,Scholarship,When will the scholarship results be announced? Kindly provide guidance.,High,2026-02-17,Portal
Q02074,Harsh Sharma,Electrical Engineering,TECHNICAL,I am unable to access my student portal.,Medium,2026-03-23,Email
Q03001,Riya Kumar,Information Technology,admissions,Can I change my selected programme after admission?,Low,2026-06-13,Chat
Q00835,Harsh Gupta,Mechanical,Admission,I need help with the admission registration process.,Medium,2026-07-03,Email
Q02186,Aditi Joshi,Mathematics, Examination ,I am unable to see my examination result. Kindly provide guidance.,Medium,2026-04-08,Chat
Q04234,Isha Joshi,Civil,Admission,How can I check the status of my admission application?,LOW,2026-03-03,Helpdesk
Q00805,Sakshi Sharma,Information Technology,Technical,My dashboard is not loading properly.,Medium,2026-04-15,Email
Q03228,Pooja Patel,Computer Science,hostel,How can I contact the hostel administration?,High,2026-07-16,Chat
Q03992,Nisha Joshi,Civil,Examination,How can I download my hall ticket?,Low,2026-04-01,Portal
Q01089,Aarav Sharma,Physics,Admissions,,Medium,2026-07-27,Chat
Q04471,Rohit Gupta,Physics,ADMISSIONS,I need help with the admission registration process.,Medium,2026-05-25,Portal
Q00836,Aditya Sharma,Physics,SCHOLARSHIP,When will the scholarship results be announced?,Medium,2026-03-11,Chat
Q00540,Rohan Singh,Mechanical,Accommodation,Please help. What is the process for changing my hostel room?,Low,2026-06-06,Email
Q01506,Sneha Gupta,Biotechnology,Technical,The portal is showing an error while submitting my form.,Medium,2026-05-29,Email
Q01045,Ankit Das,Business Administration,TECHNICAL,I cannot upload my assignment due to a system error.,Medium,2026-03-17,Email
Q01425,Payal Singh,Business Administration,SCHOLARSHIP,When will the scholarship results be announced?,Medium,2026-01-24,Email
Q02230,Aarav Verma, Business Administration ,TECHNICAL,,Low,2026-04-18,Email
Q04983,Nitin Verma,Computer Science,admissions,Can I change my selected programme after admission?,High,2026-01-15,Email
Q00945,Kavya Verma,Physics,Scholarships,How can I apply for a student scholarship?,High,2026-06-13,Email
Q05118,Bhavya Sharma,Biotechnology,,my exam centre details are not visible in the portal.,Medium,2026-06-03,Chat
Q01151,Tanvi Khan,Information Technology,Technical,The portal is showing an error while submitting my form.,Low,2026-01-15,Email
Q00462,Riya Sharma,Biotechnology,Tech,I cannot upload my assignment due to a system error.,Medium,2026-03-22,Helpdesk
Q02587,Sanjay Verma,Computer Science, Technical ,I cannot upload my assignment due to a system error.,Medium,2026-04-18,Portal
Q02037,Harsh Kumar,Biotechnology,Fees,Can I download my fee payment receipt?,Medium,2026-03-03,Helpdesk
Q01625,Simran Mehta,Mechanical,Examinations,My exam centre details are not visible in the portal.,Low,2026-04-08,Chat
Q01461,Bhavya Khan,Electronics,Examination,when will the examination timetable be released?,low,2026-04-07,Chat
Q01362,Pooja Singh,Business Administration,FEES,What is the last date for paying the semester fee?,High,2026-07-27,Helpdesk
Q01878,Meera Sharma,Information Technology, Hostel ,Please help. How can I apply for hostel accommodation?,Low,2026-02-15,Email
Q01869,Aarav Mehta,Civil,admissions,I need help with the admission registration process.,Medium,2026-04-02,Chat
Q04498,Aditya Khan,Mechanical, admissions ,Please help. How can I check the status of my admission application?,Medium,2026-01-04,Portal
Q03475,Karan Sharma,Mathematics,,Can I change my selected programme after admission?,High,2026-05-08,Chat
Q05092,Kavya Mehta,Electronics,technical,,Low,2026-08-24,Email
Q03376,Bhavya Das,Business Administration,FEES,Is installment payment available for tuition fees?,Medium,2026-01-16,Portal
Q03786,Yash Patel,Information Technology,scholarship,What are the eligibility criteria for the scholarship?,HIGH,2026-07-24,Email
Q02491,Rohit Gupta,Electronics, Scholarship ,My scholarship application status is pending.,Low,2026-03-02,Portal
Q01212,Riya Patel,Civil,Scholarship,Please help. How can I apply for a student scholarship?,HIGH,2026-03-01,Email
Q00561,Aman Mehta,Mathematics,HOSTEL,How can I apply for hostel accommodation?,High,2026-04-04,Portal
Q01674,Neha Das,Information Technology,TECHNICAL,I forgot my portal password and cannot log in.,High,2026-03-16,Email
Q04416,Bhavya Das,Mechanical, admissions ,Can I change my selected programme after admission?,High,2026-02-10,Helpdesk
Q00559,Pooja Khan,Electronics,TECHNICAL,I cannot upload my assignment due to a system error.,High,2026-05-31,Email
Q01972,Isha Khan,Computer Science,Fees,What is the last date for paying the semester fee? Kindly provide guidance.,Low,2026-08-08,Chat
Q05176,Aditi Das,Physics, admissions ,When will the next admission merit list be published?,Low,2026-05-08,Email
Q03378,Rohit Singh,ComputerScience,Exam,Please help. What is the process for applying for revaluation?,Medium,2026-08-10,Email
Q01486,Nisha Joshi,Electronics,admissions,Can I change my selected programme after admission?,Low,2026-03-25,Portal
Q02797,Rahul Khan,Mechanical,TECHNICAL,I cannot upload my assignment due to a system error. Kindly provide guidance.,Low,2026-04-25,Portal
Q01111,Bhavya Verma,Mechanical,fees,What is the last date for paying the semester fee?,High,2026-07-31,Helpdesk
Q03965,Divya Kumar,Mathematics,,my fee payment was deducted but is not showing in the portal.,Low,2026-08-24,Email
Q00258,Riya Patel,Electronics,admissions,when will the next admission merit list be published?,Medium,2026-02-04,Helpdesk
Q05138,Neha Sharma,Information Technology,HOSTEL,I have a problem with my hostel room facilities.,Medium,2026-06-30,Helpdesk
Q01382,Vikram Gupta,Civil,Examinations,Please help. How can I download my hall ticket?,MEDIUM,2026-04-19,Email
Q00253,Isha Sharma,Electronics,ADMISSIONS,,High,2026-06-05,Chat
Q00292,Divya Mehta,Computer Science,Accommodation,What is the process for changing my hostel room?,High,2026-04-20,Email
Q02371,Aditi Mehta,Electronics,Hostel,,Medium,2026-04-13,Chat
Q03450,Sanjay Sharma,Electronics,TECHNICAL,I cannot upload my assignment due to a system error.,Medium,2026-01-19,Helpdesk
Q00878,Rahul Singh,Business Administration,scholarship,When will the scholarship results be announced?,Medium,2026-04-15,Helpdesk
Q03043,Sneha Joshi,Electronics,SCHOLARSHIP,How can I apply for a student scholarship?,Medium,2026-05-07,Portal
Q04507,Pooja Singh,Physics,Exam,When will the examination timetable be released? Kindly provide guidance.,High,2026-04-29,Helpdesk
Q01680,Aman Verma,Mathematics,admissions,,High,2026-04-20,Helpdesk
Q02392,Ankit Das,Business Administration,SCHOLARSHIP,When will the scholarship results be announced?,Low,2026-07-11,Chat
Q02733,Ishaan Khan,Business Administration, admissions ,Can I change my selected programme after admission?,Medium,2026-07-07,Chat
Q02284,Neha Sharma,Business Administration,Examinations,I am unable to see my examination result.,High,2026-01-26,Chat
Q03902,Aarav Sharma,Mathematics, Fees ,What is the last date for paying the semester fee? Kindly provide guidance.,Medium,2026-01-21,Email
Q01347,Aditi Joshi,Computer Science,fees,My fee payment was deducted but is not showing in the portal.,High,2026-07-24,Helpdesk
Q00717,Rohit Patel,Biotechnology, Fees ,Can I download my fee payment receipt? Kindly provide guidance.,Low,2026-02-01,Helpdesk
Q02994,Harsh Das,Business Administration,TECHNICAL,The portal is showing an error while submitting my form. Kindly provide guidance.,High,2026-03-31,Email
Q02178,Kavya Das,Civil,Accommodation,How can I apply for hostel accommodation?,Medium,2026-03-25,Helpdesk
Q00937,Tanvi Verma,Electrical Engineering,admissions,How can I check the status of my admission application?,Low,2026-03-14,Helpdesk
Q02456,Payal Verma,Physics,Exam,When will the examination timetable be released?,Medium,2026-03-07,Helpdesk
Q01355,Vikram Kumar,Electrical Engineering,TECHNICAL,I cannot upload my assignment due to a system error.,Low,2026-02-27,Email
Q02253,Tanvi Joshi,electronics, Examination ,I am unable to see my examination result.,Low,2026-08-23,Email
Q01808,Aditi Gupta,Electrical Engineering,hostel,What is the process for changing my hostel room?,low,2026-06-06,Helpdesk
Q04028,Rohan Gupta,Electronics,hostel,What is the process for changing my hostel room?,High,2026-01-31,Portal
Q04269,Ishaan Patel,Electronics,Fees,Is installment payment available for tuition fees?,Medium,2026-04-22,Email
Q02333,Shreya Gupta,Civil,Accommodation,I have a problem with my hostel room facilities.,Medium,2026-04-01,Email
Q02748,Neha Kumar,Electronics,Admission,What documents are required for admission verification?,High,2026-05-13,Helpdesk
Q04253,Harsh Sharma,Electronics,Scholarships,What documents are required for scholarship verification?,High,2026-01-31,Chat
Q03802,Aditya Verma,Electrical Engineering,FEES,Is installment payment available for tuition fees? Kindly provide guidance.,Medium,2026-05-10,Helpdesk
Q02929,Aarav Joshi,Mathematics,scholarship,My scholarship application status is pending.,HIGH,2026-01-19,Chat
Q00370,Aditya Das,Electronics,Examination,My exam centre details are not visible in the portal.,High,2026-04-11,Helpdesk
Q00933,Aman Singh,Mechanical, Hostel ,Please help. How can I contact the hostel administration?,High,2026-04-25,Chat
Q03972,Kavya Singh,Computer Science,examination,when will the examination timetable be released?,High ,2026-07-12,Email
Q01734,Isha Das,Information Technology, Hostel ,How can I contact the hostel administration?,Medium,2026-02-25,Email
Q03499,Varun Gupta,Mechanical, Scholarship ,What documents are required for scholarship verification?,High,2026-08-27,Portal
Q04624,Rohit Mehta,Computer Science,Hostel,How can I contact the hostel administration?,High,2026-03-23,Helpdesk
Q02046,Kavya Gupta,Information Technology, Scholarship ,My scholarship application status is pending.,High,2026-06-27,Chat
Q03641,Nisha Khan,Physics,fees,Is installment payment available for tuition fees?,High,2026-08-08,Chat
Q02841,Ankit Verma,Business Administration,TECHNICAL,My dashboard is not loading properly. Kindly provide guidance.,Low,2026-08-18,Portal
Q00612,Simran Kumar,Civil,ADMISSIONS,Can I change my selected programme after admission?,High,2026-08-01,Email
Q04391,Kavya Mehta,Information Technology,Accommodation,I have a problem with my hostel room facilities.,Low,2026-06-18,Portal
Q04678,Bhavya Verma, Electronics ,Tech,I cannot upload my assignment due to a system error.,Medium,2026-05-13,Helpdesk
Q01131,Shreya Khan,Mathematics,Hostel,What is the process for changing my hostel room?,High,2026-03-26,Helpdesk
Q02460,Sanjay Joshi,Information Technology,examination,Please help. When will the examination timetable be released?,Medium,2026-06-03,Portal
Q02288,Shreya Khan,Civil, Fees ,Can I download my fee payment receipt?,Medium,2026-04-18,Portal
Q03746,Meera Joshi,Mechanical,FEES,Is installment payment available for tuition fees?,Medium,2026-03-09,Helpdesk
Q02979,Payal Das,Business Administration,,How can I apply for hostel accommodation?,High,2026-04-17,Email
Q04718,Meera Mehta,Civil, Technical ,I forgot my portal password and cannot log in.,Medium,2026-04-11,Chat
Q03171,Meera Patel,Electronics,Fees,Is installment payment available for tuition fees?,High,2026-06-29,Portal
Q00065,Simran Das,Electrical Engineering,Tech,The portal is showing an error while submitting my form.,High,2026-08-01,Email
Q01471,Aman Sharma,Mathematics,EXAMINATION,When will the examination timetable be released?,High,2026-01-23,Email
Q00420,Sakshi Joshi,Mechanical, Scholarship ,What documents are required for scholarship verification?,Medium,2026-05-24,Email
Q02194,Kavya Verma,Mathematics,Fee,Can I download my fee payment receipt?,Medium,2026-07-14,Portal
Q01742,Aarav Khan,Electrical Engineering,scholarship,What are the eligibility criteria for the scholarship?,High,2026-03-12,Email
Q03769,Vikram Khan,Mechanical,Hostel,How can I apply for hostel accommodation?,Low,2026-07-06,Email
Q01331,Bhavya Singh,Mathematics,Scholarship,When will the scholarship results be announced?,High,2026-04-19,Email
Q01087,Ishaan Sharma,Business Administration, Fees ,Is installment payment available for tuition fees?,Medium,2026-07-10,Portal
Q04436,Varun Das,Business Administration,scholarship,What are the eligibility criteria for the scholarship?,Low,2026-04-12,Helpdesk
Q02056,Rahul Sharma,Computer Science,examination,I am unable to see my examination result.,medium,2026-05-09,Email
Q00159,Manav Das,Civil,technical,I am unable to access my student portal.,High,2026-08-14,Email
Q02901,Varun Singh,Business Administration, Fees ,What is the last date for paying the semester fee?,High,2026-04-14,Portal
Q00497,Nitin Verma,Information Technology,Scholarship,When will the scholarship results be announced?,Medium,2026-01-30,Portal
Q04675,Ankit Joshi,Biotechnology,Hostel,How can I contact the hostel administration?,Low,2026-06-02,Helpdesk
Q02484,Manav Sharma,Biotechnology,admissions,How can I check the status of my admission application?,Low,2026-05-27,Chat
Q04246,Rahul Mehta,Biotechnology,Fee,is installment payment available for tuition fees?,Medium,2026-03-16,Chat
Q04494,Sakshi Kumar,Electrical Engineering,ADMISSIONS,I need help with the admission registration process.,Medium,2026-03-17,Chat
Q04046,Isha Joshi,Biotechnology,technical,The portal is showing an error while submitting my form. Kindly provide guidance.,HIGH,2026-05-27,Email
Q03159,Aditya Joshi,Mechanical,,When will the next admission merit list be published?,High,2026-05-13,Helpdesk
Q04110,Isha Khan,Computer Science,examination,How can I download my hall ticket?,High,2026-08-15,Chat
Q05002,Rohan Kumar,Computer Science,Exam,What is the process for applying for revaluation?,Low,2026-08-02,Portal
Q02098,Manav Das,Physics,,When will the scholarship results be announced? Kindly provide guidance.,Low,2026-06-22,Portal
Q04431,Ankit Gupta,Electronics,Technical,I forgot my portal password and cannot log in.,Medium,2026-08-26,Helpdesk
Q00317,Sanjay Das,Civil,FEES,Can I download my fee payment receipt? Kindly provide guidance.,Low,2026-01-12,Helpdesk
Q01336,Priya Gupta,Physics,Scholarships,What documents are required for scholarship verification? Kindly provide guidance.,Medium,2026-05-10,Helpdesk
Q01664,Rohan Das,Business Administration,EXAMINATION,What is the process for applying for revaluation?,High,2026-02-06,Chat
Q04962,Aditi Joshi,Mechanical,Admission,Can I change my selected programme after admission?,Low,2026-04-02,Email
Q01255,Rohan Singh,Physics,Examinations,I am unable to see my examination result.,Medium,2026-01-29,Portal
Q01502,Simran Mehta,Physics,Fee,Please help. My fee payment was deducted but is not showing in the portal.,Medium,2026-07-06,Helpdesk
Q00755,Bhavya Mehta,Electronics,TECHNICAL,I am unable to access my student portal.,High ,2026-03-04,Email
Q03400,Nitin Das,Electrical Engineering,Hostel,Please help. When will the hostel allotment list be announced?,Medium,2026-03-02,Chat
Q01099,Kavya Das,Electrical Engineering,Scholarship,What documents are required for scholarship verification?,Medium,2026-07-22,Helpdesk
Q00221,Shreya Joshi,Mechanical,hostel,When will the hostel allotment list be announced?,Low,2026-05-15,Portal
Q04014,Manav Kumar, Biotechnology , admissions ,When will the next admission merit list be published?,High,2026-07-24,Email
Q00370,Aditya Das,Electronics,Examination,My exam centre details are not visible in the portal.,High,2026-04-11,Helpdesk
Q00277,Varun Das,Physics,examination,My exam centre details are not visible in the portal.,High,2026-03-22,Chat
Q04316,Sakshi Das,Physics,SCHOLARSHIP,how can i apply for a student scholarship?,High,2026-07-19,Helpdesk
Q01250,Karan Kumar,Electronics,SCHOLARSHIP,What documents are required for scholarship verification?,MEDIUM,2026-02-02,Helpdesk
Q02594,Karan Joshi,Physics,fees,My fee payment was deducted but is not showing in the portal.,High,2026-08-01,Email
Q00068,Simran Gupta,Physics,ADMISSIONS,,Medium,2026-03-07,Helpdesk
Q02729,Shreya Kumar,Computer Science,hostel,,Medium,2026-05-31,Helpdesk
Q03929,Ananya Kumar,Physics,Fee,What is the last date for paying the semester fee?,Medium,2026-08-29,Helpdesk
Q03393,Simran Joshi,Physics,scholarship,How can I apply for a student scholarship?,medium,2026-01-06,Portal
Q01392,Aarav Kumar,Physics,fees,How can I pay my semester fee online?,Medium,2026-02-03,Chat
Q03506,Vikram Verma,Civil, Examination ,How can I download my hall ticket?,Low,2026-02-28,Email
Q00022,Sneha Kumar,Biotechnology,ADMISSIONS,Can I change my selected programme after admission? Kindly provide guidance.,Medium,2026-07-03,Helpdesk
Q01242,Bhavya Khan,Physics,,My dashboard is not loading properly.,Medium,2026-01-26,Email
Q02320,Bhavya Das,Physics,Exam,How can I download my hall ticket?,Low,2026-03-25,Email
Q00813,Aditya Das,Electrical Engineering,examination,How can I download my hall ticket?,Medium,2026-04-15,Portal
Q02865,Kavya Das,Civil,Admissions,Please help. Can I change my selected programme after admission?,Low,2026-06-29,Portal
Q01727,Rahul Mehta,Biotechnology,EXAMINATION,When will the examination timetable be released?,Medium,2026-07-31,Portal
Q04400,Rahul Mehta,Electronics,Fee,Is installment payment available for tuition fees?,Low,2026-07-17,Helpdesk
Q01207,Pooja Patel,Mechanical,FEES,Is installment payment available for tuition fees?,Medium,2026-05-27,Portal
Q03777,Vikram Sharma,Mechanical, admissions ,I need help with the admission registration process.,Low,2026-05-12,Chat
Q04813,Bhavya Mehta, Mechanical ,scholarship,My scholarship application status is pending.,High,2026-02-28,Email
Q04767,Priya Kumar,Electronics,Fee,,Low,2026-04-01,Email
Q02076,Ishaan Khan,Mathematics,,,Low,2026-01-14,Chat
Q00035,Tanvi Verma,Mechanical, Examination ,My exam centre details are not visible in the portal.,Medium,2026-02-10,Helpdesk
Q02977,Sakshi Das,Electronics,EXAMINATION,Please help. I am unable to see my examination result.,High,2026-03-26,Chat
Q00644,Ankit Joshi,Mechanical,Scholarships,My scholarship application status is pending.,High,2026-02-11,Chat
Q02941,Meera Kumar,Electronics,fees,What is the last date for paying the semester fee?,low,2026-07-07,Email
Q03392,Aman Verma,Computer Science,Admission,When will the next admission merit list be published?,Low,2026-07-09,Email
Q01503,Aditi Mehta,INFORMATION TECHNOLOGY, Technical ,My dashboard is not loading properly.,High,2026-08-30,Email
Q04341,Divya Gupta,Business Administration, admissions ,When will the next admission merit list be published?,Low,2026-03-30,Chat
Q02244,Meera Gupta,BUSINESS ADMINISTRATION,FEES,Is installment payment available for tuition fees?,Medium,2026-08-11,Portal
Q03696,Rohit Sharma,Electronics, Hostel ,Please help. How can I apply for hostel accommodation?,Medium,2026-05-03,Chat
Q02971,Nitin Singh,Electrical Engineering,Technical,The portal is showing an error while submitting my form. Kindly provide guidance.,MEDIUM,2026-06-24,Helpdesk
Q05062,Priya Das,Mechanical,admissions,Please help. I need help with the admission registration process.,Medium,2026-07-22,Chat
Q03092,Simran Singh,Mechanical, Scholarship ,How can I apply for a student scholarship? Kindly provide guidance.,Medium,2026-07-08,Portal
Q03618,Rohan Kumar,Mechanical,ADMISSIONS,Can I change my selected programme after admission?,High,2026-05-30,Email
Q03751,Pooja Gupta,Electrical Engineering,examination,When will the examination timetable be released?,Medium,2026-07-13,Email
Q04977,Bhavya Das,Mathematics, Fees ,My fee payment was deducted but is not showing in the portal.,High,2026-02-28,Portal
Q04270,Ishaan Joshi,Electrical Engineering,hostel,How can I contact the hostel administration?,Medium,2026-03-21,Chat
Q04491,Aditi Khan,Mechanical,Hostel,When will the hostel allotment list be announced?,High,2026-08-16,Helpdesk
Q00600,Aditi Gupta,Physics,Hostel,when will the hostel allotment list be announced?,Medium,2026-08-18,Email
Q01313,Divya Patel,Electrical Engineering,Examination,When will the examination timetable be released?,LOW,2026-05-06,Helpdesk
Q00707,Sakshi Patel,Mechanical,Exam,My exam centre details are not visible in the portal.,Medium,2026-05-15,Chat
Q01478,Neha Sharma,Business Administration,EXAMINATION,my exam centre details are not visible in the portal.,medium,2026-01-23,Portal
Q04949,Manav Joshi,Computer Science,Examination,how can i download my hall ticket?,Medium,2026-06-02,Helpdesk
Q04135,Isha Mehta,Mathematics, Technical ,the portal is showing an error while submitting my form.,High,2026-03-14,Email
Q02216,Riya Joshi,Biotechnology,Scholarships,When will the scholarship results be announced? Kindly provide guidance.,LOW,2026-05-06,Helpdesk
Q02088,Tanvi Joshi,Electrical Engineering,Exam,Please help. My exam centre details are not visible in the portal.,Medium,2026-02-19,Email
Q03238,Isha Khan,Mechanical,technical,Please help. The portal is showing an error while submitting my form.,High,2026-08-18,Chat
Q02445,Harsh Das,Business Administration,FEES,Is installment payment available for tuition fees? Kindly provide guidance.,Medium,2026-08-16,Email
Q05027,Divya Kumar,Mechanical,TECHNICAL,I am unable to access my student portal.,High,2026-05-09,Portal
Q03942,Vikram Khan,Physics,,My scholarship application status is pending.,Medium,2026-01-22,Portal
Q04375,Ishaan Mehta,Physics, Scholarship ,How can I apply for a student scholarship? Kindly provide guidance.,Low,2026-06-07,Email
Q05132,Harsh Khan,Mathematics, Scholarship ,When will the scholarship results be announced?,Medium,2026-02-24,Helpdesk
Q04309,Vikram Verma,Computer Science,Accommodation,How can I apply for hostel accommodation? Kindly provide guidance.,Low,2026-05-20,Chat
Q01468,Manav Das,Civil,Exam,what is the process for applying for revaluation?,Medium,2026-08-18,Email
Q01056,Nisha Mehta,Mechanical,SCHOLARSHIP,When will the scholarship results be announced?,Medium,2026-04-13,Portal
Q00495,Ankit Gupta,CIVIL,Admissions,What documents are required for admission verification?,High,2026-05-06,Email
Q02312,Neha Mehta,Civil,Admissions,What documents are required for admission verification? Kindly provide guidance.,High,2026-06-02,Chat
Q04714,Payal Mehta, Physics ,Exam,Please help. What is the process for applying for revaluation?,Medium,2026-08-01,Email
Q04446,Aditya Gupta,Information Technology,Scholarships,When will the scholarship results be announced? Kindly provide guidance.,High,2026-08-16,Helpdesk
Q04340,Aditya Mehta,Mathematics,TECHNICAL,I am unable to access my student portal.,Medium,2026-08-21,Chat
Q01712,Neha Khan,Electronics,technical,,Medium,2026-02-06,Email
Q04371,Aditi Joshi,Mathematics, Scholarship ,,Medium,2026-02-11,Portal
Q00799,Ananya Khan,Mathematics, Fees ,Can I download my fee payment receipt? Kindly provide guidance.,Medium,2026-08-22,Helpdesk
Q00468,Neha Joshi,Electronics,Admission,How can I check the status of my admission application?,Medium,2026-08-02,Chat
Q03653,Sakshi Khan,Civil,Admission,How can I check the status of my admission application?,Medium,2026-06-22,Chat
Q02331,Isha Khan,Electrical Engineering,Scholarship,My scholarship application status is pending.,Low,2026-07-24,Portal
Q01598,Sneha Patel,Information Technology,Fee,Can I download my fee payment receipt? Kindly provide guidance.,Low,2026-05-01,Chat
Q03405,Manav Joshi,Electrical Engineering, Hostel ,What is the process for changing my hostel room?,Low,2026-03-02,Helpdesk
Q02177,Rohit Kumar,Computer Science,Examination,When will the examination timetable be released?,Medium,2026-01-20,Helpdesk
Q02522,Aman Das,Mathematics, admissions ,When will the next admission merit list be published?,Medium,2026-08-08,Helpdesk
Q00477,Yash Singh,Physics, Fees ,Is installment payment available for tuition fees?,Medium,2026-07-15,Chat
Q02344,Ishaan Singh,business administration,examination,When will the examination timetable be released?,MEDIUM,2026-01-09,Chat
Q01113,Aman Kumar,Mathematics, admissions ,,Medium,2026-05-15,Chat
Q02159,Rahul Joshi,Computer Science,fees,,low,2026-06-21,Chat
Q05093,Kavya Verma,Biotechnology,FEES,Is installment payment available for tuition fees?,Medium,2026-07-18,Helpdesk
Q01217,Simran Kumar,Business Administration,Fees,Is installment payment available for tuition fees?,High,2026-06-16,Portal
Q01570,Rohit Kumar,Information Technology,Accommodation,I have a problem with my hostel room facilities.,High,2026-02-11,Portal
Q02336,Karan Gupta,Computer Science,hostel,How can I contact the hostel administration?,High,2026-07-20,Portal
Q00726,Meera Verma,Business Administration, Fees ,Can I download my fee payment receipt?,Medium,2026-08-16,Helpdesk
Q02447,Bhavya Das,Electronics,scholarship,What documents are required for scholarship verification?,Low,2026-04-13,Chat
Q02997,Tanvi Patel,Computer Science,Examination,How can I download my hall ticket?,Medium,2026-04-26,Helpdesk
Q04992,Yash Verma,Business Administration,scholarship,What documents are required for scholarship verification? Kindly provide guidance.,Low,2026-01-24,Chat
Q04405,Harsh Das,Biotechnology,Fee,How can I pay my semester fee online?,Medium,2026-04-01,Email
Q01020,Isha Das,Civil, Fees ,Please help. Is installment payment available for tuition fees?,Medium,2026-07-18,Chat
Q04630,Yash Gupta,Information Technology,Tech,I forgot my portal password and cannot log in.,High,2026-05-23,Portal
Q04703,Karan Joshi,Computer Science,Examinations,Please help. My exam centre details are not visible in the portal.,Low,2026-02-03,Chat
Q00647,Priya Kumar,Mechanical, Fees ,My fee payment was deducted but is not showing in the portal.,High,2026-02-25,Helpdesk
Q00992,Shreya Mehta,Mathematics,fees,Can I download my fee payment receipt?,low,2026-08-28,Portal
Q00710,Aman Joshi,Mathematics, Examination ,My exam centre details are not visible in the portal.,High,2026-06-10,Email
Q02923,Aarav Verma,Mechanical,FEES,My fee payment was deducted but is not showing in the portal.,Medium,2026-07-25,Chat
Q04264,Shreya Sharma,Business Administration, Fees ,Can I download my fee payment receipt?,Medium,2026-02-04,Email
Q04058,Ishaan Joshi,Mathematics,Admissions,can i change my selected programme after admission?,Low,2026-04-16,Chat
Q02593,Vikram Mehta,Mechanical,Examination,What is the process for applying for revaluation?,High,2026-07-05,Email
Q04580,Ananya Das,Computer Science,FEES,my fee payment was deducted but is not showing in the portal.,Medium,2026-08-03,Helpdesk
Q04167,Riya Singh,Electronics,ADMISSIONS,What documents are required for admission verification?,Medium,2026-01-18,Chat
Q03945,Arjun Gupta,Mechanical, Scholarship ,My scholarship application status is pending. Kindly provide guidance.,High,2026-08-08,Chat
Q01160,Aman Verma,Mathematics,Tech,my dashboard is not loading properly.,Low,2026-08-30,Helpdesk
Q03911,Tanvi Joshi,Mathematics,Admission,How can I check the status of my admission application?,Medium,2026-07-17,Helpdesk
Q02857,Priya Sharma,Computer Science,fees,Can I download my fee payment receipt?,Low,2026-03-28,Chat
Q02468,Ananya Gupta,Information Technology,technical,I forgot my portal password and cannot log in.,Low,2026-07-12,Helpdesk
Q01137,Aarav Sharma,Biotechnology,hostel,How can I contact the hostel administration?,High,2026-05-30,Email
Q01405,Sakshi Joshi,Business Administration, Scholarship ,My scholarship application status is pending.,Medium,2026-04-10,Email
Q02105,Arjun Patel,Information Technology,hostel,When will the hostel allotment list be announced?,High ,2026-03-24,Helpdesk
Q02424,Neha Mehta,Business Administration,EXAMINATION,My exam centre details are not visible in the portal.,Medium,2026-05-30,Chat
Q03486,Tanvi Sharma,Mathematics,EXAMINATION,My exam centre details are not visible in the portal.,Medium,2026-07-01,Portal
Q01172,Payal Patel,Biotechnology,Fees,Is installment payment available for tuition fees?,Medium,2026-03-23,Email
Q00663,Sakshi Gupta,Biotechnology,admissions,When will the next admission merit list be published?,Low,2026-06-04,Helpdesk
Q01271,Harsh Gupta,Information Technology,Technical,I am unable to access my student portal. Kindly provide guidance.,High,2026-05-30,Chat
Q01661,Meera Singh,Mechanical,FEES,How can I pay my semester fee online?,Medium,2026-02-27,Portal
Q02144,Sneha Kumar,Biotechnology,Examination,I am unable to see my examination result.,High,2026-02-26,Helpdesk
Q03072,Rahul Khan,ELECTRICAL ENGINEERING,Fees,Can I download my fee payment receipt?,Medium,2026-03-27,Helpdesk
Q03394,Payal Sharma,Civil,Admission,when will the next admission merit list be published?,Medium,2026-07-04,Helpdesk
Q00395,Karan Singh,Mechanical,admissions,What documents are required for admission verification?,Medium,2026-04-06,Helpdesk
Q00115,Harsh Mehta,Biotechnology,ADMISSIONS,How can I check the status of my admission application?,Medium,2026-08-16,Portal
Q02280,Priya Sharma,Computer Science,Technical,The portal is showing an error while submitting my form.,High,2026-03-01,Portal
Q01755,Harsh Khan,Computer Science, admissions ,I need help with the admission registration process.,Medium,2026-06-16,Email
Q01888,Bhavya Singh,Information Technology,Exam,How can I download my hall ticket?,Medium,2026-02-17,Helpdesk
Q03018,Ishaan Singh,Electrical Engineering, admissions ,How can I check the status of my admission application?,High,2026-03-10,Helpdesk
Q01203,Varun Patel,Physics,Examination,When will the examination timetable be released?,Medium,2026-02-27,Email
Q04672,Tanvi Kumar,Electronics,hostel,I have a problem with my hostel room facilities. Kindly provide guidance.,Medium,2026-05-18,Email
Q04748,Harsh Gupta,Biotechnology,SCHOLARSHIP,What documents are required for scholarship verification?,Low,2026-02-22,Chat
Q04707,Sneha Mehta,Computer Science, Hostel ,What is the process for changing my hostel room?,Medium,2026-03-01,Portal
Q02462,Aarav Gupta,Civil,ADMISSIONS,When will the next admission merit list be published?,Medium,2026-06-10,Email
Q01754,Aditya Mehta,Civil, Hostel ,When will the hostel allotment list be announced?,Low,2026-06-24,Email
Q04954,Arjun Kumar,Mechanical,Technical,My dashboard is not loading properly.,Medium,2026-05-21,Portal
Q01303,Varun Joshi,Information Technology,Fees,how can i pay my semester fee online?,Low,2026-06-07,Email
Q02399,Priya Mehta,Business Administration,examination,my exam centre details are not visible in the portal.,Low,2026-08-23,Portal
Q01397,Aditi Joshi,Civil,technical,I forgot my portal password and cannot log in.,Medium,2026-08-26,Helpdesk
Q00351,Ankit Sharma,Biotechnology,Admissions,How can I check the status of my admission application?,High,2026-08-21,Portal
Q00963,Aditya Khan,Electronics,Hostel,How can I contact the hostel administration?,High,2026-02-23,Email
Q00840,Shreya Gupta,Computer Science,admissions,When will the next admission merit list be published?,Low,2026-01-06,Helpdesk
Q04266,Aditya Sharma,Computer Science, admissions ,When will the next admission merit list be published?,Medium,2026-07-13,Portal
Q02830,Aditi Verma,Business Administration, Hostel ,How can I contact the hostel administration?,Medium,2026-01-01,Chat
Q00110,Tanvi Verma,Computer Science,Scholarships,How can I apply for a student scholarship?,High,2026-04-05,Helpdesk
Q04790,Shreya Mehta,physics,SCHOLARSHIP,how can i apply for a student scholarship?,Medium,2026-04-24,Helpdesk
Q02832,Manav Kumar,Mathematics,EXAMINATION,what is the process for applying for revaluation?,Medium,2026-03-05,Portal
Q02654,Pooja Patel,Mathematics,,Please help. When will the next admission merit list be published?,Medium,2026-04-26,Helpdesk
Q00095,Aditi Singh,Mechanical, Scholarship ,My scholarship application status is pending.,Low,2026-06-12,Helpdesk
Q03666,Payal Kumar,Information Technology,Hostel,When will the hostel allotment list be announced?,High ,2026-08-20,Portal
Q04197,Ankit Singh,Biotechnology,FEES,How can I pay my semester fee online?,High,2026-02-24,Chat
Q01674,Neha Das,Information Technology,TECHNICAL,I forgot my portal password and cannot log in.,High,2026-03-16,Email
Q00007,Aditya Joshi,Business Administration,fees,My fee payment was deducted but is not showing in the portal.,Medium,2026-04-28,Chat
Q01041,Ananya Sharma,Information Technology,Examinations,I am unable to see my examination result.,Medium,2026-01-07,Email
Q01291,Aditya Patel,Civil,scholarship,What are the eligibility criteria for the scholarship?,Medium,2026-01-17,Email
Q04900,Kavya Sharma,InformationTechnology,Fee,what is the last date for paying the semester fee?,Low,2026-04-26,Helpdesk
Q00378,Pooja Verma,Computer Science,TECHNICAL,i am unable to access my student portal.,Medium,2026-03-28,Helpdesk
Q04296,Sakshi Khan,Mathematics,fees,My fee payment was deducted but is not showing in the portal.,Medium,2026-08-02,Helpdesk
Q01906,Priya Khan,Biotechnology,Scholarships,When will the scholarship results be announced?,High,2026-08-07,Portal
Q02629,Ankit Verma,Mathematics,EXAMINATION,How can I download my hall ticket?,Low,2026-06-25,Portal
Q00016,Kavya Verma,Civil, Technical ,,High,2026-06-30,Portal
Q04364,Tanvi Das,Information Technology,Admission,When will the next admission merit list be published?,Medium,2026-07-28,Email
Q03329,Aman Patel,Civil,FEES,How can I pay my semester fee online?,Medium,2026-01-31,Helpdesk
Q02970,Meera Khan,Electrical Engineering, Scholarship ,When will the scholarship results be announced?,Low,2026-08-26,Email
Q02673,Karan Joshi,Computer Science,TECHNICAL,Please help. I am unable to access my student portal.,Medium,2026-05-21,Helpdesk
Q01023,Neha Joshi,Computer Science, Examination ,I am unable to see my examination result.,Medium,2026-01-04,Helpdesk
Q04407,Bhavya Mehta,Civil, Scholarship ,When will the scholarship results be announced?,Medium,2026-08-08,Portal
Q04308,Ishaan Joshi,Electronics,Examinations,I am unable to see my examination result.,Medium,2026-04-06,Portal
Q01650,Harsh Patel,Mechanical, admissions ,How can I check the status of my admission application?,Medium,2026-02-10,Chat
Q04544,Manav Gupta,Biotechnology, Technical ,I forgot my portal password and cannot log in.,High,2026-07-20,Email
Q02035,Simran Kumar,Biotechnology,Accommodation,What is the process for changing my hostel room?,Low,2026-07-14,Helpdesk
Q00709,Sakshi Singh,Electronics,Tech,My dashboard is not loading properly.,High,2026-06-28,Portal
Q04154,Tanvi Gupta,Civil,Scholarship,How can I apply for a student scholarship? Kindly provide guidance.,Low,2026-05-05,Portal
Q04542,Shreya Khan,Physics,Admission,how can i check the status of my admission application?,High,2026-08-18,Email
Q00491,Pooja Kumar,Civil,Scholarships,When will the scholarship results be announced?,Low,2026-03-20,Helpdesk
Q00897,Aman Das,Information Technology,ADMISSIONS,I need help with the admission registration process.,Medium,2026-08-21,Chat
Q00410,Payal Khan,Mathematics,fees,Can I download my fee payment receipt?,Low,2026-01-19,Portal
Q03907,Rohan Khan,Electrical Engineering,Examinations,How can I download my hall ticket?,Medium,2026-01-04,Portal
Q03794,Ishaan Sharma,Civil,Accommodation,i have a problem with my hostel room facilities.,Medium,2026-08-18,Portal
Q01560,Sanjay Khan,Computer Science,Examinations,How can I download my hall ticket?,High,2026-06-03,Chat
Q02870,Harsh Verma, Biotechnology ,Admission,Can I change my selected programme after admission?,High,2026-04-02,Email
Q01829,Rohit Das,Physics,Examinations,my exam centre details are not visible in the portal.,High,2026-08-05,Helpdesk
Q03511,Simran Verma,Information Technology,Admissions,I need help with the admission registration process.,Medium,2026-01-11,Chat
Q03207,Shreya Patel,Electronics,,I forgot my portal password and cannot log in.,High,2026-03-20,Chat
Q04562,Priya Khan,Mathematics,Scholarships,Please help. When will the scholarship results be announced?,Medium,2026-06-18,Email
Q05114,Sanjay Joshi,Biotechnology,technical,I forgot my portal password and cannot log in.,Medium,2026-05-01,Chat
Q04862,Neha Verma,mechanical,Admission,I need help with the admission registration process.,High,2026-01-18,Portal
Q01745,Sanjay Khan,Electronics,Exam,What is the process for applying for revaluation?,High,2026-08-27,Helpdesk
Q04874,Manav Singh,Physics, Scholarship ,When will the scholarship results be announced?,High,2026-05-01,Helpdesk
Q03889,Manav Kumar,Civil,ADMISSIONS,How can I check the status of my admission application?,High,2026-03-05,Chat
Q05057,Ananya Patel,Biotechnology, admissions ,what documents are required for admission verification?,Medium,2026-02-11,Helpdesk
Q04816,Rahul Verma,Biotechnology,scholarship,Please help. What are the eligibility criteria for the scholarship?,Medium,2026-07-02,Helpdesk
Q04412,Yash Joshi,Computer Science,Fees,What is the last date for paying the semester fee?,Medium,2026-06-09,Chat
Q02513,Bhavya Patel,Information Technology,fees,My fee payment was deducted but is not showing in the portal.,High,2026-05-31,Chat
Q03866,Yash Joshi,Computer Science,TECHNICAL,My dashboard is not loading properly.,Medium,2026-07-09,Chat
Q02094,Aditya Patel,Physics, Fees ,Can I download my fee payment receipt?,Low,2026-04-10,Email
Q01910,Vikram Mehta,BusinessAdministration, Technical ,The portal is showing an error while submitting my form.,Medium,2026-05-06,Chat
Q02567,Aman Kumar,Physics, Scholarship ,My scholarship application status is pending.,Medium,2026-02-16,Helpdesk
Q03472,Ananya Gupta,Business Administration,Examination,When will the examination timetable be released?,Low,2026-05-31,Email
Q04914,Rohan Patel,Mathematics,HOSTEL,What is the process for changing my hostel room?,Medium,2026-08-26,Portal
Q04099,Isha Joshi,Civil,Scholarships,What documents are required for scholarship verification? Kindly provide guidance.,Medium,2026-02-03,Email
Q01533,Harsh Kumar,Mathematics,examination,I am unable to see my examination result.,Medium,2026-06-16,Email
Q04619,Neha Patel, Civil ,FEES,How can I pay my semester fee online?,Low,2026-01-24,Email
Q04560,Rahul Sharma,Information Technology,fees,What is the last date for paying the semester fee?,Medium,2026-04-24,Email
Q03372,Shreya Kumar,Physics, admissions ,what documents are required for admission verification?,High,2026-05-04,Portal
Q00151,Harsh Mehta,Physics,Scholarship,Please help. When will the scholarship results be announced?,Low,2026-02-12,Portal
Q02060,Meera Patel,Electrical Engineering,Scholarships,What are the eligibility criteria for the scholarship?,Medium,2026-08-27,Portal
Q03198,Ananya Sharma,Mechanical,,My scholarship application status is pending. Kindly provide guidance.,Medium,2026-02-26,Helpdesk
Q03605,Neha Joshi,Computer Science,fees,Can I download my fee payment receipt?,Medium,2026-07-18,Email
Q04763,Ananya Khan,Civil,ADMISSIONS,What documents are required for admission verification?,low,2026-08-18,Helpdesk
Q01915,Meera Joshi,Computer Science,Examinations,How can I download my hall ticket?,High,2026-01-29,Chat
Q02140,Aarav Gupta,Physics,Accommodation,How can I contact the hostel administration?,High,2026-08-03,Email
Q04030,Rohan Verma,Civil,Technical,I cannot upload my assignment due to a system error.,Medium,2026-08-10,Portal
Q02550,Simran Khan,Business Administration,fees,How can I pay my semester fee online?,Medium,2026-04-13,Portal
Q02148,Isha Das,electrical engineering,Hostel,Please help. When will the hostel allotment list be announced?,Medium,2026-03-11,Chat
Q00083,Rohan Kumar,Computer Science,Technical,I cannot upload my assignment due to a system error.,Medium,2026-08-30,Chat
Q04192,Payal Singh,Mechanical,fees,Is installment payment available for tuition fees?,High,2026-03-03,Portal
Q00287,Pooja Mehta,Mathematics,Tech,I forgot my portal password and cannot log in.,Low,2026-04-11,Chat
Q02753,Aditya Singh,Business Administration,Admission,what documents are required for admission verification?,Low,2026-07-27,Chat
Q01594,Aditi Gupta,Electronics,SCHOLARSHIP,How can I apply for a student scholarship?,Medium,2026-04-19,Chat
Q04884,Varun Das,Mechanical,Scholarships,My scholarship application status is pending. Kindly provide guidance.,Medium,2026-03-14,Helpdesk
Q02096,Arjun Singh,Information Technology, Hostel ,Please help. How can I contact the hostel administration?,Medium,2026-08-04,Helpdesk
Q04020,Pooja Khan,Biotechnology,examination,I am unable to see my examination result.,Low,2026-06-08,Helpdesk
Q03922,Bhavya Kumar,Mechanical,Tech,I am unable to access my student portal.,Medium,2026-04-17,Email
Q03760,Pooja Khan,Electronics,Scholarship,What documents are required for scholarship verification?,High,2026-07-18,Chat
Q02952,Aman Verma,Computer Science,EXAMINATION,How can I download my hall ticket?,High,2026-06-01,Portal
Q01394,Ankit Singh,Physics,TECHNICAL,My dashboard is not loading properly.,Medium,2026-08-06,Portal
Q01637,Neha Mehta,Computer Science,Admissions,Please help. When will the next admission merit list be published?,MEDIUM,2026-06-13,Chat
Q01553,Tanvi Patel,Physics, Technical ,I am unable to access my student portal.,High,2026-03-17,Email
Q02028,Ishaan Singh,Mathematics,admissions,What documents are required for admission verification?,Low,2026-02-01,Helpdesk
Q00396,Sakshi Sharma,Physics, Examination ,Please help. My exam centre details are not visible in the portal.,Low,2026-05-29,Chat
Q03022,Simran Joshi,Mechanical, Technical ,I am unable to access my student portal.,Low,2026-08-12,Helpdesk
Q02319,Aditya Sharma,Information Technology,Fee,Is installment payment available for tuition fees?,Medium,2026-07-28,Chat
Q00716,Bhavya Gupta,Electrical Engineering,Technical,I cannot upload my assignment due to a system error.,High,2026-08-05,Portal
Q01287,Aarav Gupta,Mathematics,,I have a problem with my hostel room facilities.,Medium,2026-06-22,Helpdesk
Q00183,Varun Gupta,Information Technology,admissions,I need help with the admission registration process.,Low,2026-08-15,Portal
Q04727,Varun Kumar,Physics,Fee,Is installment payment available for tuition fees?,Low,2026-04-20,Portal
Q04184,Priya Das,Electronics,Fees,Is installment payment available for tuition fees?,Medium,2026-02-27,Email
Q00247,Kavya Gupta,Information Technology,Exam,What is the process for applying for revaluation?,High,2026-05-24,Helpdesk
Q03447,Ishaan Khan,Computer Science, Fees ,Can I download my fee payment receipt?,Medium,2026-05-28,Helpdesk
Q03706,Pooja Mehta,biotechnology,,I need help with the admission registration process.,Low,2026-06-28,Portal
Q03613,Aditya Khan,Civil, Technical ,I am unable to access my student portal.,Low,2026-06-14,Chat
Q01740,Isha Khan,Civil,,I am unable to access my student portal.,Medium,2026-03-26,Portal
Q03800,Aditi Gupta,Civil,Technical,The portal is showing an error while submitting my form.,Low,2026-04-09,Helpdesk
Q01971,Bhavya Singh,Electronics,FEES,How can I pay my semester fee online?,Low,2026-06-21,Email
Q02716,Aarav Patel,Computer Science,Technical,My dashboard is not loading properly.,Medium,2026-08-29,Chat
Q04879,Neha Das,Physics,fees,Is installment payment available for tuition fees?,Low,2026-04-22,Chat
Q03877,Ishaan Das,Civil,examination,I am unable to see my examination result.,Medium,2026-03-01,Email
Q03949,Aditya Mehta,Physics,Scholarship,When will the scholarship results be announced?,Medium,2026-05-18,Email
Q05040,Nisha Kumar,Mathematics,Admission,How can I check the status of my admission application? Kindly provide guidance.,Low,2026-08-07,Portal
Q04776,Sakshi Joshi,Electronics,Examinations,What is the process for applying for revaluation?,Low,2026-04-30,Chat
Q04853,Payal Das,Civil,Hostel,How can I apply for hostel accommodation?,Medium,2026-05-15,Chat
Q04480,Riya Gupta,Mechanical, Technical ,I forgot my portal password and cannot log in.,Medium,2026-01-14,Email
Q03757,Yash Verma,Electronics,Examinations,How can I download my hall ticket?,Low,2026-06-24,Helpdesk
Q03532,Arjun Patel,Physics,Scholarships,When will the scholarship results be announced? Kindly provide guidance.,Low,2026-02-07,Chat
Q02939,Aarav Das,Physics,scholarship,When will the scholarship results be announced?,Low,2026-03-05,Helpdesk
Q00590,Rahul Kumar,Electronics,hostel,When will the hostel allotment list be announced?,Low,2026-07-20,Chat
Q03213,Karan Verma,Business Administration,Examinations,What is the process for applying for revaluation?,High,2026-03-09,Portal
Q00576,Aditi Khan,Business Administration,Technical,The portal is showing an error while submitting my form.,Low,2026-01-07,Email
Q02067,Payal Joshi,Electronics,TECHNICAL,The portal is showing an error while submitting my form.,LOW,2026-04-19,Portal
Q02656,Kavya Singh,Business Administration,Fee,What is the last date for paying the semester fee?,Low,2026-03-28,Email
Q03292,Isha Singh,Electronics,Admissions,Please help. What documents are required for admission verification?,Medium,2026-03-19,Chat
Q03113,Divya Joshi,Civil,TECHNICAL,I cannot upload my assignment due to a system error.,Low,2026-06-08,Portal
Q00482,Yash Patel,Electrical Engineering,scholarship,My scholarship application status is pending.,High,2026-07-03,Chat
Q03759,Aditi Das,Information Technology,fees,Is installment payment available for tuition fees?,High,2026-06-27,Helpdesk
Q01315,Vikram Das,Mathematics,Scholarship,When will the scholarship results be announced?,Low,2026-04-07,Portal
Q04556,Bhavya Sharma,Mechanical,Admission,When will the next admission merit list be published? Kindly provide guidance.,Medium,2026-06-17,Helpdesk
Q00882,Harsh Kumar,Physics,examination,My exam centre details are not visible in the portal. Kindly provide guidance.,High,2026-03-03,Email
Q02884,Aditi Singh,Biotechnology,Admission,What documents are required for admission verification?,Medium,2026-08-28,Portal
Q00904,Harsh Gupta,Information Technology,technical,,Medium,2026-07-22,Email
Q04207,Karan Das,Biotechnology,Accommodation,How can I contact the hostel administration?,Medium,2026-04-02,Chat
Q02501,Nisha Sharma,Mathematics,fees,Please help. Can I download my fee payment receipt?,Medium,2026-07-09,Portal
Q03226,Karan Sharma,Information Technology,Admission,Can I change my selected programme after admission?,Medium,2026-05-12,Chat
Q04309,Vikram Verma,Computer Science,Accommodation,How can I apply for hostel accommodation? Kindly provide guidance.,Low,2026-05-20,Chat
Q00787,Meera Kumar,Business Administration,HOSTEL,When will the hostel allotment list be announced?,Medium,2026-03-22,Helpdesk
Q05029,Kavya Verma,mathematics, Technical ,I forgot my portal password and cannot log in.,Medium,2026-07-20,Helpdesk
Q02482,Arjun Kumar,Computer Science, Scholarship ,my scholarship application status is pending.,High,2026-03-14,Chat
Q04981,Varun Mehta,Electronics,technical,Please help. I am unable to access my student portal.,Medium,2026-07-28,Helpdesk
Q01359,Isha Khan,Biotechnology,Hostel,When will the hostel allotment list be announced?,Medium,2026-05-29,Portal
Q01758,Arjun Patel,Biotechnology,Fee,What is the last date for paying the semester fee?,Medium,2026-06-28,Helpdesk
Q01134,Harsh Gupta,Mathematics,Technical,,High ,2026-01-28,Chat
Q02151,Vikram Verma,Biotechnology,Fees,How can I pay my semester fee online?,Medium,2026-03-14,Helpdesk
Q00135,Arjun Verma,INFORMATION TECHNOLOGY, Fees ,Can I download my fee payment receipt?,Medium,2026-06-25,Portal
Q00348,Harsh Singh,Physics,TECHNICAL,I cannot upload my assignment due to a system error.,High,2026-08-23,Email
Q00916,Simran Joshi,Physics,,Can I change my selected programme after admission?,Low,2026-07-08,Email
Q00481,Manav Singh,Information Technology,admissions,,Medium,2026-02-18,Helpdesk
Q03679,Aarav Khan,Computer Science,HOSTEL,How can I contact the hostel administration?,High,2026-05-17,Email
Q01248,Pooja Mehta, Electrical Engineering , Technical ,I cannot upload my assignment due to a system error.,Medium,2026-03-29,Email
Q00434,Manav Sharma,Mechanical, Hostel ,What is the process for changing my hostel room? Kindly provide guidance.,Medium,2026-03-02,Chat
Q00403,Ananya Mehta,Biotechnology, Technical ,I forgot my portal password and cannot log in.,Medium,2026-08-01,Chat
Q00969,Bhavya Sharma,Biotechnology,HOSTEL,How can I contact the hostel administration?,Low,2026-06-11,Portal
Q02554,Ankit Patel,Biotechnology, Examination ,When will the examination timetable be released?,Medium,2026-07-02,Helpdesk
Q02844,Pooja Verma,Electronics,HOSTEL,What is the process for changing my hostel room?,Medium,2026-07-13,Portal
Q04298,Meera Joshi,Biotechnology,Fees,How can I pay my semester fee online?,Medium,2026-05-10,Helpdesk
Q01401,Varun Das,Mechanical,Tech,Please help. I forgot my portal password and cannot log in.,Medium,2026-07-21,Portal
Q03367,Riya Das,Computer Science,Fee,Is installment payment available for tuition fees?,Medium,2026-05-09,Helpdesk
Q03963,Bhavya Patel,Biotechnology,Scholarships,How can I apply for a student scholarship?,High,2026-06-05,Email
Q01886,Sanjay Gupta,Computer Science,HOSTEL,When will the hostel allotment list be announced?,Medium,2026-06-18,Chat
Q00229,Rohit Kumar,Electronics,Fee,What is the last date for paying the semester fee?,Medium,2026-05-01,Email
Q02663,Varun Verma,Biotechnology,technical,I cannot upload my assignment due to a system error.,Medium,2026-05-25,Email
Q03775,Aditi Gupta,Computer Science,Fee,What is the last date for paying the semester fee?,High,2026-02-01,Email
Q01562,Riya Kumar,Electronics, Fees ,Is installment payment available for tuition fees? Kindly provide guidance.,Medium,2026-01-02,Helpdesk
Q04722,Sanjay Sharma,Electrical Engineering,Tech,I cannot upload my assignment due to a system error.,Medium,2026-07-25,Portal
Q02800,Aarav Gupta,Mathematics,admissions,I need help with the admission registration process.,Medium,2026-01-08,Chat
Q01835,Priya Sharma,Business Administration,FEES,My fee payment was deducted but is not showing in the portal.,Medium,2026-05-19,Chat
Q00910,Pooja Mehta,Business Administration,Tech,Please help. The portal is showing an error while submitting my form.,Low,2026-01-08,Portal
Q02418,Simran Gupta,Business Administration,TECHNICAL,My dashboard is not loading properly.,High,2026-04-09,Email
Q02740,Manav Khan,Business Administration,FEES,Is installment payment available for tuition fees?,Medium,2026-03-30,Email
Q03166,Neha Gupta,Information Technology,Fee,Can I download my fee payment receipt?,Medium,2026-08-26,Email
Q00344,Tanvi Singh,Business Administration,admissions,Can I change my selected programme after admission?,Medium,2026-05-17,Email
Q01942,Aditya Singh,Mathematics,examination,I am unable to see my examination result.,High,2026-07-16,Chat
Q01276,Ankit Sharma,Electrical Engineering,scholarship,What are the eligibility criteria for the scholarship?,Medium,2026-07-28,Email
Q04634,Payal Mehta,Mechanical,Examinations,What is the process for applying for revaluation?,Medium,2026-05-28,Helpdesk
Q01928,Ishaan Gupta,Electrical Engineering,FEES,Can I download my fee payment receipt?,Low,2026-03-21,Helpdesk
Q03002,Pooja Joshi,Biotechnology,Fee,Can I download my fee payment receipt?,Low,2026-03-04,Portal
Q04878,Arjun Khan,Electrical Engineering,technical,I cannot upload my assignment due to a system error.,Medium,2026-05-14,Chat
Q00739,Simran Khan,Physics,Accommodation,I have a problem with my hostel room facilities.,Medium,2026-03-13,Chat
Q00262,Tanvi Khan,Mechanical,examination,How can I download my hall ticket?,Medium,2026-05-28,Chat
Q03468,Aarav Khan,Information Technology,Accommodation,How can I contact the hostel administration?,Medium,2026-02-10,Chat
Q04643,Shreya Sharma,Physics, Scholarship ,what documents are required for scholarship verification?,Medium,2026-03-23,Portal
Q04606,Kavya Singh,Information Technology,fees,My fee payment was deducted but is not showing in the portal.,Low,2026-02-03,Email
Q03037,Nisha Verma,Mechanical,Fee,What is the last date for paying the semester fee?,Medium,2026-01-20,Portal
Q02604,Nitin Mehta,Computer Science, Scholarship ,When will the scholarship results be announced?,Low,2026-08-22,Helpdesk
Q03359,Rohit Sharma,Electrical Engineering, Technical ,I cannot upload my assignment due to a system error. Kindly provide guidance.,Medium,2026-07-17,Portal
Q02215,Karan Sharma,Electronics,Hostel,What is the process for changing my hostel room?,Medium,2026-05-07,Helpdesk
Q04062,Payal Kumar,Electronics,Hostel,Please help. What is the process for changing my hostel room?,Medium,2026-05-13,Portal
Q02031,Karan Joshi,Electronics,hostel,Please help. When will the hostel allotment list be announced?,High,2026-08-25,Email
Q03361,Arjun Mehta,Physics,Scholarship,My scholarship application status is pending.,High,2026-05-28,Chat
Q04278,Riya Gupta,Mathematics,technical,my dashboard is not loading properly.,Medium,2026-07-13,Helpdesk
Q00105,Arjun Kumar,mechanical, Hostel ,When will the hostel allotment list be announced?,Medium,2026-01-01,Chat
Q01687,Sakshi Kumar,Mechanical,Fee,What is the last date for paying the semester fee?,High,2026-06-28,Portal
Q05100,Payal Singh,Biotechnology,technical,The portal is showing an error while submitting my form.,Low,2026-05-10,Helpdesk
Q02521,Isha Kumar,Mechanical,hostel,Please help. How can I contact the hostel administration?,Medium,2026-04-22,Chat
Q00058,Yash Das,Biotechnology,Admission,I need help with the admission registration process.,High,2026-08-11,Helpdesk
Q03842,Bhavya Verma,Biotechnology, Scholarship ,What documents are required for scholarship verification?,Medium,2026-06-22,Portal
Q01785,Yash Singh,Mathematics,fees,My fee payment was deducted but is not showing in the portal.,High,2026-08-24,Portal
Q02864,Tanvi Das,Civil,ADMISSIONS,Can I change my selected programme after admission?,Low,2026-04-21,Portal
Q03462,Sanjay Joshi,Biotechnology,Examinations,When will the examination timetable be released?,Medium,2026-05-04,Email
Q04492,Meera Singh,Electronics,Scholarships,My scholarship application status is pending.,Low,2026-04-25,Portal
Q03271,Harsh Gupta,Mechanical,,My exam centre details are not visible in the portal.,Low,2026-05-25,Portal
Q05112,Sanjay Das,Mathematics,Hostel,How can I contact the hostel administration?,Low,2026-03-25,Chat
Q02846,Ankit Kumar,Mathematics,Examinations,What is the process for applying for revaluation? Kindly provide guidance.,Medium,2026-01-13,Email
Q02285,Karan Sharma,Computer Science,HOSTEL,How can I contact the hostel administration?,High,2026-03-23,Chat
Q02233,Aditya Singh,Computer Science,Fees,Can I download my fee payment receipt?,HIGH,2026-08-16,Helpdesk
Q03649,Neha Kumar,Electronics, Scholarship ,What documents are required for scholarship verification?,Low,2026-07-15,Helpdesk
Q00691,Shreya Das,Electronics, Technical ,i cannot upload my assignment due to a system error.,Medium,2026-01-08,Email
Q03256,Ankit Verma,Mathematics,HOSTEL,I have a problem with my hostel room facilities.,medium,2026-07-08,Chat
Q00906,Priya Khan,Information Technology,Examinations,What is the process for applying for revaluation?,Low,2026-02-05,Chat
Q03416,Sanjay Singh,Physics,Examination,What is the process for applying for revaluation?,Medium,2026-06-19,Email
Q01294,Vikram Verma,Business Administration,scholarship,How can I apply for a student scholarship?,Medium,2026-05-17,Portal
Q03722,Payal Kumar,electrical engineering,Examinations,What is the process for applying for revaluation?,Medium,2026-08-22,Email
Q00309,Aman Sharma,Computer Science, Technical ,I forgot my portal password and cannot log in.,High,2026-05-09,Chat
Q05193,Payal Khan,Physics,SCHOLARSHIP,When will the scholarship results be announced?,High,2026-08-10,Helpdesk
Q04164,Ananya Das,Business Administration,Examination,When will the examination timetable be released?,Medium,2026-04-14,Chat
Q02906,Simran Sharma,Computer Science,Examination,When will the examination timetable be released?,Medium,2026-04-16,Chat
Q01777,Nitin Verma,Mathematics, Technical ,My dashboard is not loading properly.,High,2026-06-25,Email
Q04101,Rohan Das,Physics,,Please help. What is the process for applying for revaluation?,Low,2026-02-15,Chat
Q04048,Yash Mehta,Biotechnology,ADMISSIONS,What documents are required for admission verification? Kindly provide guidance.,Low,2026-06-07,Portal
Q00099,Nisha Das,Mechanical,Exam,how can i download my hall ticket?,HIGH,2026-08-25,Helpdesk
Q01155,Sakshi Gupta,Electronics,Technical,I cannot upload my assignment due to a system error. Kindly provide guidance.,Medium,2026-07-12,Email
Q03305,Vikram Singh,Civil,Technical,The portal is showing an error while submitting my form.,Low,2026-08-24,Portal
Q00216,Sneha Singh,Business Administration,Fees,Please help. How can I pay my semester fee online?,Low,2026-01-14,Chat
Q04860,Simran Mehta,Business Administration,SCHOLARSHIP,Please help. What documents are required for scholarship verification?,Medium,2026-06-07,Helpdesk
Q00504,Ananya Khan,Physics, Fees ,How can I pay my semester fee online? Kindly provide guidance.,Low,2026-01-29,Helpdesk
Q02508,Simran Patel,Mechanical,fees,How can I pay my semester fee online?,Medium,2026-02-19,Helpdesk
Q03368,Rohan Verma,Mechanical,Exam,How can I download my hall ticket?,Medium,2026-08-29,Email
Q01390,Rahul Joshi,Mathematics,Examination,What is the process for applying for revaluation?,High,2026-05-22,Email
Q02202,Harsh Khan,Electronics,SCHOLARSHIP,My scholarship application status is pending.,High,2026-04-14,Email
Q03441,Ankit Gupta,Computer Science,Accommodation,How can I contact the hostel administration?,Medium,2026-03-24,Email
Q00453,Vikram Joshi,Civil,SCHOLARSHIP,What are the eligibility criteria for the scholarship?,Low,2026-08-20,Helpdesk
Q02732,Ishaan Khan,Biotechnology,FEES,What is the last date for paying the semester fee?,Medium,2026-05-02,Portal
Q03483,Rahul Sharma,BIOTECHNOLOGY,technical,I cannot upload my assignment due to a system error.,Low,2026-08-07,Chat
Q01383,Ankit Gupta,Mathematics,FEES,What is the last date for paying the semester fee? Kindly provide guidance.,High,2026-01-27,Chat
Q03369,Neha Khan,Computer Science,hostel,When will the hostel allotment list be announced?,High,2026-07-05,Email
Q04190,Pooja Mehta,Electrical Engineering,fees,Please help. Can I download my fee payment receipt?,HIGH,2026-01-18,Helpdesk
Q02187,Ananya Mehta,Computer Science,Hostel,How can I apply for hostel accommodation?,Low,2026-04-11,Portal
Q02670,Aditi Verma,Computer Science,ADMISSIONS,How can I check the status of my admission application?,Low,2026-08-31,Portal
Q03814,Riya Joshi,Electronics,Tech,I cannot upload my assignment due to a system error.,Medium,2026-08-23,Chat
Q03125,Varun Verma,Information Technology,Admission,I need help with the admission registration process.,High,2026-03-27,Chat
Q01209,Payal Singh,Computer Science,,My exam centre details are not visible in the portal.,Low,2026-03-08,Email
Q02669,Arjun Singh,Physics,Scholarship,How can I apply for a student scholarship?,Medium,2026-03-11,Portal
Q05080,Isha Sharma,Mechanical, Technical ,The portal is showing an error while submitting my form.,Medium,2026-02-04,Email
Q02346,Yash Kumar,Computer Science,scholarship,What documents are required for scholarship verification?,Low,2026-07-01,Chat
Q00028,Rohan Das,Business Administration,Hostel,,Medium,2026-01-19,Chat
Q04083,Riya Das,Mathematics,Tech,My dashboard is not loading properly.,Medium,2026-06-23,Portal
Q01184,Sakshi Sharma,Mechanical,FEES,What is the last date for paying the semester fee?,Medium,2026-02-24,Helpdesk
Q04770,Ananya Joshi,Civil,scholarship,My scholarship application status is pending.,Low,2026-02-19,Email
Q00823,Neha Kumar,Information Technology, Scholarship ,When will the scholarship results be announced?,Medium,2026-02-17,Chat
Q00299,Tanvi Joshi,Information Technology, admissions ,Can I change my selected programme after admission?,Medium,2026-02-21,Helpdesk
Q00543,Pooja Joshi,Civil,scholarship,What are the eligibility criteria for the scholarship?,Medium,2026-08-13,Email
Q01114,Ishaan Khan,Business Administration,HOSTEL,How can I apply for hostel accommodation?,low,2026-03-13,Chat
Q02563,Tanvi Singh,Electronics,Scholarships,,Low,2026-04-15,Helpdesk
Q00493,Sakshi Kumar,Electronics,FEES,Is installment payment available for tuition fees?,Medium,2026-05-29,Portal
Q05008,Sanjay Khan,Civil,Accommodation,When will the hostel allotment list be announced?,High,2026-01-28,Chat
Q03771,Ankit Patel,Physics,Examination,when will the examination timetable be released?,Medium,2026-07-06,Email
Q03050,Divya Sharma,Mathematics, admissions ,How can I check the status of my admission application? Kindly provide guidance.,High,2026-07-23,Email
Q03354,Rahul Mehta,Electronics,SCHOLARSHIP,My scholarship application status is pending.,Low,2026-04-08,Chat
Q03852,Neha Das,Business Administration,ADMISSIONS,Please help. Can I change my selected programme after admission?,Low,2026-01-01,Portal
Q02435,Varun Das,Mathematics,Technical,I forgot my portal password and cannot log in.,High,2026-01-24,Helpdesk
Q01540,Manav Gupta,Business Administration,Examinations,What is the process for applying for revaluation?,Medium,2026-01-10,Helpdesk
Q01231,Vikram Kumar,Computer Science,Scholarship,When will the scholarship results be announced?,High,2026-05-24,Chat
Q03236,Meera Gupta,BusinessAdministration,EXAMINATION,When will the examination timetable be released?,Medium,2026-06-09,Helpdesk
Q03766,Bhavya Das,Physics,Scholarship,My scholarship application status is pending. Kindly provide guidance.,Medium,2026-07-07,Email
Q04792,Aditya Kumar,Physics,FEES,What is the last date for paying the semester fee?,Medium,2026-05-04,Portal
Q04683,Rohit Verma,Business Administration,Admissions,When will the next admission merit list be published?,High,2026-07-25,Chat
Q03221,Rohit Patel,Mechanical,technical,Please help. My dashboard is not loading properly.,low,2026-04-09,Chat
Q00711,Sakshi Singh,Mathematics, Fees ,Is installment payment available for tuition fees? Kindly provide guidance.,Medium,2026-04-17,Chat
Q00767,Varun Mehta,Physics,Scholarships,How can I apply for a student scholarship?,Medium,2026-03-28,Portal
Q00643,Payal Verma,Information Technology, Fees ,Is installment payment available for tuition fees?,Medium,2026-07-19,Portal
Q04740,Rahul Kumar,Mechanical,Admissions,Can I change my selected programme after admission?,Medium,2026-06-02,Email
Q03382,Harsh Patel,Information Technology,admissions,I need help with the admission registration process.,Medium,2026-08-05,Portal
Q01144,Nisha Singh,Electrical Engineering,Hostel,I have a problem with my hostel room facilities.,Medium,2026-04-14,Helpdesk
Q00551,Karan Das,Electrical Engineering,TECHNICAL,I cannot upload my assignment due to a system error.,High,2026-06-08,Email
Q00857,Manav Singh,Mathematics,ADMISSIONS,Can I change my selected programme after admission?,High,2026-08-30,Portal
Q02900,Isha Verma,Electrical Engineering,Admissions,What documents are required for admission verification?,HIGH,2026-04-04,Email
Q04327,Bhavya Patel,Electronics, Examination ,My exam centre details are not visible in the portal.,Medium,2026-04-28,Chat
Q04295,Sakshi Gupta,Business Administration,TECHNICAL,My dashboard is not loading properly.,High,2026-03-24,Portal
Q04159,Bhavya Gupta,Physics, Technical ,I am unable to access my student portal.,Low,2026-08-12,Email
Q04891,Meera Khan,Electronics, Hostel ,How can I contact the hostel administration?,Low,2026-01-29,Chat
Q00542,Meera Khan,Physics,Examination,How can I download my hall ticket?,Medium,2026-02-24,Portal
Q00475,Aditya Mehta,Computer Science,Scholarship,What documents are required for scholarship verification?,Medium,2026-01-19,Helpdesk
Q04762,Varun Gupta,Civil,Fees,Is installment payment available for tuition fees?,High,2026-07-27,Chat
Q02886,Arjun Joshi,Biotechnology,FEES,Is installment payment available for tuition fees?,Low,2026-08-27,Chat
Q02987,Rohit Khan,Electronics,Admission,When will the next admission merit list be published?,LOW,2026-03-05,Email
Q00327,Harsh Gupta,Civil,FEES,How can I pay my semester fee online?,Medium,2026-08-09,Helpdesk
Q00380,Aditya Sharma,Civil,FEES,can i download my fee payment receipt?,Low,2026-02-15,Chat
Q02558,Meera Singh,Business Administration,Tech,My dashboard is not loading properly.,Low,2026-07-14,Portal
Q02767,Manav Sharma,Civil,Accommodation,How can I apply for hostel accommodation?,Medium,2026-07-21,Helpdesk
Q03204,Yash Khan,Computer Science,Scholarship,How can I apply for a student scholarship? Kindly provide guidance.,Low,2026-03-17,Helpdesk
Q02339,Arjun Gupta,Business Administration, admissions ,When will the next admission merit list be published?,Low,2026-03-25,Helpdesk
Q00678,Neha Joshi,Electrical Engineering,Tech,My dashboard is not loading properly.,Low,2026-04-18,Portal
Q03377,Payal Gupta,Physics,Tech,I am unable to access my student portal. Kindly provide guidance.,High,2026-05-31,Chat
Q03984,Arjun Gupta,Information Technology,Examination,What is the process for applying for revaluation?,Medium,2026-06-26,Email
Q01301,Manav Mehta,Biotechnology,Hostel,When will the hostel allotment list be announced?,High,2026-01-27,Email
Q03041,Arjun Gupta,Business Administration,FEES,Is installment payment available for tuition fees?,High,2026-06-28,Helpdesk
Q01900,Aarav Mehta,Computer Science,HOSTEL,How can I contact the hostel administration?,Medium,2026-05-21,Chat
Q04973,Sanjay Joshi,Biotechnology, Fees ,How can I pay my semester fee online?,High,2026-03-21,Chat
Q04664,Riya Sharma,Biotechnology,Admissions,How can I check the status of my admission application?,High,2026-07-26,Portal
Q02882,Rohan Patel,Biotechnology, Fees ,Please help. Can I download my fee payment receipt?,Low,2026-03-18,Email
Q01766,Vikram Das,Mathematics,ADMISSIONS,Can I change my selected programme after admission?,High,2026-06-18,Email
Q03732,Shreya Singh,Mechanical, Fees ,How can I pay my semester fee online?,medium,2026-07-18,Helpdesk
Q03576,Ananya Gupta,Electrical Engineering,FEES,What is the last date for paying the semester fee?,Low,2026-08-17,Email
Q03278,Bhavya Khan,Electronics,Examinations,What is the process for applying for revaluation?,Medium,2026-04-11,Portal
Q01021,Simran Khan,Physics,Scholarships,When will the scholarship results be announced?,Low,2026-02-24,Portal
Q04574,Pooja Gupta,Biotechnology,fees,Please help. Can I download my fee payment receipt?,High,2026-06-26,Helpdesk
Q00435,Neha Joshi,Computer Science, admissions ,What documents are required for admission verification? Kindly provide guidance.,Medium,2026-05-24,Chat
Q01447,Pooja Verma,Electrical Engineering,ADMISSIONS,How can I check the status of my admission application?,High,2026-04-10,Helpdesk
Q00086,Rahul Kumar,Electronics,Hostel,What is the process for changing my hostel room?,Low,2026-01-14,Helpdesk
Q01002,Rohit Sharma,Physics, Fees ,is installment payment available for tuition fees?,High,2026-06-18,Portal
Q01371,Aditi Das,Mathematics,Examinations,I am unable to see my examination result.,Medium,2026-04-04,Email
Q04389,Priya Gupta,Biotechnology,Scholarships,What are the eligibility criteria for the scholarship?,Medium,2026-01-11,Chat
Q00140,Neha Gupta,Civil,examination,When will the examination timetable be released?,High,2026-02-07,Chat
Q03891,Riya Sharma,Electronics, Examination ,My exam centre details are not visible in the portal.,Medium,2026-07-30,Email
Q00642,Aarav Das,Mathematics, Examination ,How can I download my hall ticket?,Medium,2026-04-13,Chat
Q03637,Kavya Sharma, Physics , Examination ,When will the examination timetable be released?,Medium,2026-07-12,Chat
Q02005,Simran Joshi,civil,Admissions,I need help with the admission registration process.,Medium,2026-03-02,Chat
Q01101,Manav Gupta,Civil,technical,i am unable to access my student portal.,Medium,2026-05-05,Chat
Q01349,Vikram Gupta,Information Technology, Technical ,The portal is showing an error while submitting my form.,Medium,2026-03-27,Chat
Q01444,Divya Gupta,Computer Science,Examinations,What is the process for applying for revaluation? Kindly provide guidance.,Medium,2026-01-24,Helpdesk
Q05093,Kavya Verma,Biotechnology,FEES,Is installment payment available for tuition fees?,Medium,2026-07-18,Helpdesk
Q01096,Pooja Sharma,Computer Science,TECHNICAL,I cannot upload my assignment due to a system error.,High,2026-04-20,Portal
Q00139,Aditi Khan,Business Administration,Accommodation,I have a problem with my hostel room facilities.,Medium,2026-05-15,Helpdesk
Q00695,Harsh Patel,Biotechnology,FEES,What is the last date for paying the semester fee?,Low,2026-05-07,Email
Q01298,Ankit Gupta,Mechanical,Technical,I cannot upload my assignment due to a system error.,Low,2026-02-01,Email
Q05197,Tanvi Gupta,Electrical Engineering, Scholarship ,Please help. How can I apply for a student scholarship?,low,2026-01-05,Email
Q02811,Simran Verma,Electrical Engineering,hostel,how can i contact the hostel administration?,Medium,2026-05-15,Portal
Q02557,Rohit Sharma,Business Administration,Hostel,What is the process for changing my hostel room?,Medium,2026-08-05,Email
Q04346,Isha Verma,Civil,admissions,I need help with the admission registration process.,Medium,2026-05-19,Portal
Q01909,Sneha Patel,Electronics,Fees,What is the last date for paying the semester fee?,Medium,2026-07-30,Email
Q02262,Payal Das,Electronics,hostel,Please help. I have a problem with my hostel room facilities.,Medium,2026-04-04,Helpdesk
Q00735,Yash Khan,Computer Science, Scholarship ,what documents are required for scholarship verification?,Medium,2026-03-05,Chat
Q03024,Varun Das,Electrical Engineering,Accommodation,i have a problem with my hostel room facilities.,Low,2026-02-06,Email
Q04003,Isha Kumar,Electronics,Accommodation,I have a problem with my hostel room facilities.,High,2026-05-03,Portal
Q00586,Varun Kumar,Mathematics,hostel,I have a problem with my hostel room facilities.,Low,2026-05-09,Helpdesk
Q01228,Isha Das,Computer Science, Technical ,my dashboard is not loading properly.,High,2026-06-04,Email
Q00696,Riya Sharma,Biotechnology,TECHNICAL,I forgot my portal password and cannot log in.,HIGH,2026-05-14,Email
Q01334,Aditya Kumar,Electrical Engineering, Technical ,The portal is showing an error while submitting my form.,High,2026-05-17,Helpdesk
Q01333,Rohan Sharma,Civil,Fee,How can I pay my semester fee online? Kindly provide guidance.,Low,2026-07-16,Email
Q04534,Aditi Gupta,Electronics, Fees ,My fee payment was deducted but is not showing in the portal.,Low,2026-02-26,Email
Q05059,Arjun Patel,Computer Science,EXAMINATION,How can I download my hall ticket?,Medium,2026-02-03,Portal
Q00625,Shreya Sharma,Biotechnology,examination,When will the examination timetable be released?,Medium,2026-01-27,Email
Q00596,Nisha Singh,Biotechnology,fees,,high,2026-03-12,Helpdesk
Q01318,Rahul Khan,Business Administration,Technical,My dashboard is not loading properly.,High,2026-02-15,Chat
Q04923,Ankit Verma,Biotechnology,Fee,What is the last date for paying the semester fee?,Medium,2026-06-20,Chat
Q02357,Vikram Das,business administration,Examinations,How can I download my hall ticket?,Medium,2026-01-31,Helpdesk
Q04886,Karan Das,Physics,Examinations,Please help. I am unable to see my examination result.,Low,2026-02-16,Chat
Q05015,Karan Patel,Physics,TECHNICAL,My dashboard is not loading properly.,Medium,2026-06-04,Helpdesk
Q00834,Simran Patel,Mathematics,EXAMINATION,How can I download my hall ticket?,Low,2026-05-02,Chat
Q01343,Sneha Joshi,Physics,FEES,is installment payment available for tuition fees?,High,2026-06-13,Portal
Q04176,Ankit Joshi,Business Administration,SCHOLARSHIP,How can I apply for a student scholarship?,Medium,2026-02-06,Chat
Q04535,Meera Joshi,Computer Science,fees,Please help. How can I pay my semester fee online?,Medium,2026-03-09,Chat
Q00037,Sanjay Mehta,Electrical Engineering,technical,I cannot upload my assignment due to a system error.,Medium,2026-05-22,Helpdesk
Q00638,Meera Singh,Mathematics,Examination,,Medium,2026-08-18,Chat
Q03452,Bhavya Mehta,Electrical Engineering,TECHNICAL,I cannot upload my assignment due to a system error. Kindly provide guidance.,Medium,2026-02-04,Email
Q04444,Aman Singh,Civil, Scholarship ,my scholarship application status is pending.,High,2026-01-15,Chat
Q01440,Sanjay Singh,Business Administration,TECHNICAL,My dashboard is not loading properly.,High,2026-03-06,Portal
Q02382,Neha Das,Mechanical,hostel,How can I contact the hostel administration?,Medium,2026-03-17,Portal
Q01961,Bhavya Patel,Civil,Scholarship,What documents are required for scholarship verification? Kindly provide guidance.,Medium,2026-01-15,Email
Q02838,Harsh Mehta,Biotechnology,TECHNICAL,I am unable to access my student portal.,Medium,2026-07-31,Helpdesk
Q04830,Ananya Gupta,Mathematics,Scholarships,What are the eligibility criteria for the scholarship? Kindly provide guidance.,Low,2026-02-11,Email
Q03801,Meera Patel,Electronics,Examinations,Please help. How can I download my hall ticket?,Medium,2026-08-08,Portal
Q04955,Neha Patel,Civil,FEES,how can i pay my semester fee online?,High,2026-07-25,Portal
Q04189,Aditya Kumar,Civil, Examination ,What is the process for applying for revaluation?,Low,2026-02-06,Chat
Q02086,Nitin Kumar,Biotechnology,SCHOLARSHIP,What are the eligibility criteria for the scholarship?,Low,2026-03-20,Chat
Q00025,Nitin Das,Civil,hostel,when will the hostel allotment list be announced?,Low,2026-07-21,Chat
Q01753,Neha Patel,Civil, Hostel ,How can I apply for hostel accommodation?,Low,2026-08-28,Helpdesk
Q01375,Harsh Singh,Electronics,Scholarship,When will the scholarship results be announced?,High,2026-07-07,Chat
Q04115,Aditya Khan,Physics,Fees,My fee payment was deducted but is not showing in the portal.,Medium,2026-05-14,Email
Q01168,Sneha Verma,Computer Science,Tech,The portal is showing an error while submitting my form.,Low,2026-07-24,Portal
Q02755,Meera Patel,ElectricalEngineering,Hostel,How can I contact the hostel administration?,Medium,2026-01-13,Portal
Q03525,Neha Khan,Computer Science,scholarship,My scholarship application status is pending.,Medium,2026-02-14,Portal
Q02098,Manav Das,Physics,,When will the scholarship results be announced? Kindly provide guidance.,Low,2026-06-22,Portal
Q02730,Aarav Khan,Physics,examination,What is the process for applying for revaluation?,Medium,2026-01-04,Email
Q03330,Kavya Khan,Physics,Tech,I am unable to access my student portal. Kindly provide guidance.,High,2026-05-13,Chat
Q02004,Aditya Verma,Mathematics,hostel,When will the hostel allotment list be announced?,High,2026-06-14,Chat
Q00786,Rohan Verma,Computer Science,Fee,My fee payment was deducted but is not showing in the portal.,Low,2026-05-10,Portal
Q04291,Pooja Singh,Electronics,ADMISSIONS,,High,2026-07-23,Chat
Q00794,Payal Gupta,Mathematics,TECHNICAL,My dashboard is not loading properly.,Medium,2026-03-31,Helpdesk
Q02039,Payal Sharma,Business Administration,hostel,When will the hostel allotment list be announced?,Low,2026-06-02,Email
Q00915,Yash Patel,Computer Science,Accommodation,How can I apply for hostel accommodation?,Medium,2026-05-05,Email
Q00750,Sanjay Mehta,Physics,Technical,,High,2026-01-09,Email
Q03927,Sakshi Mehta,Business Administration,Admission,How can I check the status of my admission application?,Medium,2026-06-05,Email
Q04950,Harsh Kumar,Mechanical, Hostel ,How can I apply for hostel accommodation?,Medium,2026-03-09,Chat
Q01688,Ankit Das,Mathematics,fees,,Low,2026-03-21,Portal
Q03829,Bhavya Singh,Physics,Exam,what is the process for applying for revaluation?,Low,2026-08-23,Email
Q00260,Payal Das,Mathematics,TECHNICAL,I forgot my portal password and cannot log in.,Low,2026-04-05,Chat
Q03966,Ananya Singh,Business Administration,HOSTEL,How can I contact the hostel administration?,Medium,2026-06-25,Helpdesk
Q02661,Sakshi Patel,Mathematics,Fee,,Medium,2026-04-08,Chat
Q02561,Karan Mehta,Physics,TECHNICAL,I am unable to access my student portal.,Medium,2026-07-20,Email
Q04805,Rohan Gupta,Mechanical,Exam,How can I download my hall ticket?,low,2026-03-18,Email
Q00100,Neha Gupta,Computer Science,Examination,What is the process for applying for revaluation?,High,2026-08-14,Portal
Q05038,Rohan Patel,Electronics, Fees ,How can I pay my semester fee online?,Medium,2026-02-23,Portal
Q04377,Pooja Khan,Mechanical,hostel,How can I apply for hostel accommodation? Kindly provide guidance.,Medium,2026-04-20,Portal
Q01475,Rohit Verma,Mechanical,Exam,When will the examination timetable be released?,Medium,2026-02-24,Portal
Q02854,Aman Verma,Civil,Hostel,Please help. When will the hostel allotment list be announced?,Medium,2026-03-18,Portal
Q02793,Rahul Gupta,Mechanical,technical,My dashboard is not loading properly.,Medium,2026-05-29,Portal
Q01870,Varun Joshi,Mechanical,Fees,How can I pay my semester fee online?,Medium,2026-07-07,Chat
Q00316,Aarav Patel,Physics, Technical ,Please help. My dashboard is not loading properly.,High,2026-08-22,Chat
Q02704,Meera Joshi,Information Technology,technical,I forgot my portal password and cannot log in.,High,2026-01-07,Chat
Q03567,Aditya Patel,Civil,Examinations,Please help. What is the process for applying for revaluation?,High,2026-05-16,Email
Q00274,Nisha Verma,Information Technology,TECHNICAL,I cannot upload my assignment due to a system error.,Low,2026-03-02,Portal
Q05190,Bhavya Sharma,Computer Science,Admissions,When will the next admission merit list be published?,Medium,2026-03-01,Portal
Q03239,Karan Joshi,Electronics,Hostel,How can I apply for hostel accommodation?,High,2026-03-20,Portal
Q01871,Tanvi Verma,Civil,Scholarship,Please help. What are the eligibility criteria for the scholarship?,Medium,2026-01-04,Email
Q03312,Tanvi Sharma,Physics,Exam,Please help. When will the examination timetable be released?,Low,2026-01-27,Portal
Q03478,Neha Kumar,Mechanical,Hostel,I have a problem with my hostel room facilities.,Low,2026-03-08,Helpdesk
Q04104,Bhavya Sharma,Physics,Hostel,i have a problem with my hostel room facilities.,Low,2026-03-06,Portal
Q00384,Aditya Das,Biotechnology, Hostel ,How can I apply for hostel accommodation?,High,2026-02-27,Chat
Q01694,Ananya Das,Business Administration,Accommodation,How can I apply for hostel accommodation?,Medium,2026-02-20,Email
Q01578,Pooja Sharma,Civil,SCHOLARSHIP,What documents are required for scholarship verification?,Medium,2026-03-11,Chat
Q02227,Sakshi Patel,Mechanical,fees,Is installment payment available for tuition fees?,High,2026-02-14,Chat
Q02463,Arjun Kumar,Electrical Engineering, admissions ,How can I check the status of my admission application? Kindly provide guidance.,High,2026-04-17,Email
Q03138,Simran Khan,Civil, admissions ,Can I change my selected programme after admission?,High,2026-01-01,Chat
Q02539,Nitin Joshi,Civil,hostel,How can I apply for hostel accommodation?,Low,2026-08-30,Email
Q03947,Pooja Singh,Mechanical,scholarship,How can I apply for a student scholarship?,High,2026-06-25,Chat
Q01006,Isha Khan,Mathematics,,How can I apply for a student scholarship?,Low,2026-08-13,Portal
Q03011,Aman Khan,Mathematics,Technical,I cannot upload my assignment due to a system error. Kindly provide guidance.,Medium,2026-06-04,Portal
Q02911,Ankit Khan, Business Administration ,hostel,How can I contact the hostel administration?,High,2026-05-17,Portal
Q05090,Manav Verma,Business Administration,Exam,How can I download my hall ticket?,High,2026-04-09,Portal
Q04716,Rohit Verma,Biotechnology,Technical,My dashboard is not loading properly.,Medium,2026-07-07,Chat
Q02962,Rohit Khan,Information Technology,Tech,My dashboard is not loading properly.,High,2026-02-18,Chat
Q04440,Ishaan Sharma,Physics,Examinations,How can I download my hall ticket?,Medium,2026-06-11,Chat
Q03626,Tanvi Verma,Information Technology,Fee,Is installment payment available for tuition fees?,Medium,2026-04-08,Email
Q02943,Sakshi Mehta,Information Technology,Fees,Is installment payment available for tuition fees? Kindly provide guidance.,Medium,2026-08-13,Portal
Q03381,Manav Patel,Business Administration, Technical ,The portal is showing an error while submitting my form.,Medium,2026-05-07,Chat
Q02483,Sneha Sharma,Civil,FEES,what is the last date for paying the semester fee?,High,2026-06-21,Helpdesk
Q02322,Ananya Singh,Electronics, Examination ,How can I download my hall ticket?,Medium,2026-05-19,Email
Q02765,Rohan Sharma,Electronics,hostel,How can I contact the hostel administration?,Medium,2026-08-14,Portal
Q03233,Tanvi Patel,Civil,Fee,How can I pay my semester fee online?,Low,2026-03-29,Email
Q04158,Aditya Mehta,Electrical Engineering,Admission,Can I change my selected programme after admission?,Low,2026-04-11,Chat
Q01692,Yash Joshi,Biotechnology,HOSTEL,How can I apply for hostel accommodation?,High,2026-08-18,Chat
Q04698,Ishaan Mehta,Business Administration,fees,My fee payment was deducted but is not showing in the portal.,Medium,2026-05-09,Helpdesk
Q00457,Aditi Verma,Mathematics,TECHNICAL,I forgot my portal password and cannot log in.,Low,2026-03-30,Email
Q01391,Harsh Verma,Mathematics,examination,how can i download my hall ticket?,High,2026-07-28,Email
Q03426,Priya Khan,Biotechnology,Technical,The portal is showing an error while submitting my form.,High,2026-03-16,Chat
Q03080,Aarav Joshi,Civil,Scholarship,What are the eligibility criteria for the scholarship? Kindly provide guidance.,Medium,2026-01-18,Helpdesk
Q01130,Sneha Sharma,Electrical Engineering,Exam,Please help. How can I download my hall ticket?,Medium,2026-04-19,Portal
Q03085,Tanvi Das,Mechanical,Fees,Can I download my fee payment receipt?,High,2026-03-05,Email
Q04349,Manav Kumar,Civil,Fee,How can I pay my semester fee online?,High,2026-06-09,Portal
Q03451,Rohit Kumar,Mechanical,Fees,what is the last date for paying the semester fee?,Medium,2026-01-01,Helpdesk
Q02912,Neha Singh,Biotechnology,examination,Please help. When will the examination timetable be released?,Medium,2026-02-17,Email
Q00377,Nisha Verma,Business Administration,,I cannot upload my assignment due to a system error.,Medium,2026-05-22,Portal
Q03715,Manav Singh,Mathematics,admissions,I need help with the admission registration process. Kindly provide guidance.,High,2026-08-28,Email
Q01761,Aditi Sharma,Biotechnology, Scholarship ,What documents are required for scholarship verification?,Low,2026-01-26,Portal
Q03571,Ankit Das,Mathematics, Technical ,I am unable to access my student portal.,Medium,2026-05-28,Email
Q04286,Aman Joshi,Biotechnology,Examinations,I am unable to see my examination result.,High,2026-04-24,Email
Q04241,Yash Joshi,Mechanical,technical,I cannot upload my assignment due to a system error.,Medium,2026-02-04,Chat
Q04420,Nitin Mehta,Computer Science,fees,Please help. How can I pay my semester fee online?,High,2026-04-21,Email
Q03215,Aditya Das,Biotechnology,Fee,,High,2026-03-25,Helpdesk
Q03183,Aman Verma,Information Technology,Examination,I am unable to see my examination result.,High,2026-05-02,Email
Q02345,Isha Kumar,Civil,technical,The portal is showing an error while submitting my form.,Low,2026-08-28,Helpdesk
Q04472,Payal Verma,Computer Science, Technical ,I am unable to access my student portal.,Low,2026-08-04,Chat
Q04712,Sneha Khan,Mathematics, Hostel ,When will the hostel allotment list be announced?,Medium,2026-03-30,Email
Q00097,Aarav Gupta,Information Technology,scholarship,When will the scholarship results be announced?,Low,2026-06-03,Email
Q02537,Sneha Sharma,Civil,Tech,My dashboard is not loading properly.,High,2026-02-09,Portal
Q02637,Pooja Khan,ComputerScience,EXAMINATION,My exam centre details are not visible in the portal.,Medium,2026-05-04,Chat
Q00592,Rohan Patel,Biotechnology,fees,How can I pay my semester fee online?,Medium,2026-01-05,Helpdesk
Q01542,Harsh Patel,computer science, Fees ,My fee payment was deducted but is not showing in the portal.,High,2026-04-27,Email
Q00339,Simran Singh,Business Administration,Examinations,My exam centre details are not visible in the portal.,Low,2026-08-01,Chat
Q03991,Pooja Khan,Electrical Engineering,admissions,Please help. I need help with the admission registration process.,Low,2026-08-31,Portal
Q00319,Varun Singh,Computer Science,technical,My dashboard is not loading properly.,Medium,2026-07-05,Chat
Q01400,Nisha Gupta,Information Technology,SCHOLARSHIP,My scholarship application status is pending.,Medium,2026-08-17,Helpdesk
Q04017,Pooja Singh,Biotechnology,Scholarships,What are the eligibility criteria for the scholarship?,Low,2026-04-14,Helpdesk
Q00152,Karan Singh,Electrical Engineering,Scholarships,What documents are required for scholarship verification?,Medium,2026-03-29,Portal
Q03630,Rohan Gupta,Mechanical,Fee,can i download my fee payment receipt?,Medium,2026-01-10,Chat
Q00816,Rahul Joshi,Electrical Engineering,Tech,I cannot upload my assignment due to a system error.,Low,2026-08-13,Helpdesk
Q00705,Aman Khan,Physics,Exam,I am unable to see my examination result.,High,2026-02-07,Portal
Q03834,Varun Das,Civil,ADMISSIONS,How can I check the status of my admission application?,Low,2026-05-24,Helpdesk
Q00968,Priya Patel,Electrical Engineering, Hostel ,Please help. I have a problem with my hostel room facilities.,Medium,2026-02-19,Chat
Q03410,Aditi Mehta,Biotechnology, Hostel ,When will the hostel allotment list be announced?,Medium,2026-05-08,Email
Q02069,Pooja Singh,Information Technology, admissions ,How can I check the status of my admission application?,Low,2026-08-29,Portal
Q00227,Aarav Singh,Physics,SCHOLARSHIP,What documents are required for scholarship verification?,Medium,2026-05-28,Helpdesk
Q02636,Neha Verma,Electronics,examination,When will the examination timetable be released?,Medium,2026-02-24,Chat
Q04451,Riya Patel,Mechanical,FEES,Is installment payment available for tuition fees?,Low,2026-02-06,Portal
Q04526,Nitin Sharma,Electronics,scholarship,When will the scholarship results be announced?,Medium,2026-06-14,Portal
Q04086,Shreya Gupta,Civil,Fee,Is installment payment available for tuition fees?,Medium,2026-07-17,Helpdesk
Q03062,Pooja Das,Mathematics,Scholarships,What are the eligibility criteria for the scholarship?,Low,2026-04-14,Portal
Q03873,Ankit Das,Mathematics,admissions,Please help. When will the next admission merit list be published?,Medium,2026-04-10,Email
Q00389,Simran Joshi,Mathematics,HOSTEL,When will the hostel allotment list be announced?,Medium,2026-06-11,Helpdesk
Q02052,Arjun Verma,Mathematics,Admission,What documents are required for admission verification?,Medium,2026-01-13,Chat
Q02804,Tanvi Singh,Biotechnology,HOSTEL,How can I apply for hostel accommodation?,High,2026-03-09,Portal
Q00610,Bhavya Gupta,Electrical Engineering,scholarship,,High,2026-06-05,Portal
Q01576,Rohit Khan,Physics,Scholarship,What are the eligibility criteria for the scholarship?,Medium,2026-08-15,Chat
Q04814,Yash Gupta,Civil,SCHOLARSHIP,How can I apply for a student scholarship?,Medium,2026-05-29,Portal
Q05047,Nisha Khan,Biotechnology,FEES,Is installment payment available for tuition fees?,Medium,2026-02-08,Helpdesk
Q05195,Payal Mehta,Information Technology,HOSTEL,When will the hostel allotment list be announced? Kindly provide guidance.,Medium,2026-07-29,Portal
Q00778,Sneha Das,Mathematics,fees,Can I download my fee payment receipt?,High,2026-02-24,Helpdesk
Q04203,Tanvi Gupta,Mechanical,FEES,Is installment payment available for tuition fees?,High,2026-02-24,Chat
Q01932,Manav Singh,Biotechnology,Scholarships,My scholarship application status is pending.,Medium,2026-05-20,Helpdesk
Q02055,Aditya Patel,Civil,fees,Is installment payment available for tuition fees?,Medium,2026-04-07,Email
Q00207,Meera Kumar,Mathematics,fees,How can I pay my semester fee online?,Low,2026-02-23,Portal
Q02444,Payal Das,Electronics,HOSTEL,How can I apply for hostel accommodation?,High,2026-03-11,Email
Q04079,Sanjay Singh,Electrical Engineering,Accommodation,What is the process for changing my hostel room?,Medium,2026-01-20,Portal
Q01233,Aarav Khan,Mechanical,Admissions,When will the next admission merit list be published? Kindly provide guidance.,Medium,2026-07-26,Email
Q00951,Yash Khan,Computer Science,scholarship,,High,2026-02-21,Email
Q01832,Sanjay Joshi,Computer Science,Technical,I am unable to access my student portal.,Medium,2026-06-07,Email
Q04688,Ankit Gupta,Computer Science,Accommodation,What is the process for changing my hostel room?,High,2026-01-13,Chat
Q03197,Simran Khan,Mechanical, Hostel ,When will the hostel allotment list be announced?,Medium,2026-01-23,Helpdesk
Q03931,Kavya Gupta,Information Technology,HOSTEL,How can I apply for hostel accommodation?,Low,2026-02-23,Chat
Q00223,Nitin Joshi,Computer Science,hostel,Please help. How can I contact the hostel administration?,High,2026-03-17,Email
Q04873,Sneha Kumar,Civil,examination,I am unable to see my examination result.,Low,2026-02-02,Helpdesk
Q01737,Divya Singh,Information Technology, admissions ,How can I check the status of my admission application?,Medium,2026-05-27,Helpdesk
Q03785,Rahul Gupta,Biotechnology,,When will the next admission merit list be published? Kindly provide guidance.,Low,2026-06-14,Email
Q00069,Riya Verma,Mechanical,SCHOLARSHIP,What are the eligibility criteria for the scholarship?,Medium,2026-02-09,Helpdesk
Q02261,Aman Das,Civil, Examination ,when will the examination timetable be released?,Low,2026-07-04,Portal
Q01525,Varun Joshi,ELECTRICAL ENGINEERING,Fee,Is installment payment available for tuition fees?,Low,2026-03-24,Email
Q03899,Sanjay Gupta,Electrical Engineering,,my scholarship application status is pending.,Low,2026-06-02,Helpdesk
Q02572,Neha Joshi,Information Technology,Admission,How can I check the status of my admission application? Kindly provide guidance.,Medium,2026-01-11,Email
Q03805,Aarav Gupta,Information Technology,TECHNICAL,My dashboard is not loading properly. Kindly provide guidance.,Medium,2026-03-15,Chat
Q04517,Divya Gupta,Mechanical, Fees ,My fee payment was deducted but is not showing in the portal.,Low,2026-07-30,Helpdesk
Q05102,Vikram Patel,Business Administration,Fee,My fee payment was deducted but is not showing in the portal.,Low,2026-01-11,Helpdesk
Q00854,Neha Khan,Mechanical,fees,What is the last date for paying the semester fee?,Low,2026-06-16,Chat
Q03324,Sanjay Singh,Mechanical, Examination ,My exam centre details are not visible in the portal.,Medium,2026-04-23,Email
Q04925,Pooja Gupta,Electronics,TECHNICAL,i am unable to access my student portal.,Medium,2026-04-13,Chat
Q02683,Divya Singh,Business Administration,Tech,I am unable to access my student portal. Kindly provide guidance.,Medium,2026-03-23,Email
Q00526,Bhavya Mehta,Business Administration,ADMISSIONS,I need help with the admission registration process.,High,2026-01-11,Portal
Q03245,Divya Mehta,Information Technology,FEES,What is the last date for paying the semester fee? Kindly provide guidance.,Medium,2026-07-08,Chat
Q04759,Pooja Das,Biotechnology,ADMISSIONS,What documents are required for admission verification?,High,2026-04-04,Portal
Q03485,Simran Kumar,Computer Science,EXAMINATION,How can I download my hall ticket?,Medium,2026-07-02,Portal
Q01816,Meera Verma,Computer Science,ADMISSIONS,How can I check the status of my admission application?,High,2026-04-23,Chat
Q03934,Neha Joshi,Information Technology, Hostel ,Please help. When will the hostel allotment list be announced?,Medium,2026-03-15,Email
Q01062,Arjun Das,Business Administration,Fees,How can I pay my semester fee online?,High,2026-07-03,Chat
Q00311,Aditi Joshi,Information Technology, Fees ,What is the last date for paying the semester fee?,Low,2026-07-31,Portal
Q02712,Vikram Verma,BIOTECHNOLOGY,TECHNICAL,I am unable to access my student portal.,Medium,2026-06-10,Email
Q01266,Rohit Joshi,Physics,Technical,I am unable to access my student portal.,Low,2026-02-16,Helpdesk
Q00425,Nitin Sharma,MATHEMATICS,,Please help. My exam centre details are not visible in the portal.,Low,2026-06-13,Helpdesk
Q03534,Neha Sharma,Information Technology,Fee,can i download my fee payment receipt?,Low,2026-04-19,Email
Q03981,Rohan Sharma,Electrical Engineering,fees,Please help. My fee payment was deducted but is not showing in the portal.,Medium,2026-01-23,Email
Q04961,Aman Mehta,Information Technology, Scholarship ,When will the scholarship results be announced? Kindly provide guidance.,Medium,2026-03-03,Portal
Q02264,Aman Sharma,Electronics,Fees,Is installment payment available for tuition fees?,High,2026-08-06,Helpdesk
Q01430,Isha Verma,Electrical Engineering, Scholarship ,How can I apply for a student scholarship?,High,2026-04-16,Chat
Q04896,Priya Verma,Information Technology,Fees,How can I pay my semester fee online?,High,2026-03-08,Portal
Q00210,Sneha Singh,Information Technology,TECHNICAL,I forgot my portal password and cannot log in.,High,2026-01-26,Chat
Q03371,Karan Verma,Civil,,What documents are required for scholarship verification?,Medium,2026-06-26,Email
Q04220,Aarav Sharma,Mechanical,FEES,my fee payment was deducted but is not showing in the portal.,Medium,2026-03-14,Helpdesk
Q00343,Shreya Joshi,Biotechnology,examination,I am unable to see my examination result.,Medium,2026-04-01,Portal
Q03898,Priya Patel,Biotechnology,EXAMINATION,I am unable to see my examination result.,High,2026-05-07,Helpdesk
Q04531,Simran Sharma,Electronics,Exam,What is the process for applying for revaluation?,Low,2026-07-16,Email
Q00388,Simran Gupta,Biotechnology,Accommodation,,Low,2026-02-26,Helpdesk
Q00492,Vikram Kumar,Electrical Engineering,TECHNICAL,The portal is showing an error while submitting my form.,Medium,2026-03-04,Email
Q04267,Riya Khan,Physics,Technical,i cannot upload my assignment due to a system error.,High,2026-01-29,Email
Q01251,Arjun Khan,Electrical Engineering,FEES,Is installment payment available for tuition fees?,Low,2026-02-17,Helpdesk
Q03151,Priya Gupta,Mathematics,Admissions,what documents are required for admission verification?,Medium,2026-06-28,Helpdesk
Q00765,Ananya Verma,Civil,Exam,What is the process for applying for revaluation?,Medium,2026-06-24,Portal
Q02492,Harsh Khan,Mathematics, admissions ,I need help with the admission registration process.,High,2026-03-08,Chat
Q00163,Kavya Singh,Mechanical,Exam,My exam centre details are not visible in the portal. Kindly provide guidance.,medium,2026-08-08,Helpdesk
Q03970,Pooja Joshi,Information Technology,Accommodation,When will the hostel allotment list be announced?,Medium,2026-06-28,Helpdesk
Q02290,Nisha Sharma,Computer Science,examination,How can I download my hall ticket?,Low,2026-08-05,Portal
Q02548,Riya Khan,Mathematics, Hostel ,How can I apply for hostel accommodation?,High,2026-05-24,Email
Q03935,Kavya Singh,Information Technology, Technical ,,High ,2026-06-03,Helpdesk
Q04031,Meera Patel,Physics,Exam,Please help. I am unable to see my examination result.,Medium,2026-08-31,Email
Q04739,Aditya Joshi,Electrical Engineering,scholarship,What are the eligibility criteria for the scholarship?,Low,2026-01-07,Portal
Q01579,Isha Sharma,Computer Science,Admission,How can I check the status of my admission application?,Low,2026-01-01,Email
Q02789,Tanvi Mehta,Mechanical, Fees ,My fee payment was deducted but is not showing in the portal.,Medium,2026-07-20,Portal
Q02808,Meera Kumar,Electronics,fees,is installment payment available for tuition fees?,Medium,2026-03-10,Portal
Q04751,Aarav Joshi,Electronics,Scholarship,What documents are required for scholarship verification?,Medium,2026-03-03,Portal
Q02071,Riya Das,Electrical Engineering, admissions ,How can I check the status of my admission application?,Medium,2026-06-05,Helpdesk
Q02936,Ishaan Singh,Electrical Engineering,fees,My fee payment was deducted but is not showing in the portal.,High,2026-04-07,Chat
Q03583,Aman Das,Information Technology,hostel,when will the hostel allotment list be announced?,Medium,2026-04-22,Email
Q00209,Shreya Mehta,Civil,examination,I am unable to see my examination result.,High,2026-01-29,Portal
Q03566,Priya Das,Civil, Fees ,Is installment payment available for tuition fees?,Medium,2026-06-04,Portal
Q02267,Shreya Patel,Business Administration,Technical,My dashboard is not loading properly.,Low,2026-02-10,Helpdesk
Q03876,Ananya Mehta,Mathematics,Hostel,What is the process for changing my hostel room?,Low,2026-01-10,Email
Q02858,Vikram Singh,Mechanical,Tech,I cannot upload my assignment due to a system error. Kindly provide guidance.,Low,2026-04-29,Email
Q00700,Aditi Mehta,Computer Science,Hostel,What is the process for changing my hostel room?,High,2026-04-08,Chat
Q01964,Nitin Sharma,Business Administration,TECHNICAL,I am unable to access my student portal.,Low,2026-01-26,Email
Q03351,Tanvi Khan,Civil,Examinations,my exam centre details are not visible in the portal.,Low,2026-04-20,Helpdesk
Q01230,Sanjay Verma,Mechanical,examination,When will the examination timetable be released?,Medium,2026-03-11,Chat
Q03115,Simran Khan,Biotechnology,Admissions,Can I change my selected programme after admission?,High,2026-04-14,Helpdesk
Q03108,Shreya Mehta,Electrical Engineering,Accommodation,Please help. I have a problem with my hostel room facilities.,Low,2026-05-15,Helpdesk
Q03693,Manav Singh,Biotechnology,ADMISSIONS,Can I change my selected programme after admission?,Medium,2026-06-17,Chat
Q01074,Yash Gupta,Electronics,hostel,What is the process for changing my hostel room?,High,2026-03-03,Email
Q01417,Divya Khan,Physics,EXAMINATION,Please help. When will the examination timetable be released?,High,2026-06-29,Chat
Q01379,Riya Joshi,Mathematics,fees,Can I download my fee payment receipt?,High,2026-07-25,Helpdesk
Q01316,Nitin Singh,Biotechnology,FEES,My fee payment was deducted but is not showing in the portal.,High,2026-01-16,Chat
Q03192,Aditi Singh,Computer Science,technical,I am unable to access my student portal.,Medium,2026-08-09,Helpdesk
Q04587,Shreya Gupta,Business Administration,EXAMINATION,i am unable to see my examination result.,Low,2026-05-11,Email
Q01945,Simran Sharma,Business Administration,Fees,How can I pay my semester fee online?,Medium,2026-01-12,Portal
Q04993,Ananya Khan,Physics,Admission,When will the next admission merit list be published? Kindly provide guidance.,Medium,2026-06-20,Helpdesk
Q04401,Nitin Patel,Civil,,What documents are required for scholarship verification?,Medium,2026-03-11,Chat
Q00932,Sneha Mehta,Mechanical,Technical,I cannot upload my assignment due to a system error.,Low,2026-08-02,Email
Q04496,Karan Verma,Mathematics,technical,I cannot upload my assignment due to a system error.,High,2026-03-03,Helpdesk
Q04419,Simran Sharma,Physics,technical,My dashboard is not loading properly.,Low,2026-04-08,Helpdesk
Q03720,Simran Patel,Civil,Tech,I cannot upload my assignment due to a system error.,Medium,2026-07-07,Email
Q02228,Neha Patel,Mechanical, Scholarship ,,Medium,2026-03-08,Portal
Q03061,Rohit Mehta,Biotechnology,Scholarship,When will the scholarship results be announced?,High,2026-07-26,Portal
Q03772,Nitin Das,Information Technology,Exam,My exam centre details are not visible in the portal.,Medium,2026-08-13,Portal
Q03725,Rohit Das,Computer Science,Fees,Can I download my fee payment receipt?,Medium,2026-01-13,Email
Q02648,Sanjay Gupta,Information Technology,Technical,I am unable to access my student portal.,Medium,2026-06-30,Helpdesk
Q03933,Rohan Sharma,Mechanical,technical,I cannot upload my assignment due to a system error.,High,2026-07-22,Portal
Q00184,Neha Khan,Mathematics,Tech,I forgot my portal password and cannot log in. Kindly provide guidance.,Low,2026-04-03,Email
Q01337,Sanjay Patel,Physics,Fee,My fee payment was deducted but is not showing in the portal.,Medium,2026-01-30,Email
Q02790,Harsh Singh,Electronics, Technical ,I cannot upload my assignment due to a system error.,Low,2026-06-10,Email
Q03857,Manav Joshi,ComputerScience,,What is the process for applying for revaluation?,Low,2026-04-10,Helpdesk
Q03804,Priya Kumar,Biotechnology,EXAMINATION,How can I download my hall ticket?,Medium,2026-08-09,Portal
Q00045,Sanjay Singh,Mechanical,TECHNICAL,I forgot my portal password and cannot log in.,Medium,2026-06-05,Portal
Q00248,Priya Joshi,Business Administration, Fees ,My fee payment was deducted but is not showing in the portal.,Medium,2026-04-23,Helpdesk
Q04880,Sneha Gupta,Civil,Accommodation,I have a problem with my hostel room facilities.,Low,2026-08-01,Portal
Q01274,Tanvi Joshi,Business Administration,Admissions,I need help with the admission registration process. Kindly provide guidance.,low,2026-06-06,Portal
Q02159,Rahul Joshi,Computer Science,fees,,low,2026-06-21,Chat
Q03998,Riya Gupta,Business Administration, Technical ,,Low,2026-02-14,Email
Q03470,Pooja Singh,Mathematics,FEES,Please help. How can I pay my semester fee online?,Medium,2026-01-04,Email
Q03831,Sanjay Joshi,Business Administration, Scholarship ,What are the eligibility criteria for the scholarship?,Medium,2026-07-07,Helpdesk
Q01237,Vikram Mehta,Mathematics,hostel,I have a problem with my hostel room facilities.,High,2026-05-14,Chat
Q00832,Varun Kumar,Mathematics,Hostel,I have a problem with my hostel room facilities.,High,2026-07-23,Chat
Q03920,Sneha Khan,Mechanical, Hostel ,When will the hostel allotment list be announced?,Low,2026-05-30,Helpdesk
Q02891,Shreya Patel,Mechanical,Exam,i am unable to see my examination result.,Medium,2026-07-10,Chat
Q04022,Rohan Das,Electronics, Examination ,When will the examination timetable be released?,High,2026-03-18,Helpdesk
Q04469,Varun Verma,Computer Science,admissions,what documents are required for admission verification?,High,2026-05-11,Portal
Q00931,Neha Joshi,Physics,,When will the next admission merit list be published?,Low,2026-01-14,Portal
Q02639,Yash Khan,Biotechnology,fees,Is installment payment available for tuition fees?,High,2026-08-08,Portal
Q00694,Neha Das,Computer Science,Scholarships,Please help. What are the eligibility criteria for the scholarship?,High,2026-03-11,Chat
Q00902,Nisha Gupta,Mechanical,TECHNICAL,The portal is showing an error while submitting my form.,HIGH,2026-05-11,Helpdesk
Q00549,Vikram Sharma,Mathematics,Technical,i forgot my portal password and cannot log in.,MEDIUM,2026-01-12,Email
Q04041,Pooja Gupta,Biotechnology,hostel,How can I contact the hostel administration?,Medium,2026-03-20,Chat
Q04765,Simran Mehta,Physics,fees,,Medium,2026-05-28,Portal
Q00461,Arjun Mehta,Physics,hostel,How can I apply for hostel accommodation?,Medium,2026-02-07,Helpdesk
Q04915,Neha Joshi,Information Technology,Examinations,When will the examination timetable be released?,Medium,2026-08-15,Email
Q04636,Sakshi Verma,Physics,Hostel,How can I contact the hostel administration? Kindly provide guidance.,Medium,2026-06-25,Email
Q01239,Rohan Sharma,Business Administration,Exam,What is the process for applying for revaluation?,Medium,2026-08-02,Portal
Q04847,Sakshi Khan,Electrical Engineering, Fees ,My fee payment was deducted but is not showing in the portal.,Low,2026-02-25,Portal
Q02866,Yash Mehta,Mechanical, Hostel ,,Medium,2026-02-01,Portal
Q02502,Rohan Sharma,Mechanical,Tech,The portal is showing an error while submitting my form.,Medium,2026-01-15,Portal
Q01504,Aditya Khan,Electronics,TECHNICAL,I forgot my portal password and cannot log in.,Low,2026-07-17,Helpdesk
Q02560,Karan Khan,Mathematics,hostel,How can I apply for hostel accommodation?,Medium,2026-08-30,Chat
Q04320,Nitin Singh,Information Technology, admissions ,Please help. When will the next admission merit list be published?,Low,2026-04-01,Portal
Q00949,Aditi Kumar,Information Technology,Tech,I am unable to access my student portal.,Medium,2026-08-01,Helpdesk
Q00130,Aditya Joshi,Mechanical,scholarship,How can I apply for a student scholarship?,Medium,2026-02-11,Email
Q02355,Karan Singh,Physics, Hostel ,What is the process for changing my hostel room?,High,2026-05-21,Chat
Q00903,Sneha Kumar,Physics,,is installment payment available for tuition fees?,Low,2026-06-26,Email
Q03650,Aarav Sharma,Mathematics,Tech,I forgot my portal password and cannot log in.,Low,2026-02-24,Helpdesk
Q00860,Isha Patel,Mechanical, admissions ,Can I change my selected programme after admission?,Medium,2026-08-01,Helpdesk
Q00753,Ankit Das,Biotechnology, Hostel ,when will the hostel allotment list be announced?,HIGH,2026-08-27,Helpdesk
Q01459,Arjun Gupta,Electronics, Examination ,When will the examination timetable be released?,High,2026-05-13,Helpdesk
Q00641,Harsh Gupta,Mechanical,hostel,When will the hostel allotment list be announced?,Medium,2026-06-07,Email
Q04213,Nisha Gupta,Mechanical,Accommodation,What is the process for changing my hostel room? Kindly provide guidance.,Low,2026-06-17,Chat
Q05148,Sanjay Joshi,Mechanical,FEES,What is the last date for paying the semester fee?,Medium,2026-01-29,Helpdesk
Q03237,Pooja Kumar,Mathematics,Admissions,Can I change my selected programme after admission?,Medium,2026-08-15,Email
Q04029,Meera Joshi,Mechanical,Scholarship,My scholarship application status is pending.,Low,2026-08-17,Chat
Q02064,Rohit Verma,Civil,Tech,I am unable to access my student portal.,Low,2026-04-11,Email
Q03436,Tanvi Gupta,Computer Science,examination,I am unable to see my examination result.,Medium,2026-08-21,Chat
Q04384,Manav Khan,information technology,Accommodation,When will the hostel allotment list be announced?,Medium,2026-08-19,Helpdesk
Q00639,Vikram Mehta,Physics,Admission,What documents are required for admission verification?,High,2026-06-30,Helpdesk
Q04677,Kavya Joshi,Physics,FEES,what is the last date for paying the semester fee?,High,2026-08-20,Portal
Q03020,Arjun Gupta,Biotechnology, Hostel ,When will the hostel allotment list be announced?,Medium,2026-07-12,Email
Q03157,Isha Joshi,Computer Science,TECHNICAL,i am unable to access my student portal.,High,2026-01-17,Email
Q04723,Kavya Kumar,Biotechnology,Technical,I cannot upload my assignment due to a system error.,High,2026-01-12,Chat
Q02246,Simran Mehta,Mathematics,Exam,how can i download my hall ticket?,Medium,2026-06-03,Email
Q01351,Kavya Singh,Business Administration,Examination,What is the process for applying for revaluation?,Medium,2026-04-05,Email
Q02428,Ishaan Verma,Mechanical,Technical,I forgot my portal password and cannot log in.,Low,2026-05-11,Chat
Q01946,Harsh Joshi,Electronics, Examination ,When will the examination timetable be released?,Low,2026-08-13,Email
Q04845,Harsh Sharma,Physics, admissions ,I need help with the admission registration process.,Low,2026-01-20,Email
Q05063,Divya Joshi,Electronics, Scholarship ,How can I apply for a student scholarship?,Medium,2026-03-22,Helpdesk
Q03805,Aarav Gupta,Information Technology,TECHNICAL,My dashboard is not loading properly. Kindly provide guidance.,Medium,2026-03-15,Chat
Q04004,Ishaan Sharma,Business Administration,Accommodation,,LOW,2026-01-01,Portal
Q01122,Manav Patel,Electrical Engineering,scholarship,Please help. What documents are required for scholarship verification?,Low,2026-01-21,Email
Q01655,Aarav Khan,Civil,Hostel,How can I apply for hostel accommodation?,Low,2026-04-07,Portal
Q03912,Payal Verma,Civil,fees,Can I download my fee payment receipt?,Medium,2026-08-28,Helpdesk
Q01473,Sakshi Joshi,Biotechnology,Admissions,What documents are required for admission verification?,Medium,2026-06-23,Portal
Q01115,Tanvi Gupta,Mathematics,HOSTEL,How can I apply for hostel accommodation?,High,2026-05-11,Helpdesk
Q00967,Riya Mehta,Computer Science,SCHOLARSHIP,When will the scholarship results be announced?,Low,2026-08-05,Portal
Q03928,Riya Khan,Electrical Engineering,HOSTEL,How can I apply for hostel accommodation? Kindly provide guidance.,High,2026-07-27,Email
Q00928,Sakshi Kumar,MATHEMATICS,Admission,What documents are required for admission verification?,Medium,2026-08-25,Portal
Q03604,Rohan Mehta,Mathematics,,What is the process for applying for revaluation?,Low,2026-03-09,Chat
Q00407,Karan Singh,Mathematics,Scholarships,How can I apply for a student scholarship?,Medium,2026-03-12,Email
Q02107,Neha Mehta,ELECTRICAL ENGINEERING, admissions ,i need help with the admission registration process.,High,2026-05-14,Helpdesk
Q02370,Varun Mehta,Mechanical,ADMISSIONS,What documents are required for admission verification?,Low,2026-05-21,Email
Q01861,Priya Verma,Physics,EXAMINATION,How can I download my hall ticket?,Medium,2026-07-27,Chat
Q02191,Pooja Das,Physics, Fees ,how can i pay my semester fee online?,Low,2026-03-03,Helpdesk
Q03040,Ananya Joshi,Computer Science,Exam,I am unable to see my examination result.,High ,2026-08-02,Chat
Q04248,Kavya Sharma,Physics,Accommodation,What is the process for changing my hostel room?,Low,2026-06-02,Chat
Q04511,Rohan Singh,Electrical Engineering,Technical,I am unable to access my student portal.,Low,2026-08-01,Chat
Q00411,Nitin Verma,Biotechnology,technical,I forgot my portal password and cannot log in.,Medium,2026-01-05,Helpdesk
Q04873,Sneha Kumar,Civil,examination,I am unable to see my examination result.,Low,2026-02-02,Helpdesk
Q00448,Ananya Kumar,Mathematics,Admission,When will the next admission merit list be published?,Medium,2026-08-15,Helpdesk
Q00555,Nisha Verma,Electronics,TECHNICAL,i am unable to access my student portal.,High ,2026-04-18,Portal
Q00885,Sneha Verma,Information Technology,SCHOLARSHIP,what documents are required for scholarship verification?,High,2026-03-02,Portal
Q02789,Tanvi Mehta,Mechanical, Fees ,My fee payment was deducted but is not showing in the portal.,Medium,2026-07-20,Portal
Q01771,Ishaan Joshi,Biotechnology,ADMISSIONS,I need help with the admission registration process.,Medium,2026-04-19,Chat
Q04382,Shreya Mehta,Biotechnology,SCHOLARSHIP,When will the scholarship results be announced?,High,2026-07-25,Helpdesk
Q00158,Manav Sharma,Mathematics,,Can I change my selected programme after admission? Kindly provide guidance.,High,2026-07-13,Chat
Q01112,Yash Joshi,Mechanical, Scholarship ,My scholarship application status is pending.,Medium,2026-08-26,Portal
Q03783,Manav Das,Electronics,HOSTEL,How can I contact the hostel administration?,High,2026-04-04,Chat
Q01014,Rohan Singh,Computer Science,technical,my dashboard is not loading properly.,High,2026-05-18,Email
Q01730,Divya Sharma,Mechanical,HOSTEL,How can I contact the hostel administration?,High,2026-07-03,Helpdesk
Q02948,Aditi Das,Business Administration,TECHNICAL,I am unable to access my student portal.,High,2026-08-09,Chat
Q03754,Karan Singh,electrical engineering,TECHNICAL,The portal is showing an error while submitting my form.,Medium,2026-07-23,Email
Q02252,Shreya Mehta,Mathematics,examination,When will the examination timetable be released?,High,2026-01-06,Chat
Q03296,Priya Kumar,Electronics,,i have a problem with my hostel room facilities.,Low,2026-04-17,Portal
Q01164,Aditi Khan,Mechanical,Admission,Please help. I need help with the admission registration process.,Low,2026-08-29,Chat
Q03578,Isha Kumar,Information Technology,Admissions,Please help. When will the next admission merit list be published?,Medium,2026-01-03,Helpdesk
Q04911,Yash Singh,Mechanical,ADMISSIONS,When will the next admission merit list be published?,Low,2026-01-30,Chat
Q02606,Ananya Kumar,Mathematics,,Please help. I forgot my portal password and cannot log in.,Medium,2026-08-02,Chat
Q00147,Sanjay Singh,Computer Science,ADMISSIONS,When will the next admission merit list be published?,Medium,2026-01-13,Email
Q04972,Karan Kumar,Business Administration, Examination ,When will the examination timetable be released?,High,2026-03-19,Portal
Q03218,Isha Joshi,Mechanical, Scholarship ,My scholarship application status is pending.,Low,2026-05-17,Email
Q00874,Payal Joshi,Physics,EXAMINATION,What is the process for applying for revaluation?,Medium,2026-01-31,Chat
Q04769,Aman Joshi,Information Technology,admissions,Can I change my selected programme after admission?,Low,2026-05-20,Helpdesk
Q01847,Simran Das,Business Administration,Fee,,Medium,2026-06-05,Email
Q03841,Simran Singh,Civil, Technical ,Please help. The portal is showing an error while submitting my form.,Medium,2026-02-14,Chat
Q05035,Ananya Gupta,Computer Science,,what is the process for applying for revaluation?,Low,2026-02-05,Helpdesk
Q00203,Karan Sharma,Electronics, Examination ,How can I download my hall ticket?,Medium,2026-03-10,Portal
Q01040,Payal Verma,Information Technology,Scholarships,When will the scholarship results be announced?,Low,2026-07-23,Portal
Q03880,Arjun Das,Business Administration,SCHOLARSHIP,What are the eligibility criteria for the scholarship?,High,2026-01-02,Helpdesk
Q02833,Pooja Sharma,Information Technology,Scholarships,How can I apply for a student scholarship?,Medium,2026-03-27,Helpdesk
Q02958,Sanjay Kumar,Biotechnology,SCHOLARSHIP,,Low,2026-01-13,Chat
Q01647,Nisha Patel,Computer Science,Hostel,,Low,2026-05-06,Email
Q04974,Rohan Joshi,Physics, Hostel ,What is the process for changing my hostel room?,Low,2026-06-04,Helpdesk
Q03903,Divya Khan,Biotechnology,fees,Is installment payment available for tuition fees?,Low,2026-03-07,Portal
Q01944,Nitin Joshi,Computer Science, Technical ,The portal is showing an error while submitting my form.,High ,2026-07-01,Chat
Q00417,Sakshi Patel,Electrical Engineering,Fees,Can I download my fee payment receipt?,Low,2026-02-23,Helpdesk
Q02816,Meera Gupta,Mathematics,Technical,I forgot my portal password and cannot log in. Kindly provide guidance.,Low,2026-06-30,Helpdesk
Q02596,Aditya Gupta,Civil,Admissions,I need help with the admission registration process.,HIGH,2026-08-08,Helpdesk
Q03554,Ananya Mehta,Mechanical,Technical,My dashboard is not loading properly.,Low,2026-01-30,Chat
Q00234,Aditya Gupta,Mathematics, admissions ,What documents are required for admission verification?,Medium,2026-04-16,Chat
Q03730,Karan Gupta,Business Administration,SCHOLARSHIP,,High,2026-07-13,Portal
Q01404,Isha Verma,Physics,Fee,Please help. My fee payment was deducted but is not showing in the portal.,Low,2026-06-24,Chat
Q01121,Ankit Sharma,Information Technology,,my scholarship application status is pending.,High,2026-08-03,Portal
Q03781,Pooja Gupta,Mechanical,Accommodation,How can I apply for hostel accommodation?,Medium,2026-05-08,Chat
Q03444,Aarav Patel,Business Administration,scholarship,My scholarship application status is pending.,Medium,2026-03-24,Email
Q00833,Aman Mehta,Computer Science,Admissions,,High,2026-07-01,Helpdesk
Q03742,Arjun Sharma,Electrical Engineering,Technical,The portal is showing an error while submitting my form.,High,2026-03-31,Helpdesk
Q00867,Aarav Gupta,Biotechnology,FEES,What is the last date for paying the semester fee?,Medium,2026-08-24,Portal
Q00970,Nisha Joshi,Computer Science,examination,My exam centre details are not visible in the portal.,High,2026-01-14,Chat
Q02313,Aarav Patel,Computer Science,Hostel,I have a problem with my hostel room facilities.,High,2026-05-03,Chat
Q01197,Varun Kumar,Mechanical,fees,How can I pay my semester fee online?,medium,2026-02-23,Helpdesk
Q03464,Simran Verma,Computer Science,ADMISSIONS,Please help. What documents are required for admission verification?,Medium,2026-04-14,Chat
Q02386,Meera Khan,Business Administration,Exam,When will the examination timetable be released?,High,2026-05-27,Helpdesk
Q00098,Rahul Singh,Civil,Scholarship,My scholarship application status is pending.,high,2026-07-24,Portal
Q03968,Yash Mehta,Information Technology,scholarship,Please help. How can I apply for a student scholarship?,High,2026-06-05,Portal
Q02551,Riya Das,Computer Science, Technical ,,Low,2026-01-22,Email
Q02727,Rohit Gupta,Civil,SCHOLARSHIP,What are the eligibility criteria for the scholarship? Kindly provide guidance.,Low,2026-05-04,Email
Q03745,Kavya Khan,Electrical Engineering,Scholarships,What documents are required for scholarship verification?,High,2026-07-11,Helpdesk
Q01265,Harsh Khan,Electronics, Fees ,My fee payment was deducted but is not showing in the portal.,Medium,2026-07-11,Portal
Q00924,Rohan Khan,Physics, Technical ,my dashboard is not loading properly.,Medium,2026-08-14,Email
Q02991,Neha Joshi,Biotechnology,Exam,My exam centre details are not visible in the portal.,High,2026-07-01,Email
Q02641,Aarav Verma,Mathematics, Technical ,I cannot upload my assignment due to a system error.,Low,2026-01-11,Portal
Q00785,Karan Khan,Business Administration,SCHOLARSHIP,when will the scholarship results be announced?,High,2026-05-20,Portal
Q02917,Nisha Gupta,Electrical Engineering,Exam,Please help. My exam centre details are not visible in the portal.,High,2026-08-02,Portal
Q02774,Rahul Joshi,Civil,Scholarship,How can I apply for a student scholarship?,Medium,2026-07-24,Portal
Q01408,Aditya Patel,Mechanical,HOSTEL,How can I contact the hostel administration?,Medium,2026-02-25,Portal
Q02418,Simran Gupta,Business Administration,TECHNICAL,My dashboard is not loading properly.,High,2026-04-09,Email
Q04755,Riya Patel,Information Technology,admissions,How can I check the status of my admission application?,Medium,2026-05-09,Helpdesk
Q05098,Sneha Singh,Computer Science,fees,How can I pay my semester fee online? Kindly provide guidance.,Medium,2026-03-21,Email
Q03504,Sakshi Gupta,Civil,Exam,What is the process for applying for revaluation?,Medium,2026-01-18,Helpdesk
Q00280,Shreya Gupta,Electrical Engineering, Fees ,how can i pay my semester fee online?,Medium,2026-07-25,Helpdesk
Q03150,Neha Sharma,Electronics,Accommodation,How can I apply for hostel accommodation?,Medium,2026-05-02,Helpdesk
Q00923,Arjun Kumar,Electronics, admissions ,i need help with the admission registration process.,Medium,2026-04-21,Email
Q04635,Vikram Gupta,Electrical Engineering,examination,When will the examination timetable be released?,Medium,2026-06-21,Helpdesk
Q03825,Manav Das,Mathematics,EXAMINATION,When will the examination timetable be released?,Medium,2026-03-03,Helpdesk
Q04421,Varun Singh,Electronics,Tech,The portal is showing an error while submitting my form.,Medium,2026-03-03,Chat
Q03009,Karan Gupta,Computer Science,SCHOLARSHIP,How can I apply for a student scholarship?,Medium,2026-08-31,Helpdesk
Q03141,Nitin Sharma,Electrical Engineering, Technical ,Please help. I forgot my portal password and cannot log in.,High,2026-01-12,Email
Q03662,Sakshi Khan,Physics,admissions,When will the next admission merit list be published?,High,2026-05-12,Chat
Q02920,Harsh Gupta,Mechanical,Fee,How can I pay my semester fee online? Kindly provide guidance.,Medium,2026-07-11,Portal
Q04732,Manav Verma,Biotechnology,ADMISSIONS,What documents are required for admission verification? Kindly provide guidance.,High ,2026-04-13,Helpdesk
Q04193,Shreya Das,Physics, Scholarship ,What are the eligibility criteria for the scholarship?,Medium,2026-07-03,Helpdesk
Q02557,Rohit Sharma,Computer Science,Hostel,What is the process for changing my hostel room?,Medium,2026-01-21,Email
Q02640,Yash Das,Computer Science,Technical,Please help. I am unable to access my student portal.,High,2026-07-01,Helpdesk
Q01594,Aditi Gupta,Electronics,SCHOLARSHIP,How can I apply for a student scholarship?,Medium,2026-04-19,Chat
Q03836,Divya Gupta,Mechanical,Scholarships,When will the scholarship results be announced?,Medium,2026-05-25,Portal
Q04589,Vikram Gupta,Electronics,HOSTEL,I have a problem with my hostel room facilities.,High,2026-01-20,Chat
Q00609,Ankit Sharma,Mathematics,Technical,Please help. I cannot upload my assignment due to a system error.,Low,2026-01-11,Portal
Q01327,Bhavya Mehta,Electrical Engineering,Fee,Is installment payment available for tuition fees?,medium,2026-01-03,Email
Q01423,Arjun Singh,Electronics,Examination,My exam centre details are not visible in the portal.,Medium,2026-08-12,Email
Q00724,Priya Khan,Business Administration,scholarship,Please help. How can I apply for a student scholarship?,High,2026-02-02,Portal
Q00052,Nisha Khan,Mechanical,SCHOLARSHIP,My scholarship application status is pending.,Medium,2026-04-28,Portal
Q04066,Ishaan Khan,MECHANICAL,Admission,Can I change my selected programme after admission?,Medium,2026-02-23,Chat
Q00232,Aditi Joshi,Computer Science,TECHNICAL,My dashboard is not loading properly.,Medium,2026-04-04,Portal
Q04561,Sneha Gupta,Electrical Engineering,hostel,I have a problem with my hostel room facilities.,High,2026-08-13,Chat
Q03289,Kavya Gupta,Electrical Engineering, Hostel ,I have a problem with my hostel room facilities.,Medium,2026-01-22,Chat
Q02750,Pooja Mehta,Business Administration,TECHNICAL,My dashboard is not loading properly.,Medium,2026-07-14,Portal
Q00923,Arjun Kumar,Electronics, admissions ,i need help with the admission registration process.,Medium,2026-04-21,Email
Q00108,Ishaan Gupta,Electronics,ADMISSIONS,Can I change my selected programme after admission?,High,2026-01-20,Portal
Q03338,Tanvi Verma,Physics,fees,How can I pay my semester fee online?,Medium,2026-01-25,Chat
Q03352,Manav Sharma,Electronics, admissions ,Can I change my selected programme after admission?,Medium,2026-03-21,Portal
Q02166,Harsh Mehta,Mechanical,ADMISSIONS,How can I check the status of my admission application?,Low,2026-04-18,Email
Q04359,Ankit Singh,Electrical Engineering,Tech,I cannot upload my assignment due to a system error.,Medium,2026-05-27,Chat
Q03337,Nisha Sharma,Electrical Engineering,ADMISSIONS,What documents are required for admission verification?,Medium,2026-06-15,Portal
Q00777,Ankit Verma,Biotechnology,Fees,My fee payment was deducted but is not showing in the portal.,Low,2026-06-03,Chat
Q03081,Harsh Kumar,Mathematics,fees,Can I download my fee payment receipt?,High,2026-06-14,Helpdesk
Q02289,Nitin Kumar,Mathematics,Fees,Can I download my fee payment receipt?,Low,2026-05-03,Portal
Q05131,Arjun Singh,Information Technology,examination,My exam centre details are not visible in the portal.,Medium,2026-01-15,Portal
Q00268,Shreya Mehta,Information Technology,TECHNICAL,The portal is showing an error while submitting my form.,Medium,2026-08-15,Helpdesk
Q04160,Tanvi Das,Biotechnology,Exam,How can I download my hall ticket?,Medium,2026-07-08,Chat
Q02380,Simran Das,Physics,Admission,Please help. When will the next admission merit list be published?,Low,2026-03-12,Chat
Q01852,Karan Mehta,Electronics,technical,My dashboard is not loading properly. Kindly provide guidance.,Low,2026-05-27,Chat
Q01067,Yash Mehta,Electronics,,My exam centre details are not visible in the portal.,High,2026-03-30,Email
Q02410,Varun Singh,Mathematics,Tech,The portal is showing an error while submitting my form.,Low,2026-08-04,Email
Q01445,Karan Sharma,Business Administration,ADMISSIONS,I need help with the admission registration process.,Medium,2026-04-18,Portal
Q03601,Ankit Singh,Electrical Engineering,examination,i am unable to see my examination result.,High,2026-01-05,Email
Q01641,Divya Das,Mathematics,Examination,What is the process for applying for revaluation?,High,2026-08-16,Portal
Q00829,Aditi Das,Biotechnology,Scholarship,When will the scholarship results be announced?,High,2026-02-05,Helpdesk
Q02132,Payal Khan,Civil,Scholarship,What documents are required for scholarship verification?,High,2026-05-20,Email
Q01169,Ishaan Kumar,Electrical Engineering,Fee,My fee payment was deducted but is not showing in the portal. Kindly provide guidance.,Medium,2026-01-26,Chat
Q00547,Shreya Patel,Computer Science, Scholarship ,My scholarship application status is pending.,Low,2026-03-06,Helpdesk
Q04795,Karan Mehta,Computer Science,Hostel,When will the hostel allotment list be announced?,High,2026-08-14,Chat
Q01132,Meera Sharma,Business Administration, Examination ,I am unable to see my examination result.,High,2026-01-24,Chat
Q04062,Payal Kumar,Mechanical,Hostel,Please help. What is the process for changing my hostel room?,Medium,2026-02-24,Portal
Q00936,Pooja Joshi,Mathematics,,Please help. I am unable to access my student portal.,High,2026-02-10,Chat
Q03428,Rohit Gupta,Mechanical,Examination,When will the examination timetable be released?,Low,2026-01-26,Chat
Q03997,Rahul Kumar,Physics,scholarship,What documents are required for scholarship verification?,Low,2026-02-03,Portal
Q04328,Tanvi Verma,Civil,HOSTEL,How can I apply for hostel accommodation? Kindly provide guidance.,High,2026-04-15,Chat
Q04224,Tanvi Singh,Electronics,technical,,High,2026-07-24,Chat
Q04941,Divya Mehta,Business Administration, Examination ,When will the examination timetable be released?,Low,2026-03-11,Email
Q02003,Rohan Verma,Computer Science,Fees,Is installment payment available for tuition fees?,High,2026-02-25,Chat
Q01908,Aditi Kumar,Civil, admissions ,What documents are required for admission verification?,Medium,2026-02-21,Helpdesk
Q03721,Sakshi Joshi,Business Administration,FEES,How can I pay my semester fee online?,High,2026-01-15,Portal
Q02010,Yash Gupta,Mechanical,Tech,i am unable to access my student portal.,High,2026-05-03,Portal
Q04032,Ishaan Khan,Electronics,technical,I forgot my portal password and cannot log in.,Low,2026-04-29,Helpdesk
Q04219,Neha Sharma,Business Administration,Exam,what is the process for applying for revaluation?,HIGH,2026-06-20,Portal
Q02442,Ankit Verma,Civil,technical,I forgot my portal password and cannot log in.,High,2026-03-08,Email
Q04840,Manav Das,Mathematics,hostel,What is the process for changing my hostel room?,High,2026-07-04,Email
Q01911,Manav Mehta,Electronics,ADMISSIONS,When will the next admission merit list be published?,High,2026-04-06,Portal
Q02930,Nitin Verma,Physics,HOSTEL,How can I apply for hostel accommodation? Kindly provide guidance.,Medium,2026-06-27,Portal
Q04490,Karan Sharma,Biotechnology,hostel,How can I apply for hostel accommodation?,Low,2026-06-22,Email
Q00708,Arjun Joshi,Civil,examination,My exam centre details are not visible in the portal.,low,2026-03-30,Email
Q03983,Aditya Singh,Business Administration,examination,How can I download my hall ticket?,Medium,2026-05-27,Portal
Q00673,Rahul Verma,Electronics,Fees,Can I download my fee payment receipt?,Low,2026-04-07,Chat
Q04861,Simran Singh,Electronics,HOSTEL,What is the process for changing my hostel room?,Medium,2026-05-17,Email
Q02038,Ananya Joshi,Mechanical,Hostel,How can I apply for hostel accommodation?,Medium,2026-08-08,Email
Q00528,Ananya Singh,Electrical Engineering,Admission,When will the next admission merit list be published?,Low,2026-01-11,Portal
Q01199,Sakshi Mehta,Physics,SCHOLARSHIP,What are the eligibility criteria for the scholarship?,Medium,2026-08-28,Email
Q02270,Karan Sharma,Mathematics,Scholarship,My scholarship application status is pending. Kindly provide guidance.,Medium,2026-05-13,Email
Q02192,Harsh Kumar, Electronics ,Technical,Please help. My dashboard is not loading properly.,High,2026-04-15,Helpdesk
Q00081,Riya Khan,Computer Science,scholarship,,High,2026-08-09,Portal
Q03007,Divya Khan,Business Administration,technical,I am unable to access my student portal.,Medium,2026-01-10,Helpdesk
Q03200,Aarav Verma,Mathematics,Fees,How can I pay my semester fee online?,Medium,2026-01-25,Chat
Q03335,Simran Mehta,Information Technology,Tech,I am unable to access my student portal.,Medium,2026-08-01,Email
Q01850,Simran Joshi,Information Technology,Hostel,When will the hostel allotment list be announced? Kindly provide guidance.,Medium,2026-01-23,Helpdesk
Q01818,Isha Sharma,Business Administration, Scholarship ,What documents are required for scholarship verification?,Low,2026-05-19,Portal
Q02935,Divya Patel, Civil ,hostel,I have a problem with my hostel room facilities.,Low,2026-05-18,Helpdesk
Q03284,Payal Khan,Mechanical,EXAMINATION,I am unable to see my examination result. Kindly provide guidance.,High,2026-04-17,Helpdesk
Q00054,Aditi Gupta,Mathematics,TECHNICAL,I forgot my portal password and cannot log in.,Medium,2026-06-15,Portal
Q04823,Manav Joshi,Electrical Engineering,TECHNICAL,Please help. The portal is showing an error while submitting my form.,Medium,2026-01-01,Helpdesk
Q03431,Harsh Mehta,Physics,Fees,Can I download my fee payment receipt?,Medium,2026-06-21,Chat
Q02232,Neha Verma,Electrical Engineering,hostel,When will the hostel allotment list be announced?,Medium,2026-07-03,Chat
Q01875,Simran Singh,Physics,Scholarship,What documents are required for scholarship verification?,Medium,2026-02-09,Helpdesk
Q03415,Neha Mehta,Business Administration,examination,When will the examination timetable be released?,Medium,2026-04-04,Email
Q04679,Rahul Verma,Civil,hostel,What is the process for changing my hostel room? Kindly provide guidance.,Low,2026-04-19,Chat
Q03028,Sneha Verma,Physics,FEES,What is the last date for paying the semester fee?,Low,2026-07-13,Chat
Q02041,Rohan Kumar,Physics,Admission,when will the next admission merit list be published?,Medium,2026-06-06,Chat
Q04705,Aditi Gupta,Business Administration,Admission,What documents are required for admission verification?,Low,2026-03-20,Portal
Q03019,Simran Gupta, Physics ,EXAMINATION,What is the process for applying for revaluation?,Low,2026-08-11,Helpdesk
Q04314,Bhavya Singh,Biotechnology,ADMISSIONS,Can I change my selected programme after admission?,Medium,2026-01-31,Helpdesk
Q03229,Pooja Patel,Electrical Engineering, Hostel ,When will the hostel allotment list be announced? Kindly provide guidance.,High,2026-07-30,Chat
Q03149,Priya Das,Business Administration,admissions,How can I check the status of my admission application?,Medium,2026-08-26,Helpdesk
Q03813,Shreya Sharma,Biotechnology, Hostel ,Please help. How can I contact the hostel administration?,Medium,2026-03-18,Email
Q02828,Bhavya Mehta,Physics, Hostel ,Please help. What is the process for changing my hostel room?,High,2026-03-30,Portal
Q01508,Bhavya Singh,Biotechnology,technical,the portal is showing an error while submitting my form.,Medium,2026-03-07,Portal
Q04689,Neha Singh,Computer Science, Examination ,How can I download my hall ticket?,Low,2026-08-12,Portal
Q04514,Varun Verma,Information Technology, Fees ,Can I download my fee payment receipt?,High,2026-08-26,Chat
Q01321,Sakshi Joshi,Mathematics,admissions,I need help with the admission registration process. Kindly provide guidance.,Medium,2026-01-17,Portal
Q02630,Karan Patel,Civil,EXAMINATION,When will the examination timetable be released? Kindly provide guidance.,Medium,2026-03-30,Chat
Q03261,Priya Das,Electronics,hostel,When will the hostel allotment list be announced?,Medium,2026-06-26,Portal
Q02361,Nisha Das,Mathematics,scholarship,My scholarship application status is pending.,Medium,2026-07-15,Chat
Q01592,Ankit Singh,Mathematics,,what documents are required for admission verification?,High,2026-01-31,Helpdesk
Q04283,Aditya Khan,Electronics,hostel,How can I contact the hostel administration?,Low,2026-04-11,Chat
Q02927,Aditi Verma,Physics, Examination ,my exam centre details are not visible in the portal.,Medium,2026-03-07,Portal
Q04143,Harsh Verma,Electronics,Examination,When will the examination timetable be released?,Medium,2026-06-09,Email
Q05134,Neha Verma,Biotechnology,fees,Is installment payment available for tuition fees?,High,2026-07-16,Email
Q01427,Divya Joshi, Business Administration ,Fee,How can I pay my semester fee online?,Low,2026-02-18,Email
Q01790,Shreya Mehta,Electrical Engineering,technical,I am unable to access my student portal.,Medium,2026-04-04,Email
Q04704,Yash Sharma,Electrical Engineering,EXAMINATION,When will the examination timetable be released?,High,2026-03-11,Chat
Q04833,Ananya Singh,Civil, Scholarship ,What are the eligibility criteria for the scholarship?,Low,2026-05-04,Chat
Q02739,Priya Khan,Computer Science,Examination,When will the examination timetable be released?,Low,2026-01-10,Chat
Q02002,Shreya Kumar,Electrical Engineering,Hostel,When will the hostel allotment list be announced?,Low,2026-02-05,Chat
Q03509,Priya Sharma,Mechanical,Exam,Please help. How can I download my hall ticket?,Medium,2026-05-31,Helpdesk
Q01577,Rohan Kumar,Mathematics,Fee,can i download my fee payment receipt?,Medium,2026-02-14,Email
Q00649,Bhavya Das,Business Administration,Admissions,how can i check the status of my admission application?,Medium,2026-08-02,Chat
Q00597,Aditi Joshi,Business Administration,Tech,My dashboard is not loading properly.,Medium,2026-01-30,Helpdesk
Q01672,Vikram Khan,Mathematics,hostel,What is the process for changing my hostel room?,High,2026-05-14,Helpdesk
Q00393,Tanvi Mehta,Biotechnology,Fees,Can I download my fee payment receipt?,High,2026-01-06,Helpdesk
Q00464,Riya Mehta,Electronics,Admission,I need help with the admission registration process.,High,2026-02-13,Email
Q03350,Manav Singh,Electrical Engineering,Fees,My fee payment was deducted but is not showing in the portal.,Low,2026-01-28,Helpdesk
Q01190,Rahul Joshi,Biotechnology,,i need help with the admission registration process.,Low,2026-07-30,Email
Q02042,Sanjay Sharma,Biotechnology,Exam,How can I download my hall ticket?,High,2026-06-02,Email
Q00514,Shreya Verma,Mathematics,Admissions,Can I change my selected programme after admission?,High,2026-01-20,Chat
Q04786,Tanvi Kumar,Business Administration, admissions ,I need help with the admission registration process.,Medium,2026-03-22,Portal
Q01314,Karan Sharma,Electronics,Exam,How can I download my hall ticket? Kindly provide guidance.,High,2026-03-20,Portal
Q00187,Sneha Verma,Physics,HOSTEL,I have a problem with my hostel room facilities.,Medium,2026-07-12,Helpdesk
Q01597,Neha Mehta,Information Technology,,,Medium,2026-07-18,Chat
Q03636,Ishaan Das,Electronics, Technical ,I cannot upload my assignment due to a system error. Kindly provide guidance.,Medium,2026-06-23,Chat
Q02516,Ankit Das,Business Administration,FEES,Is installment payment available for tuition fees? Kindly provide guidance.,MEDIUM,2026-07-14,Helpdesk
Q03237,Pooja Kumar,Mathematics,Admissions,Can I change my selected programme after admission?,Medium,2026-07-08,Email
Q04136,Isha Verma,Civil,TECHNICAL,I forgot my portal password and cannot log in. Kindly provide guidance.,Medium,2026-07-30,Portal
Q05165,Pooja Joshi,Mechanical,technical,i forgot my portal password and cannot log in.,Medium,2026-07-05,Helpdesk
Q01827,Rohit Sharma,Computer Science,Admission,How can I check the status of my admission application?,High,2026-06-26,Portal
Q04697,Aarav Verma,Electronics,ADMISSIONS,How can I check the status of my admission application? Kindly provide guidance.,High ,2026-02-01,Email
Q04134,Nisha Khan,Computer Science,examination,When will the examination timetable be released?,Medium,2026-06-23,Portal
Q01103,Priya Mehta,Biotechnology,Scholarships,What documents are required for scholarship verification?,Low,2026-01-30,Helpdesk
Q02123,Aditya Mehta,Mathematics,Technical,Please help. I forgot my portal password and cannot log in.,High,2026-05-27,Portal
Q02217,Tanvi Sharma,Physics,TECHNICAL,My dashboard is not loading properly.,High,2026-03-07,Chat
Q01969,Yash Singh,Computer Science, admissions ,Can I change my selected programme after admission?,Medium,2026-03-18,Chat
Q05174,Ankit Gupta,Physics,SCHOLARSHIP,My scholarship application status is pending.,Medium,2026-08-14,Helpdesk
Q04593,Rohan Joshi,Information Technology, Technical ,I am unable to access my student portal.,MEDIUM,2026-01-25,Portal
Q04098,Neha Joshi,Electrical Engineering,Hostel,When will the hostel allotment list be announced?,Medium,2026-03-13,Email
Q01238,Kavya Khan,Computer Science, Technical ,I forgot my portal password and cannot log in.,Low,2026-02-11,Helpdesk
Q04569,Meera Verma,Mechanical,hostel,How can I contact the hostel administration?,Low,2026-07-20,Chat
Q03411,Aditi Joshi,Civil,Admission,Please help. How can I check the status of my admission application?,High,2026-01-26,Chat
Q03496,Sneha Sharma,Computer Science,Hostel,When will the hostel allotment list be announced? Kindly provide guidance.,Medium,2026-02-15,Helpdesk
Q04102,Arjun Patel,Information Technology,ADMISSIONS,,Low,2026-01-05,Email
Q03099,Sanjay Das,Mathematics,Technical,Please help. The portal is showing an error while submitting my form.,medium,2026-01-09,Helpdesk
Q05003,Shreya Singh,Mechanical,SCHOLARSHIP,My scholarship application status is pending.,Low,2026-05-12,Email
Q03342,Ankit Verma,Electronics,,Please help. How can I pay my semester fee online?,Low,2026-07-16,Portal
Q00239,Ananya Verma,Computer Science,EXAMINATION,When will the examination timetable be released?,High,2026-06-26,Chat
Q03177,Tanvi Joshi,Mathematics,Scholarship,What documents are required for scholarship verification?,Medium,2026-05-06,Chat
Q02472,Isha Mehta,Civil, Technical ,the portal is showing an error while submitting my form.,High,2026-05-19,Portal
Q04096,Sakshi Gupta,Biotechnology,Examinations,I am unable to see my examination result.,Medium,2026-08-06,Chat
Q03186,Pooja Gupta,Civil,Scholarship,What documents are required for scholarship verification?,Low,2026-04-22,Chat
Q00665,Aman Singh,Electrical Engineering,Fee,Is installment payment available for tuition fees?,Low,2026-08-04,Helpdesk
Q04834,Rohan Khan,Business Administration,Fees,My fee payment was deducted but is not showing in the portal. Kindly provide guidance.,Medium,2026-01-02,Portal
Q00741,Ananya Joshi,Physics, Fees ,Please help. How can I pay my semester fee online?,Medium,2026-03-10,Portal
Q04097,Priya Sharma,Civil,Scholarships,My scholarship application status is pending.,High,2026-05-28,Email
Q02510,Vikram Mehta,Business Administration,fees,Please help. Is installment payment available for tuition fees?,Medium,2026-04-23,Email
Q04057,Nisha Patel,Mechanical, Scholarship ,,Low,2026-07-28,Chat
Q04060,Kavya Patel,BIOTECHNOLOGY,Fees,My fee payment was deducted but is not showing in the portal.,Medium,2026-04-16,Helpdesk
Q01623,Payal Joshi,Civil,EXAMINATION,What is the process for applying for revaluation?,Medium,2026-06-25,Email
Q01873,Rohan Patel,Mathematics,EXAMINATION,I am unable to see my examination result.,High,2026-03-07,Portal
Q03906,Sneha Gupta,Mathematics,EXAMINATION,What is the process for applying for revaluation?,High,2026-05-21,Email
Q04967,Riya Khan,Business Administration,admissions,I need help with the admission registration process.,Medium,2026-02-07,Helpdesk
Q03959,Shreya Sharma,Civil,technical,I am unable to access my student portal.,Medium,2026-05-16,Helpdesk
Q01604,Payal Das,Business Administration,Technical,Please help. I forgot my portal password and cannot log in.,High,2026-02-01,Helpdesk
Q01414,Ankit Joshi,Physics,Hostel,Please help. I have a problem with my hostel room facilities.,Medium,2026-02-15,Email
Q04777,Sneha Kumar,Physics,SCHOLARSHIP,How can I apply for a student scholarship?,Low,2026-06-20,Portal
Q00180,Yash Patel,Electronics,fees,Can I download my fee payment receipt?,Medium,2026-05-24,Portal
Q00374,Shreya Patel,Computer Science, Technical ,,Medium,2026-08-23,Email
Q00564,Rohit Mehta,Mechanical, Hostel ,When will the hostel allotment list be announced?,Medium,2026-06-25,Helpdesk
Q00672,Rohan Das,Business Administration,hostel,What is the process for changing my hostel room?,Medium,2026-01-31,Portal
Q03135,Varun Gupta,Civil, Examination ,I am unable to see my examination result.,Low,2026-01-02,Email
Q01929,Karan Gupta,Information Technology,TECHNICAL,I am unable to access my student portal.,Low,2026-03-20,Email
Q02016,Nisha Gupta,Biotechnology, Hostel ,When will the hostel allotment list be announced?,Medium,2026-01-19,Portal
Q04279,Rahul Kumar,Mathematics,technical,Please help. I am unable to access my student portal.,Low,2026-03-09,Email
Q02388,Neha Joshi,Civil,Hostel,How can I contact the hostel administration?,High,2026-05-18,Portal
Q01654,Divya Singh,Civil, Examination ,Please help. I am unable to see my examination result.,Low,2026-05-10,Chat
Q03423,Priya Kumar,Electrical Engineering,fees,Can I download my fee payment receipt?,Low,2026-08-20,Helpdesk
Q04463,Simran Sharma,Business Administration,examination,When will the examination timetable be released?,Medium,2026-01-13,Helpdesk
Q03705,Karan Khan,Electronics,Examination,How can I download my hall ticket?,Medium,2026-04-03,Chat
Q01756,Rohit Mehta,Mechanical,FEES,Is installment payment available for tuition fees?,Medium,2026-07-21,Helpdesk
Q04582,Nisha Verma,Information Technology, admissions ,When will the next admission merit list be published? Kindly provide guidance.,Medium,2026-07-26,Chat
Q02058,Ishaan Patel,Electrical Engineering,Exam,I am unable to see my examination result. Kindly provide guidance.,Medium,2026-07-25,Email
Q04916,Simran Joshi,Physics,Admissions,When will the next admission merit list be published?,Medium,2026-01-27,Email
Q01129,Kavya Joshi,Biotechnology,examination,How can I download my hall ticket?,Medium,2026-02-25,Email
Q00733,Arjun Das,Electronics,SCHOLARSHIP,,Medium,2026-03-30,Portal
Q04447,Bhavya Joshi,Electronics,Exam,I am unable to see my examination result.,High,2026-04-03,Email
Q01119,Aman Singh,Electronics,,How can I contact the hostel administration? Kindly provide guidance.,Low,2026-04-21,Email
Q02393,Meera Das,Mechanical,Admission,What documents are required for admission verification?,Medium,2026-01-08,Helpdesk
Q03846,Karan Mehta,Electrical Engineering,hostel,,Low,2026-06-03,Chat
Q04600,Rahul Joshi,Computer Science,ADMISSIONS,How can I check the status of my admission application?,Medium,2026-06-19,Email
Q01717,Nitin Mehta,Electrical Engineering,HOSTEL,When will the hostel allotment list be announced?,Medium,2026-06-01,Portal
Q03782,Meera Joshi,Computer Science,Exam,My exam centre details are not visible in the portal.,Low,2026-04-21,Email
Q02423,Rohan Patel,Electrical Engineering,examination,how can i download my hall ticket?,Medium,2026-03-27,Email
Q01187,Bhavya Kumar,Civil,Accommodation,What is the process for changing my hostel room?,High,2026-08-25,Email
Q02864,Tanvi Das,Electronics,ADMISSIONS,Can I change my selected programme after admission?,Medium,2026-07-14,Portal
Q02509,Ankit Gupta,Mathematics, Fees ,Can I download my fee payment receipt?,Medium,2026-06-08,Chat
Q01736,Manav Sharma,Physics,Technical,My dashboard is not loading properly.,High,2026-01-15,Chat
Q03671,Divya Patel,Mathematics,Hostel,I have a problem with my hostel room facilities.,Medium,2026-07-20,Email
Q00784,Yash Mehta,Information Technology,hostel,,Low,2026-01-21,Portal
Q05019,Ankit Mehta,Electrical Engineering,Fee,My fee payment was deducted but is not showing in the portal.,Low,2026-07-25,Chat
Q01118,Isha Verma,Physics,Admissions,Can I change my selected programme after admission?,High,2026-08-11,Helpdesk
Q03936,Aditi Das,Mathematics,SCHOLARSHIP,My scholarship application status is pending.,High,2026-04-02,Email
Q02879,Sneha Gupta,Business Administration, Scholarship ,My scholarship application status is pending.,Medium,2026-03-20,Helpdesk
Q04476,Nitin Verma,Physics, admissions ,When will the next admission merit list be published?,High,2026-04-26,Helpdesk
Q01243,Aditi Sharma,Civil,Fees,How can I pay my semester fee online? Kindly provide guidance.,Medium,2026-01-01,Portal
Q03789,Ishaan Singh,Biotechnology,Technical,i forgot my portal password and cannot log in.,Low,2026-05-28,Helpdesk
Q01078,Priya Khan,Mechanical,EXAMINATION,How can I download my hall ticket?,Medium,2026-06-21,Chat
Q03941,Nisha Singh,Business Administration,Scholarships,My scholarship application status is pending.,Medium,2026-08-20,Portal
Q03280,Ananya Das,Mechanical,Examinations,When will the examination timetable be released? Kindly provide guidance.,Low,2026-03-08,Portal
Q03595,Varun Joshi,Electronics,,How can I check the status of my admission application?,High,2026-02-15,Email
Q01995,Sanjay Das,Electronics, Hostel ,,Low,2026-07-30,Portal
Q04706,Bhavya Joshi,Biotechnology,Admission,When will the next admission merit list be published?,High,2026-08-24,Portal
Q01307,Payal Joshi,Mechanical,Hostel,How can I contact the hostel administration? Kindly provide guidance.,Low,2026-01-21,Email
Q00648,Payal Sharma,Information Technology,Hostel,I have a problem with my hostel room facilities.,Medium,2026-06-19,Portal
Q00161,Aditi Kumar,Mathematics,Tech,Please help. My dashboard is not loading properly.,Low,2026-02-18,Portal
Q01565,Nitin Kumar,Business Administration,Hostel,When will the hostel allotment list be announced?,Medium,2026-06-11,Portal
Q04592,Arjun Verma,INFORMATION TECHNOLOGY,admissions,Can I change my selected programme after admission?,Medium,2026-07-02,Helpdesk
Q01986,Karan Patel,mathematics,Accommodation,When will the hostel allotment list be announced?,Low,2026-05-13,Email
Q03187,Sakshi Singh,Physics,Scholarship,what documents are required for scholarship verification?,Low,2026-01-03,Helpdesk
Q00740,Meera Khan,Electronics,hostel,When will the hostel allotment list be announced?,Medium,2026-06-10,Portal
Q00764,Sakshi Patel,Information Technology,Admission,What documents are required for admission verification?,Low,2026-02-22,Helpdesk
Q04820,Manav Khan,Biotechnology,FEES,My fee payment was deducted but is not showing in the portal.,Medium,2026-08-06,Portal
Q02691,Ankit Das,Electrical Engineering,HOSTEL,How can I contact the hostel administration?,Medium,2026-02-18,Helpdesk
Q03921,Tanvi Patel,Biotechnology, Fees ,How can I pay my semester fee online?,Medium,2026-01-26,Email
Q03879,Ankit Gupta,Computer Science,scholarship,What are the eligibility criteria for the scholarship?,High,2026-07-15,Helpdesk
Q01828,Harsh Singh,Mechanical,SCHOLARSHIP,My scholarship application status is pending. Kindly provide guidance.,Medium,2026-06-24,Portal
Q04970,Neha Singh,Information Technology,Examination,What is the process for applying for revaluation?,Medium,2026-04-08,Portal
Q05007,Pooja Das,Computer Science,FEES,Can I download my fee payment receipt?,Low,2026-08-10,Portal
Q02547,Shreya Patel,Electronics,TECHNICAL,My dashboard is not loading properly.,High,2026-04-24,Helpdesk
Q05177,Vikram Patel,Mathematics,admissions,What documents are required for admission verification?,Medium,2026-04-08,Portal
Q05099,Shreya Kumar,Mechanical,ADMISSIONS,Can I change my selected programme after admission? Kindly provide guidance.,Medium,2026-07-14,Portal
Q01807,Vikram Das,Information Technology,Admission,i need help with the admission registration process.,Medium,2026-04-21,Portal
Q01458,Isha Patel,Business Administration,HOSTEL,How can I contact the hostel administration?,high,2026-03-05,Portal
Q01058,Vikram Verma,Computer Science,Technical,Please help. I am unable to access my student portal.,High,2026-01-15,Email
Q04373,Ananya Mehta,Mechanical,SCHOLARSHIP,what are the eligibility criteria for the scholarship?,Low,2026-05-02,Email
Q01342,Aman Singh,Information Technology, Scholarship ,My scholarship application status is pending.,Medium,2026-03-02,Portal
Q04726,Vikram Gupta,Electrical Engineering,EXAMINATION,my exam centre details are not visible in the portal.,Medium,2026-06-20,Portal
Q04982,Ankit Mehta,Mathematics, Scholarship ,What documents are required for scholarship verification?,High,2026-04-03,Email
Q04458,Pooja Kumar,Information Technology, admissions ,What documents are required for admission verification?,Low,2026-07-07,Helpdesk
Q05183,Rohit Gupta,Physics, admissions ,When will the next admission merit list be published? Kindly provide guidance.,Low,2026-04-07,Chat
Q03045,Rohit Joshi,Computer Science,Accommodation,When will the hostel allotment list be announced?,Medium,2026-04-17,Chat
Q00387,Vikram Verma,Computer Science,Exam,I am unable to see my examination result.,High,2026-08-28,Portal
Q00713,Pooja Verma,Civil,Fee,My fee payment was deducted but is not showing in the portal.,Medium,2026-02-18,Chat
Q03137,Priya Khan,Mathematics, Examination ,When will the examination timetable be released?,Medium,2026-07-14,Email
Q03175,Sneha Patel,Business Administration,Exam,when will the examination timetable be released?,Medium,2026-01-22,Portal
Q05082,Rohan Mehta,Physics,Examination,My exam centre details are not visible in the portal.,Medium,2026-02-24,Portal
Q00938,Arjun Patel,Computer Science,Admissions,i need help with the admission registration process.,Low,2026-04-21,Helpdesk
Q04573,Ankit Mehta,Mathematics,FEES,How can I pay my semester fee online?,Low,2026-05-30,Helpdesk
Q01053,Neha Mehta,Electronics,Examinations,I am unable to see my examination result. Kindly provide guidance.,Medium,2026-07-17,Helpdesk
Q01689,Nitin Kumar,Physics,Scholarship,How can I apply for a student scholarship? Kindly provide guidance.,High,2026-02-19,Portal
Q02317,Tanvi Sharma,Information Technology,fees,Can I download my fee payment receipt?,Low,2026-06-25,Helpdesk
Q00812,Rohan Singh,Electrical Engineering,Technical,,High,2026-01-12,Helpdesk
Q04909,Yash Das,Biotechnology,hostel,When will the hostel allotment list be announced?,Low,2026-01-19,Chat
Q03842,Bhavya Verma,Biotechnology, Scholarship ,What documents are required for scholarship verification?,Medium,2026-06-22,Portal
Q03926,Pooja Mehta,Information Technology,Exam,My exam centre details are not visible in the portal.,Medium,2026-01-22,Helpdesk
Q00196,Divya Sharma,Mathematics, admissions ,Please help. I need help with the admission registration process.,Medium,2026-02-12,Chat
Q00125,Karan Singh,Computer Science, Technical ,i am unable to access my student portal.,Low,2026-03-18,Chat
Q00107,Aman Gupta,Mathematics, Technical ,I cannot upload my assignment due to a system error.,Low,2026-03-18,Portal
Q02375,Nisha Gupta,Physics,Tech,I forgot my portal password and cannot log in.,High,2026-02-17,Helpdesk
Q01300,Vikram Joshi,Physics, Technical ,The portal is showing an error while submitting my form.,Medium,2026-04-19,Chat
Q00087,Meera Gupta,Information Technology,fees,My fee payment was deducted but is not showing in the portal.,medium,2026-05-11,Portal
Q00697,Divya Gupta,Electrical Engineering,admissions,Please help. How can I check the status of my admission application?,High,2026-08-24,Helpdesk
Q04300,Tanvi Khan,Electronics,Technical,I cannot upload my assignment due to a system error.,Low,2026-04-21,Email
Q00690,Divya Patel,Civil,Fee,How can I pay my semester fee online?,Medium,2026-07-12,Helpdesk
Q03951,Priya Joshi,Physics, Fees ,My fee payment was deducted but is not showing in the portal.,Low,2026-05-22,Helpdesk
Q01931,Simran Verma,Electronics,,How can I download my hall ticket?,Medium,2026-06-10,Chat
Q04859,Rohit Gupta,Electronics,technical,My dashboard is not loading properly.,Low,2026-03-13,Portal
Q01273,Karan Sharma,Computer Science,Examinations,How can I download my hall ticket?,Medium,2026-02-18,Portal
Q02652,Riya Joshi,Information Technology,FEES,Can I download my fee payment receipt?,High,2026-01-08,Email
Q00092,Divya Mehta,Biotechnology,Fee,My fee payment was deducted but is not showing in the portal.,Low,2026-01-07,Chat
Q00961,Rohit Mehta,Civil,FEES,how can i pay my semester fee online?,High,2026-08-16,Email
Q03731,Meera Sharma,Physics, admissions ,How can I check the status of my admission application?,Low,2026-07-29,Helpdesk
Q02826,Ishaan Das,Business Administration,fees,How can I pay my semester fee online?,High,2026-06-30,Helpdesk
Q04594,Yash Kumar,Electrical Engineering,FEES,What is the last date for paying the semester fee? Kindly provide guidance.,MEDIUM,2026-07-27,Portal
Q02457,Aditya Kumar,Civil,Technical,I am unable to access my student portal.,Medium,2026-01-16,Portal
Q02036,Sanjay Verma,Mechanical, Fees ,Is installment payment available for tuition fees?,Low,2026-06-23,Email
Q03865,Rohan Khan,Biotechnology,ADMISSIONS,How can I check the status of my admission application?,Low,2026-01-09,Helpdesk
Q03858,Pooja Khan,Electrical Engineering, admissions ,How can I check the status of my admission application?,Medium,2026-01-05,Email
Q03765,Yash Patel,Physics,ADMISSIONS,How can I check the status of my admission application?,Medium,2026-08-27,Chat
Q03076,Harsh Singh,Electronics,Exam,What is the process for applying for revaluation?,HIGH,2026-02-12,Chat
Q01814,Kavya Singh,Mechanical, Hostel ,Please help. What is the process for changing my hostel room?,Medium,2026-07-10,Chat
Q02660,Vikram Khan,Mathematics, Scholarship ,My scholarship application status is pending.,Low,2026-03-27,Email
Q00264,Yash Sharma,Biotechnology,SCHOLARSHIP,,Low,2026-07-26,Portal
Q04262,Rohit Patel,Information Technology,scholarship,When will the scholarship results be announced? Kindly provide guidance.,Medium,2026-06-15,Chat
Q03403,Simran Patel,Electronics, admissions ,How can I check the status of my admission application?,High,2026-02-11,Helpdesk
Q04338,Kavya Kumar,Business Administration, admissions ,When will the next admission merit list be published?,High,2026-05-30,Portal
Q02414,Manav Khan,Information Technology, Fees ,My fee payment was deducted but is not showing in the portal.,Low,2026-03-16,Chat
Q01953,Priya Joshi,Biotechnology, Technical ,Please help. The portal is showing an error while submitting my form.,Low,2026-07-01,Portal
Q04760,Varun Kumar,Mechanical, Fees ,My fee payment was deducted but is not showing in the portal.,Medium,2026-03-19,Chat
Q00984,Ishaan Patel,Electronics,Tech,I am unable to access my student portal. Kindly provide guidance.,Medium,2026-03-05,Chat
Q02307,Ishaan Verma,Biotechnology,hostel,How can I apply for hostel accommodation? Kindly provide guidance.,Medium,2026-03-18,Portal
Q03844,Sneha Singh,Mechanical, admissions ,I need help with the admission registration process.,Medium,2026-02-18,Portal
Q03507,Sanjay Singh,Electronics,HOSTEL,How can I contact the hostel administration?,Medium,2026-06-22,Email
Q03677,Neha Mehta,Electrical Engineering, Technical ,I cannot upload my assignment due to a system error.,Medium,2026-08-23,Email
Q01435,Kavya Verma,Physics, Scholarship ,What are the eligibility criteria for the scholarship?,Low,2026-07-09,Chat
Q04072,Aman Singh,Computer Science,examination,What is the process for applying for revaluation?,MEDIUM,2026-08-28,Chat
Q01049,Simran Sharma,Business Administration,examination,How can I download my hall ticket?,Medium,2026-08-18,Portal
Q04617,Sakshi Patel,Civil,Examination,My exam centre details are not visible in the portal.,Medium,2026-02-11,Chat
Q00021,Sneha Verma,Electronics,hostel,How can I contact the hostel administration?,Low,2026-05-20,Helpdesk
Q04244,Tanvi Joshi,Mathematics,FEES,Please help. Is installment payment available for tuition fees?,High,2026-04-17,Helpdesk
Q00458,Harsh Khan,Electronics, Fees ,Can I download my fee payment receipt? Kindly provide guidance.,Low,2026-07-08,Portal
Q00688,Isha Das,Biotechnology,,When will the examination timetable be released?,Medium,2026-08-18,Helpdesk
Q04475,Meera Sharma,Electronics, Hostel ,How can I contact the hostel administration?,Low,2026-03-16,Chat
Q03843,Shreya Sharma,Physics, Technical ,My dashboard is not loading properly.,Medium,2026-05-17,Email
Q02800,Aarav Gupta,Mathematics,admissions,I need help with the admission registration process.,Medium,2026-01-08,Chat
Q03892,Ishaan Singh,Biotechnology,Exam,Please help. My exam centre details are not visible in the portal.,High,2026-08-22,Chat
Q01634,Meera Khan,Information Technology,hostel,What is the process for changing my hostel room?,Low,2026-03-10,Portal
Q04429,Pooja Kumar,Electrical Engineering,Exam,When will the examination timetable be released?,Medium,2026-02-11,Email
Q03285,Sneha Joshi,Physics, Technical ,the portal is showing an error while submitting my form.,Low,2026-08-27,Chat
Q03958,Riya Joshi,Business Administration,ADMISSIONS,When will the next admission merit list be published?,Medium,2026-02-17,Helpdesk
Q04065,Yash Joshi,Civil,examination,I am unable to see my examination result.,High,2026-01-30,Email
Q04527,Manav Joshi,Electrical Engineering, Scholarship ,What documents are required for scholarship verification?,Low,2026-06-27,Portal
Q02659,Arjun Sharma,Biotechnology,Scholarships,When will the scholarship results be announced? Kindly provide guidance.,Low,2026-07-08,Helpdesk
Q04074,Aarav Patel,Mechanical, Fees ,how can i pay my semester fee online?,low,2026-05-08,Email
Q00553,Simran Gupta,Biotechnology,technical,Please help. The portal is showing an error while submitting my form.,Medium,2026-07-15,Helpdesk
Q02856,Kavya Singh,Civil,Scholarship,What are the eligibility criteria for the scholarship?,Low,2026-08-29,Helpdesk
Q02017,Meera Sharma,Computer Science,TECHNICAL,My dashboard is not loading properly.,Medium,2026-03-26,Helpdesk
Q02054,Payal Khan,Civil,scholarship,What documents are required for scholarship verification?,High,2026-02-22,Email
Q03808,Arjun Mehta,MECHANICAL,Scholarships,When will the scholarship results be announced?,High,2026-06-25,Email
Q01327,Bhavya Mehta,Electrical Engineering,Fee,Is installment payment available for tuition fees?,medium,2026-01-03,Email
Q04908,Nisha Sharma,Biotechnology,Admissions,Please help. I need help with the admission registration process.,low,2026-07-06,Helpdesk
Q04687,Arjun Gupta,InformationTechnology,Fees,what is the last date for paying the semester fee?,Low,2026-06-27,Portal
Q02869,Tanvi Sharma,Electronics,Hostel,When will the hostel allotment list be announced?,High,2026-04-06,Helpdesk
Q00521,Aditya Sharma,Civil,Examinations,How can I download my hall ticket?,HIGH,2026-02-05,Helpdesk
Q02095,Rahul Kumar,Biotechnology,admissions,How can I check the status of my admission application?,Medium,2026-07-23,Portal
Q01817,Aarav Kumar,Biotechnology, admissions ,Can I change my selected programme after admission?,Low,2026-07-22,Chat
Q04844,Rohit Joshi,Physics,Fees,What is the last date for paying the semester fee?,High,2026-04-24,Portal
Q04155,Karan Kumar,Mathematics,Accommodation,I have a problem with my hostel room facilities.,Medium,2026-07-25,Email
Q01109,Yash Singh,Physics,SCHOLARSHIP,When will the scholarship results be announced?,Medium,2026-01-24,Email
Q04958,Aditi Joshi,Mechanical,Fee,My fee payment was deducted but is not showing in the portal.,Medium,2026-01-10,Helpdesk
Q04319,Simran Singh,Mathematics,Admissions,What documents are required for admission verification?,Medium,2026-03-22,Email
Q00436,Arjun Joshi,Business Administration,FEES,How can I pay my semester fee online?,Low,2026-06-28,Portal
Q00072,Pooja Das,Electrical Engineering, Technical ,I am unable to access my student portal.,Medium,2026-07-30,Chat
Q00620,Bhavya Verma,Mechanical,Fees,What is the last date for paying the semester fee?,Medium,2026-05-29,Helpdesk
Q03993,Neha Das,Civil,Accommodation,Please help. When will the hostel allotment list be announced?,Medium,2026-04-12,Chat
Q04607,Harsh Kumar,Business Administration,Admissions,When will the next admission merit list be published?,Medium,2026-07-06,Portal
Q02899,Isha Singh,Civil,Tech,i forgot my portal password and cannot log in.,MEDIUM,2026-03-31,Email
Q02146,Manav Patel,Information Technology,EXAMINATION,I am unable to see my examination result.,LOW,2026-06-21,Chat
Q01792,Manav Sharma,Information Technology,hostel,How can I apply for hostel accommodation?,Medium,2026-01-22,Chat
Q02573,Tanvi Kumar,Mechanical,Fees,What is the last date for paying the semester fee?,Medium,2026-08-22,Portal
Q03041,Arjun Gupta,Business Administration,FEES,Is installment payment available for tuition fees?,High,2026-06-28,Helpdesk
Q02985,Divya Gupta,Computer Science, Technical ,I am unable to access my student portal.,High,2026-06-15,Helpdesk
Q00855,Nitin Joshi,Mathematics,Admissions,I need help with the admission registration process.,Medium,2026-04-05,Email
Q00500,Rahul Kumar,Biotechnology,Scholarship,What are the eligibility criteria for the scholarship?,High,2026-06-27,Portal
Q01466,Neha Sharma,Business Administration,Admission,,Low,2026-08-20,Chat
Q04413,Ankit Joshi,Information Technology, Technical ,,High,2026-05-05,Portal
Q01437,Kavya Das,Business Administration,Technical,I cannot upload my assignment due to a system error. Kindly provide guidance.,High,2026-05-16,Portal
Q01803,Harsh Kumar,Electrical Engineering,HOSTEL,How can I contact the hostel administration? Kindly provide guidance.,High,2026-03-05,Portal
Q02381,Rohan Patel,mathematics, Scholarship ,Please help. What are the eligibility criteria for the scholarship?,High,2026-07-24,Email
Q00013,Yash Verma,Mathematics,TECHNICAL,I cannot upload my assignment due to a system error.,Medium,2026-03-21,Email
Q04628,Meera Das,Physics,fees,My fee payment was deducted but is not showing in the portal. Kindly provide guidance.,High,2026-02-28,Email
Q04194,Varun Sharma,Biotechnology, Examination ,,High,2026-02-13,Chat
Q03667,Riya Singh,Business Administration,Exam,I am unable to see my examination result.,Low,2026-01-19,Portal
Q03101,Aditi Das,Civil,technical,My dashboard is not loading properly. Kindly provide guidance.,Low,2026-03-02,Chat
Q00150,Neha Gupta,Electrical Engineering,FEES,Can I download my fee payment receipt?,Medium,2026-06-04,Helpdesk
Q01017,Isha Khan,Electrical Engineering,ADMISSIONS,Can I change my selected programme after admission?,Medium,2026-07-17,Chat
Q02377,Harsh Khan,Electrical Engineering,Admissions,Can I change my selected programme after admission?,High,2026-03-17,Portal
Q04175,Aman Kumar,Biotechnology,ADMISSIONS,Please help. What documents are required for admission verification?,Low,2026-03-29,Portal
Q04513,Varun Das,Mathematics,Scholarships,Please help. My scholarship application status is pending.,Medium,2026-08-30,Chat
Q03357,Riya Joshi,Business Administration, Hostel ,What is the process for changing my hostel room?,Low,2026-02-09,Portal
Q03253,Isha Joshi,Mechanical,hostel,When will the hostel allotment list be announced?,Medium,2026-01-28,Helpdesk
Q03849,Meera Verma,Electrical Engineering,hostel,What is the process for changing my hostel room?,Medium,2026-06-04,Portal
Q03592,Harsh Sharma,Physics,scholarship,what are the eligibility criteria for the scholarship?,High,2026-01-13,Chat
Q03584,Shreya Kumar,Information Technology,examination,Please help. When will the examination timetable be released?,High,2026-04-03,Portal
Q02726,Shreya Verma,Civil,Fees,,Low,2026-05-02,Email
Q01985,Divya Verma,Physics,Admission,How can I check the status of my admission application?,High,2026-03-21,Email
Q00137,Nisha Sharma,Mechanical,Tech,i cannot upload my assignment due to a system error.,Medium,2026-02-17,Chat
Q01391,Harsh Verma,Mathematics,examination,how can i download my hall ticket?,High,2026-07-28,Email
Q03871,Varun Khan,Computer Science,Scholarship,What are the eligibility criteria for the scholarship?,Low,2026-02-25,Helpdesk
Q04899,Pooja Patel,electrical engineering, Scholarship ,What are the eligibility criteria for the scholarship?,High,2026-02-23,Email
Q01292,Payal Gupta,CIVIL,,My exam centre details are not visible in the portal.,Medium,2026-07-14,Portal
Q01205,Sneha Sharma,Biotechnology,Fee,Can I download my fee payment receipt? Kindly provide guidance.,Low,2026-03-30,Chat
Q00520,Sakshi Gupta,Computer Science,technical,I forgot my portal password and cannot log in.,Low,2026-05-01,Portal
Q01241,Rohit Joshi,Computer Science,Hostel,What is the process for changing my hostel room?,Medium,2026-01-28,Email
Q02700,Aarav Joshi,Information Technology,Admission,What documents are required for admission verification?,Medium,2026-01-08,Helpdesk
Q03295,Varun Khan,Biotechnology,hostel,Please help. How can I apply for hostel accommodation?,Medium,2026-07-09,Helpdesk
Q04187,Vikram Khan,Civil,Exam,My exam centre details are not visible in the portal.,Medium,2026-07-02,Portal
Q00950,Rahul Gupta,Computer Science, admissions ,How can I check the status of my admission application?,Medium,2026-02-02,Chat
Q01568,Isha Sharma,Electronics,Scholarship,When will the scholarship results be announced?,Low,2026-07-31,Email
Q02960,Vikram Verma,Information Technology,Admission,When will the next admission merit list be published?,High,2026-03-10,Chat
Q03201,Nisha Sharma,Computer Science,Fee,,High,2026-07-29,Email
Q01201,Payal Sharma,Biotechnology,technical,The portal is showing an error while submitting my form.,High ,2026-05-16,Portal
Q04271,Sanjay Sharma,Biotechnology,Examinations,I am unable to see my examination result. Kindly provide guidance.,Medium,2026-04-05,Chat
Q00989,Varun Mehta,Mechanical,,Please help. I forgot my portal password and cannot log in.,Medium,2026-04-09,Portal
Q04250,Riya Khan,Physics,Hostel,Please help. I have a problem with my hostel room facilities.,High,2026-06-13,Email
Q01018,Kavya Khan,Electronics,Accommodation,,High,2026-04-23,Email
Q00267,Varun Kumar,Biotechnology,Scholarship,what documents are required for scholarship verification?,High ,2026-01-11,Chat
Q04441,Bhavya Singh,Civil,EXAMINATION,When will the examination timetable be released?,Low,2026-08-03,Helpdesk
Q02142,Riya Gupta,Information Technology,examination,My exam centre details are not visible in the portal.,Medium,2026-04-26,Chat
Q04662,Riya Verma,Biotechnology, admissions ,I need help with the admission registration process.,Medium,2026-04-04,Helpdesk
Q04717,Kavya Das,Physics,Scholarship,What documents are required for scholarship verification?,Medium,2026-05-30,Portal
Q03695,Varun Kumar,Biotechnology,TECHNICAL,My dashboard is not loading properly.,Medium,2026-02-23,Chat
Q02321,Kavya Patel,Physics,FEES,Is installment payment available for tuition fees?,Medium,2026-02-16,Chat
Q04685,Priya Mehta,Electrical Engineering,Admissions,Can I change my selected programme after admission?,Medium,2026-06-22,Email
Q00479,Aman Kumar,Information Technology,,How can I download my hall ticket?,Low,2026-03-01,Portal
Q04894,Manav Verma,Information Technology, admissions ,When will the next admission merit list be published?,Medium,2026-01-24,Helpdesk
Q02934,Simran Das,Civil,FEES,Can I download my fee payment receipt?,Medium,2026-06-28,Email
Q01596,Yash Singh,Computer Science, admissions ,How can I check the status of my admission application?,Medium,2026-07-30,Email
Q03537,Sanjay Das,Civil, Hostel ,How can I apply for hostel accommodation?,Medium,2026-06-15,Portal
Q04313,Rohan Kumar,Mechanical,hostel,When will the hostel allotment list be announced?,High,2026-04-11,Helpdesk
Q04865,Divya Patel,Electrical Engineering, Fees ,What is the last date for paying the semester fee?,Medium,2026-06-06,Portal
Q02607,Priya Das,Civil,Admission,How can I check the status of my admission application? Kindly provide guidance.,Medium,2026-04-21,Chat
Q03682,Nitin Kumar,Electronics,Scholarships,When will the scholarship results be announced?,Medium,2026-05-14,Chat
Q01776,Yash Patel,Computer Science, admissions ,I need help with the admission registration process.,Low,2026-04-30,Helpdesk
Q04434,Aman Singh,Business Administration,Hostel,When will the hostel allotment list be announced?,Medium,2026-07-31,Email
Q04200,Payal Singh,Electronics,Examinations,,Medium,2026-07-16,Chat
Q04601,Nisha Khan,Biotechnology, admissions ,When will the next admission merit list be published?,High,2026-02-02,Helpdesk
Q02260,Aditi Verma,Electronics, Fees ,Is installment payment available for tuition fees?,Medium,2026-01-21,Chat
Q04089,Aman Joshi,Physics,fees,My fee payment was deducted but is not showing in the portal.,Medium,2026-01-26,Helpdesk
Q04430,Tanvi Khan,Physics,hostel,I have a problem with my hostel room facilities.,Medium,2026-08-09,Helpdesk
Q03249,Pooja Khan,Computer Science, Technical ,I am unable to access my student portal.,Medium,2026-04-18,Chat
Q04024,Rahul Sharma,Mathematics,admissions,I need help with the admission registration process.,Low,2026-08-31,Chat
Q04386,Payal Singh,Physics,HOSTEL,How can I apply for hostel accommodation? Kindly provide guidance.,High ,2026-07-28,Chat
Q02631,Meera Khan,Physics,Scholarship,My scholarship application status is pending.,Low,2026-03-22,Email
Q02578,Rohit Mehta,Biotechnology,,my exam centre details are not visible in the portal.,High,2026-02-07,Chat
Q01143,Karan Gupta,Information Technology,Hostel,How can I contact the hostel administration? Kindly provide guidance.,Low,2026-02-21,Helpdesk
Q02908,Simran Joshi,Electrical Engineering,SCHOLARSHIP,What are the eligibility criteria for the scholarship?,Medium,2026-08-07,Portal
Q01684,Rohit Gupta,Information Technology,TECHNICAL,i forgot my portal password and cannot log in.,Low,2026-04-25,Helpdesk
Q00471,Rohit Joshi,Mathematics,hostel,how can i contact the hostel administration?,Low,2026-05-13,Email
Q01549,Ishaan Gupta,Biotechnology,Examination,What is the process for applying for revaluation?,High,2026-01-13,Helpdesk
Q00639,Vikram Mehta,Physics,Admission,What documents are required for admission verification?,High,2026-06-30,Helpdesk
Q01148,Ishaan Mehta, Mathematics , Hostel ,When will the hostel allotment list be announced?,Medium,2026-01-16,Helpdesk
Q04608,Payal Khan,INFORMATION TECHNOLOGY,Accommodation,How can I contact the hostel administration?,Medium,2026-08-27,Portal
Q00006,Manav Joshi,Civil,Admissions,When will the next admission merit list be published?,Medium,2026-08-31,Chat
Q00242,Varun Kumar,Electronics,Admissions,What documents are required for admission verification?,Low,2026-06-22,Portal
Q02623,Simran Singh,Mechanical,examination,My exam centre details are not visible in the portal.,Medium,2026-04-11,Email
Q02282,Riya Das,Physics,,What is the last date for paying the semester fee?,High,2026-01-22,Portal
Q04591,Aarav Mehta,Electronics,FEES,My fee payment was deducted but is not showing in the portal.,Medium,2026-04-07,Chat
Q00321,Manav Das,Electrical Engineering,,Please help. My fee payment was deducted but is not showing in the portal.,Medium,2026-08-07,Portal
Q02541,Sanjay Gupta,Business Administration,Accommodation,I have a problem with my hostel room facilities.,Medium,2026-05-20,Helpdesk
Q02436,Priya Khan,Computer Science,Accommodation,how can i apply for hostel accommodation?,Medium,2026-03-25,Helpdesk
Q04467,Payal Singh,Computer Science, admissions ,How can I check the status of my admission application?,Medium,2026-07-17,Email
Q04934,Rohan Joshi,Biotechnology,Fee,How can I pay my semester fee online?,High,2026-03-05,Email
Q01633,Aditi Verma,Physics, Fees ,What is the last date for paying the semester fee? Kindly provide guidance.,Medium,2026-08-17,Portal
Q01306,Vikram Gupta,Electronics,examination,,MEDIUM,2026-04-16,Portal
Q05064,Arjun Sharma,Mechanical,hostel,how can i apply for hostel accommodation?,High,2026-04-28,Chat
Q02470,Payal Joshi,Mechanical, Examination ,When will the examination timetable be released?,Low,2026-06-27,Chat
Q00689,Riya Gupta,Civil,Admission,,High,2026-06-15,Portal
Q00031,Aarav Gupta,Mechanical,Fee,What is the last date for paying the semester fee?,Medium,2026-06-15,Chat
Q02617,Ishaan Verma,Business Administration, admissions ,When will the next admission merit list be published?,Medium,2026-03-17,Chat
Q02431,Varun Sharma,Electronics,Examination,What is the process for applying for revaluation?,High,2026-07-13,Email
Q03556,Bhavya Das,Mechanical,Tech,My dashboard is not loading properly.,High,2026-05-02,Portal
Q02298,Rahul Mehta,Business Administration,Admission,I need help with the admission registration process.,Medium,2026-02-22,Chat
Q03172,Aditya Sharma,Physics, Fees ,Is installment payment available for tuition fees?,High,2026-08-31,Helpdesk
Q00516,Rohan Gupta,Electronics,Scholarship,When will the scholarship results be announced?,Low,2026-07-31,Email
Q02027,Simran Khan,Information Technology,TECHNICAL,I cannot upload my assignment due to a system error.,Medium,2026-05-25,Chat
Q02139,Tanvi Das,Computer Science,Technical,The portal is showing an error while submitting my form.,Low,2026-08-18,Chat
Q01106,Bhavya Verma,Mechanical,TECHNICAL,My dashboard is not loading properly.,Medium,2026-03-28,Chat
Q02897,Divya Das,Mechanical,Admission,What documents are required for admission verification?,Medium,2026-08-25,Helpdesk
Q04358,Aditi Sharma,Physics,Accommodation,Please help. When will the hostel allotment list be announced?,Low,2026-02-12,Chat
Q02556,Manav Das,Electrical Engineering,Technical,I cannot upload my assignment due to a system error.,Low,2026-01-27,Chat
Q00317,Sanjay Das,Civil,FEES,Can I download my fee payment receipt? Kindly provide guidance.,Low,2026-01-12,Helpdesk
Q02373,Shreya Das,Information Technology, Examination ,My exam centre details are not visible in the portal.,Low,2026-04-09,Email
Q01236,Rohan Joshi,Computer Science,fees,How can I pay my semester fee online?,Medium,2026-04-29,Chat
Q00270,Simran Gupta,Mathematics,Scholarships,What are the eligibility criteria for the scholarship?,Low,2026-06-05,Helpdesk
Q00366,Sneha Gupta,Electronics,Admissions,How can I check the status of my admission application?,Medium,2026-07-29,Email
Q02602,Ishaan Das,Electrical Engineering,Fee,,Medium,2026-02-21,Helpdesk
Q02079,Aditi Mehta,Electrical Engineering, Technical ,I am unable to access my student portal.,High,2026-02-25,Portal
Q00601,Ananya Singh,Biotechnology,Fees,My fee payment was deducted but is not showing in the portal.,Medium,2026-03-19,Portal
Q04875,Kavya Joshi,Electrical Engineering,admissions,I need help with the admission registration process.,Low,2026-04-04,Email
Q04901,Sakshi Mehta,Mechanical,Accommodation,,Medium,2026-04-15,Chat
Q05135,Karan Das,Information Technology,Scholarships,When will the scholarship results be announced?,Medium,2026-06-02,Portal
Q02859,Riya Das,Biotechnology, admissions ,I need help with the admission registration process.,High,2026-03-04,Helpdesk
Q02250,Payal Singh,Mathematics, Fees ,Is installment payment available for tuition fees?,Medium,2026-06-26,Portal
Q01981,Isha Mehta,Business Administration,Scholarship,What are the eligibility criteria for the scholarship?,Medium,2026-08-09,Email
Q01496,Bhavya Khan,Mathematics,examination,When will the examination timetable be released? Kindly provide guidance.,Medium,2026-02-03,Chat
Q01153,Simran Khan,Information Technology,TECHNICAL,My dashboard is not loading properly.,High,2026-05-05,Portal
Q03255,Ankit Mehta,Physics,TECHNICAL,I cannot upload my assignment due to a system error. Kindly provide guidance.,Medium,2026-04-27,Email
Q02745,Sanjay Patel,Physics,fees,,Low,2026-02-05,Portal
Q01873,Rohan Patel,Mathematics,EXAMINATION,I am unable to see my examination result.,High,2026-03-07,Portal
Q00893,Manav Singh,Electronics,Hostel,What is the process for changing my hostel room? Kindly provide guidance.,Medium,2026-04-13,Helpdesk
Q00008,Ananya Verma,Mathematics,Hostel,What is the process for changing my hostel room?,High,2026-07-25,Portal
Q02393,Meera Das,Mechanical,Admission,What documents are required for admission verification?,Medium,2026-01-08,Helpdesk
Q02000,Tanvi Patel,Business Administration, Technical ,I cannot upload my assignment due to a system error.,medium,2026-05-11,Portal
Q03638,Meera Verma,Physics,SCHOLARSHIP,Please help. How can I apply for a student scholarship?,High,2026-07-26,Chat
Q02973,Aman Gupta,Electrical Engineering, Hostel ,How can I contact the hostel administration?,Medium,2026-07-27,Helpdesk
Q02979,Payal Das,Business Administration,,How can I apply for hostel accommodation?,High,2026-04-17,Email
Q04904,Ishaan Singh,Biotechnology,examination,I am unable to see my examination result.,Low,2026-05-20,Portal
Q02296,Nitin Mehta,Mathematics,examination,My exam centre details are not visible in the portal.,Medium,2026-06-19,Email
Q00120,Varun Joshi,Mechanical,Admission,how can i check the status of my admission application?,High,2026-05-19,Chat
Q00692,Kavya Das,Civil,Admission,When will the next admission merit list be published?,Low,2026-04-27,Chat
Q04051,Sneha Khan,Biotechnology,fees,Please help. My fee payment was deducted but is not showing in the portal.,Medium,2026-08-29,Portal
Q03103,Yash Joshi,Mechanical,Examinations,My exam centre details are not visible in the portal.,High,2026-03-19,Chat
Q00527,Neha Sharma,Electrical Engineering,admissions,How can I check the status of my admission application?,Medium,2026-08-05,Helpdesk
Q05157,Aditya Verma,Civil,ADMISSIONS,How can I check the status of my admission application?,Medium,2026-07-30,Chat
Q04680,Harsh Joshi,Business Administration,Examination,How can I download my hall ticket?,High,2026-07-30,Email
Q01896,Nitin Das,Business Administration,admissions,Can I change my selected programme after admission?,Low,2026-02-07,Email
Q02584,Neha Mehta,Business Administration,examination,I am unable to see my examination result.,Medium,2026-02-15,Chat
Q01849,Harsh Joshi,Physics,SCHOLARSHIP,My scholarship application status is pending.,Medium,2026-01-15,Chat
Q03112,Sneha Patel,Physics,Admission,What documents are required for admission verification?,High,2026-01-15,Helpdesk
Q04659,Sakshi Joshi,ElectricalEngineering,HOSTEL,When will the hostel allotment list be announced?,Medium,2026-03-02,Portal
Q04202,Simran Patel,Civil, Hostel ,How can I apply for hostel accommodation?,Medium,2026-08-12,Chat
Q00346,Rohan Das,Biotechnology,Admission,When will the next admission merit list be published? Kindly provide guidance.,Medium,2026-01-29,Helpdesk
Q04215,Harsh Das,Mechanical,Technical,I forgot my portal password and cannot log in.,Medium,2026-03-13,Helpdesk
Q00934,Rohan Das,Information Technology,admissions,When will the next admission merit list be published?,Low,2026-08-27,Portal
Q03159,Aditya Joshi,Mechanical,,When will the next admission merit list be published?,High,2026-05-13,Helpdesk
Q03508,Arjun Joshi,Computer Science, Fees ,is installment payment available for tuition fees?,Low,2026-02-25,Portal
Q03365,Sanjay Sharma,Information Technology,,I cannot upload my assignment due to a system error.,High,2026-05-19,Email
Q02769,Payal Patel,Electronics,FEES,Is installment payment available for tuition fees?,High,2026-04-07,Portal
Q00509,Bhavya Das,Electrical Engineering,scholarship,My scholarship application status is pending.,Low,2026-04-15,Chat
Q01581,Ananya Kumar,Electrical Engineering,Scholarship,My scholarship application status is pending. Kindly provide guidance.,Low,2026-08-03,Email
Q04898,Rahul Verma,Business Administration,SCHOLARSHIP,When will the scholarship results be announced?,Medium,2026-02-21,Chat
Q03120,Rahul Patel,Computer Science,SCHOLARSHIP,When will the scholarship results be announced?,High,2026-05-13,Email
Q00895,Nisha Mehta,Computer Science,,I need help with the admission registration process.,Medium,2026-03-03,Portal
Q04937,Ananya Joshi,Electrical Engineering,FEES,Is installment payment available for tuition fees? Kindly provide guidance.,High,2026-07-16,Chat
Q03636,Ishaan Das,Electronics, Technical ,I cannot upload my assignment due to a system error. Kindly provide guidance.,Medium,2026-06-23,Chat
Q00501,Payal Singh,Computer Science,Technical,I cannot upload my assignment due to a system error.,High,2026-03-17,Helpdesk
Q00687,Varun Kumar,Mathematics, Examination ,How can I download my hall ticket?,Medium,2026-08-11,Portal
Q01752,Ankit Singh,Information Technology,TECHNICAL,I am unable to access my student portal.,Medium,2026-02-14,Helpdesk
Q05178,Manav Kumar,Civil,Exam,I am unable to see my examination result.,High,2026-05-23,Chat
Q00774,Sneha Kumar,Biotechnology, Technical ,The portal is showing an error while submitting my form.,High,2026-07-08,Chat
Q01177,Isha Singh,Mechanical,FEES,is installment payment available for tuition fees?,Medium,2026-02-01,Chat
Q05041,Manav Joshi,Civil, Scholarship ,My scholarship application status is pending.,Medium,2026-06-09,Helpdesk
Q00306,Divya Gupta,Mechanical,scholarship,What are the eligibility criteria for the scholarship?,Medium,2026-02-22,Portal
Q02499,Arjun Patel,Mechanical,SCHOLARSHIP,What are the eligibility criteria for the scholarship?,Low,2026-08-06,Email
Q00815,Rohan Joshi,Electrical Engineering, Examination ,What is the process for applying for revaluation?,Medium,2026-06-22,Helpdesk
Q05023,Manav Verma,Information Technology,TECHNICAL,I forgot my portal password and cannot log in.,Medium,2026-01-30,Chat
Q05107,Shreya Kumar,Electronics, Fees ,How can I pay my semester fee online?,Medium,2026-03-16,Chat
Q01887,Pooja Verma, Computer Science ,technical,Please help. I am unable to access my student portal.,High,2026-01-18,Chat
Q00796,Aditi Gupta,Electronics,SCHOLARSHIP,What documents are required for scholarship verification?,High,2026-02-19,Portal
Q01863,Priya Khan,Biotechnology,hostel,What is the process for changing my hostel room?,High,2026-08-28,Portal
Q03505,Payal Joshi,Civil,Fee,My fee payment was deducted but is not showing in the portal.,Medium,2026-05-12,Email
Q02374,Karan Sharma,Information Technology,,I am unable to access my student portal.,Medium,2026-01-29,Portal
Q01783,Neha Das,Electronics,Hostel,When will the hostel allotment list be announced?,Low,2026-07-15,Chat
Q01523,Arjun Khan,Business Administration, Fees ,Can I download my fee payment receipt?,Medium,2026-06-02,Helpdesk
Q01600,Aman Joshi,Mathematics, Fees ,Is installment payment available for tuition fees?,Low,2026-06-12,Portal
Q03164,Nitin Joshi,Mathematics,Tech,I am unable to access my student portal.,Low,2026-05-19,Helpdesk
Q00250,Sakshi Kumar,Mechanical, Technical ,I forgot my portal password and cannot log in.,Low,2026-05-30,Helpdesk
Q03189,Pooja Gupta,Physics,Hostel,How can I apply for hostel accommodation?,Medium,2026-03-08,Portal
Q02087,Ananya Sharma,Business Administration, Fees ,How can I pay my semester fee online?,Low,2026-07-19,Chat
Q03917,Sakshi Sharma,Mathematics,Scholarship,What are the eligibility criteria for the scholarship?,Medium,2026-03-15,Portal
Q04118,Harsh Mehta,Mechanical,Tech,The portal is showing an error while submitting my form.,Low,2026-06-29,Email
Q00096,Bhavya Gupta,Mechanical,Fees,how can i pay my semester fee online?,Medium,2026-06-23,Portal
Q01084,Payal Khan,Mechanical,,My scholarship application status is pending.,Low,2026-07-19,Chat
Q03908,Manav Patel,Biotechnology,SCHOLARSHIP,What documents are required for scholarship verification?,Medium,2026-04-11,Email
Q05051,Simran Sharma,Biotechnology,Tech,Please help. I am unable to access my student portal.,Medium,2026-02-18,Email
Q00947,Sneha Das,Mechanical,Scholarships,When will the scholarship results be announced?,High,2026-03-16,Portal
Q00789,Payal Kumar,Business Administration,Scholarships,My scholarship application status is pending.,High,2026-01-03,Portal
Q04715,Arjun Gupta,electrical engineering, Scholarship ,What documents are required for scholarship verification?,Medium,2026-03-14,Portal
Q04578,Isha Das,Electronics,Hostel,Please help. How can I apply for hostel accommodation?,Medium,2026-04-01,Portal
Q02720,Meera Kumar,Business Administration, Hostel ,Please help. What is the process for changing my hostel room?,Medium,2026-04-16,Email
Q01556,Ishaan Kumar,Business Administration,HOSTEL,Please help. How can I apply for hostel accommodation?,Medium,2026-04-25,Email
Q04868,Sanjay Mehta,Physics, Fees ,My fee payment was deducted but is not showing in the portal.,High,2026-02-21,Helpdesk
Q01740,Isha Khan,Civil,,I am unable to access my student portal.,Medium,2026-03-26,Portal
Q00119,Rohit Singh,Electronics,SCHOLARSHIP,What are the eligibility criteria for the scholarship?,High ,2026-07-06,Portal
Q00014,Rahul Joshi,Information Technology,Technical,I cannot upload my assignment due to a system error.,Low,2026-04-21,Helpdesk
Q02198,Pooja Gupta,Electrical Engineering,Scholarship,What are the eligibility criteria for the scholarship?,High,2026-03-18,Chat
Q00929,Aman Das,Information Technology,fees,my fee payment was deducted but is not showing in the portal.,High,2026-05-08,Helpdesk
Q00408,Vikram Khan,Business Administration,,Please help. Can I download my fee payment receipt?,Low,2026-06-12,Chat
Q01179,Rohan Patel,Electronics,Technical,My dashboard is not loading properly.,Low,2026-08-12,Helpdesk
Q03446,Pooja Verma,Mathematics,hostel,How can I contact the hostel administration?,Low,2026-01-03,Email
Q00199,Bhavya Patel,Biotechnology,Admission,Can I change my selected programme after admission?,Medium,2026-01-21,Email
Q04810,Nitin Gupta,Biotechnology,technical,My dashboard is not loading properly. Kindly provide guidance.,Low,2026-06-09,Portal
Q00670,Rahul Verma,Mechanical,Examinations,What is the process for applying for revaluation?,High,2026-08-24,Email
Q02580,Sanjay Khan,Mathematics,scholarship,When will the scholarship results be announced? Kindly provide guidance.,Medium,2026-01-01,Helpdesk
Q04566,Arjun Das,Physics, Examination ,I am unable to see my examination result.,High,2026-06-17,Email
Q00944,Nitin Patel,Electrical Engineering,hostel,What is the process for changing my hostel room? Kindly provide guidance.,Medium,2026-05-31,Email
Q02141,Priya Das,Electronics,fees,How can I pay my semester fee online?,High,2026-05-26,Portal
Q03579,Vikram Kumar,Biotechnology, Fees ,My fee payment was deducted but is not showing in the portal.,High,2026-05-04,Portal
Q01281,Vikram Kumar,Business Administration,admissions,What documents are required for admission verification?,medium,2026-02-09,Helpdesk
Q01510,Bhavya Joshi,Mathematics, Examination ,I am unable to see my examination result. Kindly provide guidance.,High,2026-05-14,Chat
Q00027,Varun Verma,Electronics,scholarship,How can I apply for a student scholarship?,Medium,2026-04-02,Helpdesk
Q03546,Meera Verma,Electronics,Accommodation,When will the hostel allotment list be announced?,Medium,2026-06-11,Portal
Q01589,Simran Das,Computer Science,Scholarship,when will the scholarship results be announced?,Medium,2026-07-22,Portal
Q00314,Payal Verma,Mechanical,,Please help. How can I download my hall ticket?,Medium,2026-04-28,Helpdesk
Q01376,Tanvi Gupta, Electronics ,ADMISSIONS,What documents are required for admission verification?,HIGH,2026-04-12,Email
Q03244,Priya Mehta,Physics,TECHNICAL,I cannot upload my assignment due to a system error.,Medium,2026-08-19,Portal
Q03469,Priya Kumar,Civil,technical,I forgot my portal password and cannot log in.,Medium,2026-04-20,Chat
Q04311,Isha Patel,Electrical Engineering, Fees ,Can I download my fee payment receipt?,High,2026-03-16,Helpdesk
Q01844,Sanjay Verma,Business Administration, Hostel ,How can I contact the hostel administration?,High,2026-06-18,Portal
Q03762,Divya Kumar,Physics,,When will the scholarship results be announced?,Low,2026-07-27,Chat
Q02149,Tanvi Patel,Civil,Examination,How can I download my hall ticket?,Medium,2026-06-06,Helpdesk
Q02398,Nitin Singh,Physics,Admission,Please help. How can I check the status of my admission application?,Low,2026-07-20,Portal
Q03366,Karan Sharma,Business Administration, Scholarship ,My scholarship application status is pending.,Medium,2026-08-04,Chat
Q02489,Divya Sharma,Mechanical,Examination,My exam centre details are not visible in the portal.,Medium,2026-07-25,Portal
Q00662,Aman Mehta,Mechanical,Fee,Is installment payment available for tuition fees?,Low,2026-05-27,Portal
Q04646,Rohit Joshi,Computer Science,,When will the next admission merit list be published?,Low,2026-05-22,Chat
Q04471,Rohit Gupta,Physics,ADMISSIONS,I need help with the admission registration process.,Medium,2026-05-25,Portal
Q03355,Rahul Joshi,Information Technology,admissions,What documents are required for admission verification? Kindly provide guidance.,Medium,2026-03-26,Helpdesk
Q03632,Rohan Mehta,mathematics, Examination ,,Low,2026-05-03,Helpdesk
Q04096,Sakshi Gupta,Biotechnology,Examinations,I am unable to see my examination result.,Medium,2026-08-06,Chat
Q01432,Nisha Singh,Computer Science,Tech,The portal is showing an error while submitting my form.,Medium,2026-02-15,Email
Q02102,Shreya Kumar,Mechanical,hostel,Please help. How can I apply for hostel accommodation?,High,2026-04-29,Portal
Q02848,Kavya Mehta,Physics,Technical,The portal is showing an error while submitting my form.,Medium,2026-08-29,Chat
Q00795,Sakshi Verma,Physics,Admissions,When will the next admission merit list be published?,Low,2026-07-30,Email
Q04922,Tanvi Patel,Civil,examination,When will the examination timetable be released? Kindly provide guidance.,Low,2026-03-04,Email
Q00078,Neha Joshi,Civil, Scholarship ,How can I apply for a student scholarship?,Medium,2026-08-01,Portal
Q03088,Ankit Gupta,Computer Science,SCHOLARSHIP,What are the eligibility criteria for the scholarship?,medium,2026-03-24,Helpdesk
Q01079,Varun Patel,Electrical Engineering,Scholarship,When will the scholarship results be announced?,Medium,2026-05-22,Portal
Q03167,Aarav Kumar,Physics,SCHOLARSHIP,How can I apply for a student scholarship?,High,2026-04-17,Helpdesk
Q02594,Karan Joshi,Computer Science,fees,My fee payment was deducted but is not showing in the portal.,Medium,2026-05-26,Email
Q00059,Varun Mehta,Business Administration,fees,What is the last date for paying the semester fee?,Medium,2026-07-20,Email
Q02701,Nitin Verma,Civil,scholarship,What documents are required for scholarship verification?,Low,2026-01-21,Email
Q02083,Sakshi Mehta,Electronics,HOSTEL,How can I apply for hostel accommodation?,Low,2026-03-07,Helpdesk
Q03265,Rahul Das,Information Technology,Fee,,Medium,2026-08-12,Chat
Q03157,Isha Joshi,Computer Science,TECHNICAL,i am unable to access my student portal.,High,2026-01-17,Email
Q01257,Sneha Patel,Computer Science,Admission,When will the next admission merit list be published? Kindly provide guidance.,High,2026-06-28,Chat
Q04091,Rahul Patel,Business Administration,EXAMINATION,When will the examination timetable be released?,Low,2026-07-12,Chat
Q05022,Aman Sharma,Electrical Engineering, Fees ,How can I pay my semester fee online?,Medium,2026-01-03,Chat
Q01939,Simran Mehta,Computer Science,Admissions,Can I change my selected programme after admission?,Medium,2026-05-30,Helpdesk
Q04050,Riya Khan,Physics,HOSTEL,What is the process for changing my hostel room?,High,2026-05-03,Chat
Q00745,Nitin Singh,Computer Science, admissions ,Can I change my selected programme after admission?,High,2026-05-08,Email
Q03881,Kavya Khan,Business Administration,Fee,Is installment payment available for tuition fees?,High,2026-08-22,Helpdesk
Q03364,Shreya Mehta,Physics, Examination ,I am unable to see my examination result.,Medium,2026-03-31,Chat
Q04000,Riya Gupta,Electrical Engineering,Scholarships,Please help. My scholarship application status is pending.,High,2026-07-31,Chat
Q00369,Aditi Verma,Mathematics, Fees ,What is the last date for paying the semester fee?,High,2026-06-22,Helpdesk
Q01508,Bhavya Singh,Biotechnology,technical,the portal is showing an error while submitting my form.,Medium,2026-03-07,Portal
Q00914,Nisha Das,Mathematics,Admissions,How can I check the status of my admission application?,High,2026-06-16,Email
Q04397,Kavya Verma,Physics,TECHNICAL,I forgot my portal password and cannot log in.,medium,2026-02-28,Chat
Q02878,Harsh Verma,Biotechnology,Scholarships,my scholarship application status is pending.,High,2026-02-17,Portal
Q04021,Harsh Patel,Electrical Engineering,fees,Is installment payment available for tuition fees?,Medium,2026-07-10,Helpdesk
Q03896,Varun Patel,Biotechnology,FEES,Can I download my fee payment receipt?,Low,2026-01-19,Chat
Q03960,Simran Singh,Physics,hostel,How can I contact the hostel administration?,Low,2026-07-29,Email
Q04293,Nisha Sharma, Biotechnology ,Tech,I forgot my portal password and cannot log in.,Medium,2026-07-31,Email
Q04039,Sakshi Mehta,Computer Science,admissions,Can I change my selected programme after admission? Kindly provide guidance.,medium,2026-04-22,Helpdesk
Q03867,Sanjay Sharma,Electronics,scholarship,When will the scholarship results be announced? Kindly provide guidance.,High,2026-05-07,Helpdesk
Q02379,Riya Patel,Information Technology, Fees ,what is the last date for paying the semester fee?,Medium,2026-07-25,Helpdesk
Q02213,Nitin Das,Electrical Engineering,,I need help with the admission registration process. Kindly provide guidance.,Low,2026-06-24,Portal
Q04622,Manav Mehta,Electronics,EXAMINATION,My exam centre details are not visible in the portal. Kindly provide guidance.,Medium,2026-07-09,Portal
Q01139,Meera Patel,Electronics,FEES,What is the last date for paying the semester fee?,Medium,2026-08-15,Chat
Q03974,Karan Khan,Physics,Hostel,When will the hostel allotment list be announced?,LOW,2026-05-10,Chat
Q00508,Rohan Verma,Electrical Engineering,technical,The portal is showing an error while submitting my form.,Medium,2026-05-07,Chat
Q03311,Neha Singh,Mathematics,ADMISSIONS,i need help with the admission registration process.,Low,2026-08-03,Email
Q03490,Sanjay Das,Electrical Engineering, admissions ,What documents are required for admission verification?,High,2026-04-14,Chat
Q03017,Aditya Patel,Mathematics,Exam,How can I download my hall ticket?,High,2026-05-10,Portal
Q00594,Ananya Gupta,Electrical Engineering,FEES,What is the last date for paying the semester fee?,High,2026-04-28,Helpdesk
Q04785,Karan Das,Electrical Engineering,SCHOLARSHIP,what documents are required for scholarship verification?,Medium,2026-01-30,Chat
Q01839,Varun Sharma,Mathematics, Fees ,Is installment payment available for tuition fees?,Medium,2026-06-07,Email
Q00226,Simran Singh,Electronics,examination,,Medium,2026-02-11,Chat
Q04957,Meera Patel,Mechanical,FEES,Please help. Is installment payment available for tuition fees?,Medium,2026-01-02,Email
Q03924,Yash Das,Mechanical,SCHOLARSHIP,How can I apply for a student scholarship? Kindly provide guidance.,High,2026-05-26,Email
Q01868,Rohan Das,Information Technology,examination,,High,2026-06-18,Portal
Q04325,Vikram Das,Electrical Engineering,Tech,The portal is showing an error while submitting my form.,Low,2026-06-22,Portal
Q04166,Sneha Khan,Information Technology, Scholarship ,When will the scholarship results be announced?,Medium,2026-07-28,Chat
Q03699,Rahul Sharma,Mechanical,,is installment payment available for tuition fees?,High,2026-05-19,Portal
Q03657,Aditi Mehta,Electronics,Admission,Can I change my selected programme after admission?,Medium,2026-04-09,Portal
Q04462,Harsh Khan,Electrical Engineering,Fees,Is installment payment available for tuition fees?,High,2026-08-17,Email
Q04945,Rahul Sharma,Business Administration,EXAMINATION,When will the examination timetable be released?,Medium,2026-07-30,Chat
Q04449,Shreya Patel,Physics,Examinations,My exam centre details are not visible in the portal.,Low,2026-02-08,Portal
Q05126,Ananya Das,Mechanical,,Please help. What are the eligibility criteria for the scholarship?,Medium,2026-04-17,Email
Q01052,Rohit Mehta,Civil,Examinations,Please help. My exam centre details are not visible in the portal.,High,2026-07-04,Helpdesk
Q04228,Payal Singh,Civil,EXAMINATION,,Medium,2026-06-08,Portal
Q02525,Vikram Singh,Mathematics,HOSTEL,What is the process for changing my hostel room?,Low,2026-02-26,Email
Q00888,Rohit Gupta,Information Technology, Technical ,Please help. My dashboard is not loading properly.,Medium,2026-01-12,Portal
Q02809,Aditi Das,Physics,HOSTEL,How can I apply for hostel accommodation?,Medium,2026-02-13,Email
Q04968,Simran Joshi,Biotechnology,Fees,Can I download my fee payment receipt?,High,2026-07-18,Chat
Q00266,Aditya Sharma,Electronics,TECHNICAL,I cannot upload my assignment due to a system error.,High,2026-06-11,Chat
Q03761,Rahul Kumar,Physics,hostel,How can I contact the hostel administration?,Low,2026-04-18,Helpdesk
Q02715,Ishaan Verma,Business Administration,Admission,What documents are required for admission verification?,Medium,2026-06-17,Portal
Q03964,Shreya Sharma,Information Technology,EXAMINATION,What is the process for applying for revaluation?,High,2026-06-30,Chat
Q01825,Meera Mehta,Civil,FEES,How can I pay my semester fee online?,Medium,2026-04-04,Helpdesk
Q00640,Simran Joshi,Electronics, Technical ,I forgot my portal password and cannot log in.,Medium,2026-08-16,Portal
Q04940,Sneha Gupta,Information Technology,Accommodation,How can I contact the hostel administration?,Low,2026-03-17,Email
Q00578,Sneha Sharma,Business Administration,Scholarships,What documents are required for scholarship verification?,Low,2026-03-12,Email
Q00484,Riya Gupta,Business Administration,Admissions,How can I check the status of my admission application?,Medium,2026-07-07,Chat
Q04572,Aman Mehta,Mathematics,Scholarship,What documents are required for scholarship verification?,Medium,2026-04-24,Portal
Q03756,Nisha Khan,Civil,examination,When will the examination timetable be released? Kindly provide guidance.,Medium,2026-01-11,Helpdesk
Q01252,Divya Joshi,Electronics, Fees ,What is the last date for paying the semester fee?,Medium,2026-08-19,Portal
Q02873,Manav Mehta,Civil,HOSTEL,How can I contact the hostel administration?,Medium,2026-03-28,Helpdesk
Q00164,Rohan Patel,Electrical Engineering,EXAMINATION,What is the process for applying for revaluation?,High,2026-06-10,Chat
Q02950,Kavya Verma,Information Technology,examination,What is the process for applying for revaluation?,High,2026-03-10,Helpdesk
Q01882,Pooja Verma,Civil,scholarship,What are the eligibility criteria for the scholarship?,Medium,2026-08-02,Helpdesk
Q00991,Aman Verma,Electronics,Fee,My fee payment was deducted but is not showing in the portal.,Medium,2026-05-11,Chat
Q01822,Shreya Patel,Business Administration,FEES,can i download my fee payment receipt?,High,2026-07-21,Portal
Q02565,Pooja Gupta,Physics,Exam,What is the process for applying for revaluation?,Low,2026-08-02,Email
Q03049,Simran Verma,Business Administration,Examination,What is the process for applying for revaluation?,Low,2026-06-28,Portal
Q03596,Manav Khan,Business Administration,Accommodation,What is the process for changing my hostel room?,High,2026-01-04,Portal
Q00532,Aditi Patel,Mathematics,Examination,My exam centre details are not visible in the portal.,Medium,2026-01-25,Helpdesk
Q01005,Yash Patel,Computer Science,ADMISSIONS,What documents are required for admission verification?,Medium,2026-03-08,Portal
Q03154,Riya Mehta,Business Administration,FEES,How can I pay my semester fee online? Kindly provide guidance.,High,2026-04-27,Chat
Q03312,Tanvi Sharma,Physics,Exam,Please help. When will the examination timetable be released?,Low,2026-04-07,Portal
Q04427,Meera Verma,Electronics, Hostel ,What is the process for changing my hostel room?,High,2026-05-14,Chat
Q01193,Aditya Kumar,Computer Science,examination,How can I download my hall ticket?,Low,2026-05-05,Helpdesk
Q05031,Bhavya Sharma,Business Administration,fees,How can I pay my semester fee online?,Low,2026-02-03,Chat
Q03268,Bhavya Sharma,Information Technology,Technical,I am unable to access my student portal. Kindly provide guidance.,Low,2026-02-01,Portal
Q00023,Rohit Mehta,Business Administration,Examination,How can I download my hall ticket?,Medium,2026-04-09,Portal
Q00810,Isha Patel,Information Technology,EXAMINATION,My exam centre details are not visible in the portal. Kindly provide guidance.,Medium,2026-01-23,Helpdesk
Q01011,Divya Singh,Electronics,Accommodation,when will the hostel allotment list be announced?,Low,2026-04-21,Portal
Q00626,Priya Joshi,Business Administration,Examinations,,High,2026-04-06,Helpdesk
Q00300,Aditi Gupta,Business Administration,TECHNICAL,I am unable to access my student portal.,Medium,2026-02-09,Helpdesk
Q03452,Bhavya Mehta,Electrical Engineering,TECHNICAL,I cannot upload my assignment due to a system error. Kindly provide guidance.,Medium,2026-02-04,Email
Q03320,Nisha Joshi,Biotechnology,scholarship,What are the eligibility criteria for the scholarship?,High,2026-01-21,Email
Q04361,Priya Sharma,Biotechnology,Fee,My fee payment was deducted but is not showing in the portal.,Medium,2026-06-29,Email
Q00114,Riya Patel,Mathematics,Fees,My fee payment was deducted but is not showing in the portal. Kindly provide guidance.,High,2026-07-25,Chat
Q00263,Shreya Gupta,Computer Science, Examination ,When will the examination timetable be released?,Medium,2026-03-05,Helpdesk
Q02998,Harsh Sharma,Electrical Engineering,Fee,What is the last date for paying the semester fee?,Medium,2026-05-06,Email
Q01834,Aditi Singh,Mathematics, admissions ,How can I check the status of my admission application?,Medium,2026-06-25,Helpdesk
Q03961,Harsh Verma,Civil,Tech,I forgot my portal password and cannot log in.,Medium,2026-04-13,Helpdesk
Q00173,Ananya Singh,Business Administration,technical,I cannot upload my assignment due to a system error.,Low,2026-08-29,Helpdesk
Q05111,Simran Singh,Electrical Engineering,Technical,I am unable to access my student portal.,Low,2026-06-26,Helpdesk
Q04473,Harsh Verma,Information Technology,,How can I contact the hostel administration?,Medium,2026-01-03,Email
Q04333,Isha Singh,Business Administration,EXAMINATION,I am unable to see my examination result.,Medium,2026-02-17,Portal
Q01811,Aarav Khan,Business Administration,Accommodation,how can i apply for hostel accommodation?,Medium,2026-07-03,Helpdesk
Q02082,Rohan Kumar,Information Technology,FEES,Is installment payment available for tuition fees?,Medium,2026-08-19,Email
Q03887,Kavya Khan,Biotechnology, Hostel ,I have a problem with my hostel room facilities.,Medium,2026-01-27,Chat
Q04103,Rohan Kumar,Biotechnology,EXAMINATION,I am unable to see my examination result. Kindly provide guidance.,Low,2026-07-24,Portal
Q03749,Vikram Patel,Physics,scholarship,What are the eligibility criteria for the scholarship?,High,2026-04-01,Helpdesk
Q00831,Aman Kumar,Information Technology,Exam,How can I download my hall ticket?,Medium,2026-05-31,Email
Q01924,Nitin Kumar,Information Technology,Fee,Is installment payment available for tuition fees?,High,2026-04-03,Portal
Q04064,Riya Khan,Physics,Examinations,What is the process for applying for revaluation?,Medium,2026-05-06,Helpdesk
Q02512,Kavya Sharma,Electrical Engineering,Fee,What is the last date for paying the semester fee?,Low,2026-08-30,Portal
Q00322,Riya Kumar,Biotechnology,FEES,Can I download my fee payment receipt?,Low,2026-04-07,Chat
Q03763,Manav Verma,Information Technology,SCHOLARSHIP,Please help. What are the eligibility criteria for the scholarship?,High,2026-02-27,Email
Q03978,Payal Singh,Mathematics,TECHNICAL,I forgot my portal password and cannot log in. Kindly provide guidance.,Medium,2026-04-26,Helpdesk
Q01131,Shreya Khan,Mathematics,Hostel,What is the process for changing my hostel room?,High,2026-03-26,Helpdesk
Q01477,Harsh Das,Physics,examination,When will the examination timetable be released?,High,2026-07-11,Email
Q00428,Karan Verma,Electrical Engineering,Fee,What is the last date for paying the semester fee?,Low,2026-01-15,Helpdesk
Q05101,Rohit Joshi,Computer Science, Examination ,What is the process for applying for revaluation?,Low,2026-08-25,Email
Q04742,Divya Gupta,Civil,fees,Can I download my fee payment receipt?,Medium,2026-04-12,Helpdesk
Q04996,Karan Das,Business Administration,Hostel,Please help. How can I contact the hostel administration?,Medium,2026-07-05,Email
Q04007,Ankit Patel,Information Technology,Fees,Can I download my fee payment receipt?,Medium,2026-01-19,Email
Q00512,Sanjay Kumar,Business Administration,examination,My exam centre details are not visible in the portal.,HIGH,2026-01-27,Chat
Q01764,Payal Das,Physics, Hostel ,How can I apply for hostel accommodation?,High,2026-05-10,Chat
Q04889,Ishaan Kumar,Biotechnology, Examination ,I am unable to see my examination result.,Low,2026-02-11,Chat
Q00550,Nitin Joshi,Mechanical,Examinations,How can I download my hall ticket?,High,2026-01-22,Email
Q03083,Sneha Verma,Information Technology,Examinations,Please help. What is the process for applying for revaluation?,high,2026-02-17,Email
Q05182,Sneha Patel,Computer Science,EXAMINATION,when will the examination timetable be released?,Medium,2026-01-24,Chat
Q01522,Arjun Sharma,Physics,,What documents are required for admission verification?,Low,2026-02-05,Helpdesk
Q04139,Aditi Kumar,MECHANICAL,Admission,When will the next admission merit list be published?,High,2026-01-28,Helpdesk
Q00530,Aman Kumar,Mathematics,FEES,How can I pay my semester fee online?,Medium,2026-08-19,Helpdesk
Q01585,Isha Kumar,Information Technology,fees,How can I pay my semester fee online?,High,2026-06-28,Helpdesk
Q01192,Arjun Joshi,Mechanical,Scholarship,When will the scholarship results be announced?,Low,2026-07-07,Helpdesk
Q00200,Aditi Verma,Electrical Engineering,Admissions,Can I change my selected programme after admission?,Medium,2026-08-18,Chat
Q03165,Meera Kumar,Information Technology,EXAMINATION,How can I download my hall ticket? Kindly provide guidance.,Low,2026-03-14,Email
Q01719,Meera Kumar,Civil,admissions,Can I change my selected programme after admission?,Medium,2026-06-02,Portal
Q00340,Kavya Das,Electrical Engineering,SCHOLARSHIP,Please help. How can I apply for a student scholarship?,Low,2026-04-26,Chat
Q04012,Vikram Gupta,Civil, Technical ,I forgot my portal password and cannot log in.,Medium,2026-01-14,Portal
Q04350,Rohan Kumar,Mechanical, Technical ,i cannot upload my assignment due to a system error.,Medium,2026-04-14,Chat
Q01358,Simran Joshi, Computer Science ,Examination,What is the process for applying for revaluation?,Low,2026-04-08,Helpdesk
Q03206,Rahul Patel,Mechanical,Exam,Please help. My exam centre details are not visible in the portal.,High,2026-02-03,Helpdesk
Q04927,Nisha Patel,Electrical Engineering,EXAMINATION,I am unable to see my examination result.,High,2026-05-20,Chat
Q00621,Harsh Das,Computer Science,Accommodation,How can I contact the hostel administration?,High,2026-05-29,Email
Q04644,Sakshi Kumar,Electronics,Admission,I need help with the admission registration process.,Medium,2026-04-24,Email
Q04310,Neha Khan,Electrical Engineering,Fees,Can I download my fee payment receipt?,Low,2026-03-09,Email
Q04253,Harsh Sharma,Information Technology,Scholarships,What documents are required for scholarship verification?,Low,2026-04-09,Chat
Q04036,Tanvi Das,Information Technology,TECHNICAL,I am unable to access my student portal. Kindly provide guidance.,Medium,2026-06-17,Portal
Q02334,Aarav Mehta,Physics, admissions ,I need help with the admission registration process.,Low,2026-07-31,Chat
Q01215,Sneha Verma,Civil, Hostel ,I have a problem with my hostel room facilities.,Medium,2026-08-29,Portal
Q01220,Karan Khan,Civil,technical,I am unable to access my student portal.,Medium,2026-02-16,Email
Q04515,Ankit Sharma,Civil,Examinations,what is the process for applying for revaluation?,Medium,2026-04-23,Email
Q05179,Rahul Kumar,Biotechnology,TECHNICAL,I forgot my portal password and cannot log in.,Medium,2026-03-22,Email
Q03077,Arjun Joshi,Business Administration, Fees ,Is installment payment available for tuition fees?,Medium,2026-08-07,Portal
Q04509,Nisha Gupta,Civil,Scholarships,What are the eligibility criteria for the scholarship?,High,2026-04-24,Portal
Q00545,Ananya Joshi,Physics,Fee,My fee payment was deducted but is not showing in the portal.,Low,2026-08-23,Portal
Q02302,Ishaan Patel,Biotechnology,Accommodation,When will the hostel allotment list be announced?,Low,2026-06-09,Helpdesk
Q00706,Sneha Gupta,Business Administration,FEES,Please help. What is the last date for paying the semester fee?,low,2026-07-16,Helpdesk
Q02523,Arjun Kumar,Information Technology, Technical ,I am unable to access my student portal.,Low,2026-06-29,Portal
Q00362,Aman Kumar,Computer Science, Technical ,I am unable to access my student portal.,High,2026-03-12,Email
Q03170,Ankit Joshi,Mechanical, Examination ,When will the examination timetable be released?,Medium,2026-07-13,Email
Q01007,Simran Sharma,Information Technology, admissions ,What documents are required for admission verification? Kindly provide guidance.,Medium,2026-08-18,Email
Q00431,Manav Gupta,Mathematics,Scholarships,when will the scholarship results be announced?,Medium,2026-04-20,Email
Q05009,Aarav Kumar,Biotechnology,hostel,How can I apply for hostel accommodation?,Low,2026-05-17,Chat
Q02689,Manav Mehta,Mechanical,hostel,how can i contact the hostel administration?,High,2026-03-16,Email
Q01069,Nisha Verma,Physics,Scholarships,When will the scholarship results be announced?,Medium,2026-06-30,Email
Q01272,Nitin Khan,Computer Science,Examination,How can I download my hall ticket?,Medium,2026-08-12,Chat
Q01460,Rahul Das,Electrical Engineering,TECHNICAL,The portal is showing an error while submitting my form.,High,2026-01-06,Chat
Q03901,Tanvi Patel,Mathematics,HOSTEL,When will the hostel allotment list be announced?,Medium,2026-02-24,Chat
Q00940,Aman Mehta,Physics,Exam,When will the examination timetable be released? Kindly provide guidance.,High,2026-01-13,Portal
Q04750,Ananya Sharma,Business Administration,Admission,I need help with the admission registration process.,Low,2026-06-23,Portal
Q04926,Kavya Khan,Civil,scholarship,What documents are required for scholarship verification?,high,2026-07-13,Email
Q00427,Pooja Patel,Physics,TECHNICAL,I am unable to access my student portal.,Low,2026-07-31,Email
Q00759,Aditi Kumar,Information Technology,Scholarship,What documents are required for scholarship verification?,Medium,2026-07-17,Portal
Q01751,Riya Verma,Mathematics, Technical ,The portal is showing an error while submitting my form.,High,2026-05-23,Portal
Q04355,Tanvi Kumar,Biotechnology,Hostel,I have a problem with my hostel room facilities.,low,2026-07-12,Portal
Q02530,Nisha Das,Civil, Technical ,I am unable to access my student portal.,Medium,2026-07-13,Portal
Q02526,Manav Verma,Computer Science,Fees,What is the last date for paying the semester fee?,Low,2026-04-22,Helpdesk
Q03642,Sneha Joshi,Biotechnology,fees,Can I download my fee payment receipt?,High,2026-01-20,Portal
Q03939,Manav Gupta,Biotechnology,technical,My dashboard is not loading properly.,Low,2026-07-21,Chat
Q00668,Divya Singh,Electrical Engineering, Technical ,I am unable to access my student portal.,Low,2026-01-04,Helpdesk
Q02281,Sakshi Joshi,Civil, Scholarship ,What documents are required for scholarship verification?,High,2026-08-25,Portal
Q02293,Aditi Joshi,Biotechnology,Fee,What is the last date for paying the semester fee?,Medium,2026-01-31,Helpdesk
Q04465,Karan Mehta,Electronics,EXAMINATION,What is the process for applying for revaluation?,Medium,2026-01-12,Chat
Q03155,Ananya Kumar,Mechanical,HOSTEL,What is the process for changing my hostel room?,Medium,2026-01-14,Email
Q04951,Priya Mehta,Mechanical,HOSTEL,When will the hostel allotment list be announced?,Low,2026-04-04,Portal
Q01512,Pooja Singh,Civil,ADMISSIONS,Can I change my selected programme after admission?,High,2026-05-17,Chat
Q04637,Arjun Gupta,Electrical Engineering,Accommodation,I have a problem with my hostel room facilities.,low,2026-05-13,Portal
Q00566,Shreya Singh,Computer Science, admissions ,Can I change my selected programme after admission? Kindly provide guidance.,Medium,2026-03-31,Email
Q02932,Sneha Joshi,Electrical Engineering, admissions ,Can I change my selected programme after admission?,High,2026-04-14,Chat
Q03904,Varun Verma,Biotechnology,Accommodation,How can I apply for hostel accommodation?,High,2026-05-21,Chat
Q00345,Harsh Singh,Civil,fees,Is installment payment available for tuition fees?,Medium,2026-04-28,Helpdesk
Q01421,Riya Gupta,Business Administration,Technical,My dashboard is not loading properly.,Low,2026-03-02,Email
Q01836,Isha Joshi,Computer Science,Hostel,How can I contact the hostel administration?,High,2026-07-31,Helpdesk
Q00978,Tanvi Kumar,Business Administration,fees,,Medium,2026-07-12,Helpdesk
Q00646,Aditi Khan,Civil,Fee,Is installment payment available for tuition fees?,High,2026-03-30,Portal
Q04759,Pooja Das,Biotechnology,ADMISSIONS,What documents are required for admission verification?,High,2026-04-04,Portal
Q00506,Rohit Das,Computer Science,Examination,When will the examination timetable be released?,High,2026-02-17,Chat
Q02666,Payal Sharma,Business Administration,Examination,How can I download my hall ticket?,Medium,2026-06-04,Chat
Q01485,Yash Verma,Electrical Engineering,FEES,Can I download my fee payment receipt?,High,2026-03-20,Helpdesk
Q01511,Aditya Kumar,Information Technology, Fees ,What is the last date for paying the semester fee?,Medium,2026-06-09,Chat
Q02605,Manav Das,Biotechnology, Technical ,My dashboard is not loading properly.,High,2026-05-07,Email
Q04124,Rohit Gupta,Electrical Engineering, Technical ,My dashboard is not loading properly.,Medium,2026-02-06,Chat
Q05154,Aditi Verma,Mathematics, Examination ,,Medium,2026-01-25,Email
Q00870,Neha Singh,Mathematics,Hostel,How can I apply for hostel accommodation?,Medium,2026-07-20,Portal
Q05005,Arjun Gupta,Mathematics,fees,Can I download my fee payment receipt?,Medium,2026-04-07,Helpdesk
Q03348,Sakshi Verma,Computer Science,Hostel,When will the hostel allotment list be announced? Kindly provide guidance.,Low,2026-01-02,Email
Q03575,Arjun Khan,Biotechnology,SCHOLARSHIP,How can I apply for a student scholarship?,high,2026-07-10,Helpdesk
Q05006,Ankit Kumar,Information Technology,Examination,,Medium,2026-02-06,Helpdesk
Q00212,Priya Patel,Mathematics,Scholarships,Please help. How can I apply for a student scholarship?,Low,2026-04-15,Chat
Q03564,Kavya Sharma,business administration,FEES,Can I download my fee payment receipt?,Medium,2026-04-16,Portal
Q04581,Manav Patel,Civil,Admissions,What documents are required for admission verification?,Medium,2026-06-05,Email
Q02619,Simran Gupta,Civil,hostel,What is the process for changing my hostel room?,Low,2026-04-09,Portal
Q04991,Kavya Sharma,Biotechnology,Tech,I am unable to access my student portal.,Medium,2026-08-24,Helpdesk
Q05024,Harsh Mehta,Information Technology,scholarship,What documents are required for scholarship verification? Kindly provide guidance.,medium,2026-04-11,Helpdesk
Q02348,Varun Kumar,Physics,FEES,What is the last date for paying the semester fee?,Medium,2026-08-18,Portal
Q05124,Nisha Kumar,Electrical Engineering,Admission,,Medium,2026-05-14,Email
Q01587,Sneha Gupta,Physics, Scholarship ,Please help. When will the scholarship results be announced?,Low,2026-03-01,Portal
Q00677,Rahul Joshi,Mechanical,Examination,What is the process for applying for revaluation?,High,2026-02-28,Email
Q01393,Rohan Mehta,Computer Science,EXAMINATION,How can I download my hall ticket?,High,2026-07-11,Helpdesk
Q00697,Divya Gupta,Electrical Engineering,admissions,Please help. How can I check the status of my admission application?,High,2026-08-24,Helpdesk
Q04877,Arjun Khan,Business Administration,Fee,My fee payment was deducted but is not showing in the portal.,High,2026-02-01,Portal
Q01497,Priya Joshi,Physics,Admissions,can i change my selected programme after admission?,High,2026-08-21,Chat
Q01726,Sanjay Khan,Mechanical,SCHOLARSHIP,when will the scholarship results be announced?,Low,2026-06-03,Email
Q04324,Ishaan Kumar,Electronics,Examinations,I am unable to see my examination result.,Low,2026-02-07,Portal
Q04671,Sanjay Verma,Civil,Admissions,I need help with the admission registration process. Kindly provide guidance.,Medium,2026-01-12,Helpdesk
Q04274,Arjun Patel,Civil,technical,I am unable to access my student portal. Kindly provide guidance.,Low,2026-08-11,Helpdesk
Q05032,Aarav Kumar,Electrical Engineering,,What is the process for applying for revaluation?,Medium,2026-08-07,Portal
Q00664,Varun Khan,Electronics,Fee,Is installment payment available for tuition fees?,High,2026-07-01,Email
Q02137,Ananya Das,Civil,SCHOLARSHIP,What documents are required for scholarship verification?,Medium,2026-02-01,Chat
Q02771,Harsh Verma,Civil,HOSTEL,How can I contact the hostel administration?,Medium,2026-07-30,Helpdesk
Q02495,Meera Mehta,Electrical Engineering, Fees ,Is installment payment available for tuition fees? Kindly provide guidance.,Medium,2026-06-07,Portal
Q04229,Tanvi Das,Electronics,Technical,I forgot my portal password and cannot log in.,Medium,2026-08-24,Portal
Q03395,Neha Sharma,Physics,Tech,I am unable to access my student portal.,Medium,2026-02-11,Email
Q05070,Sakshi Verma,Computer Science,Admission,What documents are required for admission verification?,Medium,2026-02-14,Chat
Q03412,Pooja Gupta,Computer Science,Exam,What is the process for applying for revaluation?,High,2026-03-19,Helpdesk
Q02703,Payal Joshi,Electronics,Examination,I am unable to see my examination result.,High,2026-04-03,Email
Q00126,Arjun Gupta,Electronics,FEES,Can I download my fee payment receipt?,High,2026-05-04,Email
Q03689,Nitin Das,Business Administration,Accommodation,I have a problem with my hostel room facilities.,Medium,2026-08-03,Helpdesk
Q03267,Harsh Sharma,Electrical Engineering,technical,My dashboard is not loading properly.,Medium,2026-01-10,Portal
Q01377,Kavya Joshi,Civil,technical,The portal is showing an error while submitting my form.,High,2026-02-27,Helpdesk
Q03553,Yash Das,Mechanical,ADMISSIONS,what documents are required for admission verification?,Low,2026-05-14,Portal
Q02280,Priya Sharma,Physics,Technical,The portal is showing an error while submitting my form.,High,2026-07-12,Portal
Q03115,Simran Khan,mechanical,Admissions,Can I change my selected programme after admission?,Medium,2026-08-02,Helpdesk
Q03127,Aditya Joshi, Electronics ,Admission,How can I check the status of my admission application?,Medium,2026-07-16,Helpdesk
Q04618,Nitin Gupta,Business Administration,Admission,How can I check the status of my admission application?,High,2026-07-18,Email
Q02422,Yash Khan,Mechanical,Technical,I cannot upload my assignment due to a system error. Kindly provide guidance.,Medium,2026-06-03,Portal
Q01158,Payal Patel,Information Technology,Examinations,My exam centre details are not visible in the portal.,High,2026-08-13,Chat
Q03420,Harsh Gupta,Mathematics,Admissions,,Medium,2026-05-25,Email
Q01926,Karan Kumar,Mathematics,Hostel,what is the process for changing my hostel room?,Medium,2026-04-09,Portal
Q00738,Aditi Singh,Physics, Hostel ,Please help. How can I contact the hostel administration?,LOW,2026-01-30,Helpdesk
Q01060,Yash Joshi,Physics, Examination ,My exam centre details are not visible in the portal.,Medium,2026-08-29,Helpdesk
Q05030,Aarav Singh,Computer Science,Fee,Can I download my fee payment receipt?,Low,2026-07-17,Email
Q04966,Ankit Patel,Biotechnology,SCHOLARSHIP,What are the eligibility criteria for the scholarship?,Medium,2026-03-29,Helpdesk
Q00149,Nisha Khan,Electronics,ADMISSIONS,How can I check the status of my admission application?,Medium,2026-03-14,Portal
Q02914,Divya Verma,Electronics,HOSTEL,What is the process for changing my hostel room?,Medium,2026-08-27,Portal
Q02379,Riya Patel,Information Technology, Fees ,what is the last date for paying the semester fee?,Medium,2026-07-25,Helpdesk
Q03279,Isha Das,Information Technology,Hostel,How can I apply for hostel accommodation?,Medium,2026-01-19,Chat
Q01649,Simran Verma,Information Technology,Fee,How can I pay my semester fee online? Kindly provide guidance.,Low,2026-06-11,Helpdesk
Q03640,Tanvi Mehta,Electronics,Exam,How can I download my hall ticket? Kindly provide guidance.,Medium,2026-08-27,Chat
Q00580,Payal Kumar,Computer Science, admissions ,when will the next admission merit list be published?,Low,2026-04-01,Helpdesk
Q00101,Payal Singh,Physics, Fees ,What is the last date for paying the semester fee?,High,2026-05-10,Chat
Q02655,Riya Kumar,Information Technology,Scholarships,How can I apply for a student scholarship?,High,2026-04-15,Chat
Q02889,Shreya Singh,Biotechnology,Scholarships,When will the scholarship results be announced?,Medium,2026-08-14,Portal
Q03126,Ishaan Khan,Mathematics,Hostel,How can I apply for hostel accommodation?,Medium,2026-02-01,Email
Q03314,Aman Verma,Biotechnology,TECHNICAL,My dashboard is not loading properly.,Low,2026-01-09,Chat
Q03193,Nisha Sharma,Electronics,hostel,,Low,2026-05-10,Helpdesk
Q00751,Kavya Mehta,Mathematics,Admission,Can I change my selected programme after admission?,High,2026-03-04,Portal
Q02583,Neha Patel,Business Administration,examination,What is the process for applying for revaluation?,High,2026-03-10,Helpdesk
Q04669,Rohit Sharma,Biotechnology,ADMISSIONS,I need help with the admission registration process.,Low,2026-03-25,Chat
Q01544,Tanvi Mehta,Physics,ADMISSIONS,Can I change my selected programme after admission?,High,2026-02-01,Helpdesk
Q01149,Payal Joshi,Computer Science, Hostel ,When will the hostel allotment list be announced?,High,2026-08-10,Portal
Q02803,Aman Patel,Information Technology,Exam,My exam centre details are not visible in the portal.,Medium,2026-04-17,Email
Q04559,Pooja Joshi,Biotechnology,FEES,Is installment payment available for tuition fees?,High,2026-03-17,Email
Q04026,Varun Singh,Mechanical,EXAMINATION,What is the process for applying for revaluation?,Medium,2026-01-28,Email
Q04027,Shreya Das,Civil, Scholarship ,How can I apply for a student scholarship?,Low,2026-01-03,Helpdesk
Q01695,Aarav Mehta,Mechanical,ADMISSIONS,Can I change my selected programme after admission?,Medium,2026-03-24,Email
Q00375,Ankit Khan,Physics,SCHOLARSHIP,When will the scholarship results be announced?,Medium,2026-07-11,Email
Q04811,Varun Khan,Electrical Engineering,Fees,What is the last date for paying the semester fee?,High,2026-02-19,Portal
Q03212,Nitin Khan,Mathematics,Fee,My fee payment was deducted but is not showing in the portal.,Medium,2026-07-08,Helpdesk
Q00160,Shreya Singh,Biotechnology,fees,Can I download my fee payment receipt?,Low,2026-02-17,Portal
Q02340,Isha Singh,Civil,,I forgot my portal password and cannot log in.,Medium,2026-07-09,Email
Q01697,Tanvi Joshi,Biotechnology,hostel,When will the hostel allotment list be announced?,medium,2026-03-25,Chat
Q02880,Arjun Kumar,Business Administration,technical,The portal is showing an error while submitting my form.,High ,2026-06-05,Portal
Q04807,Vikram Verma,Computer Science, admissions ,Can I change my selected programme after admission?,Medium,2026-07-10,Chat
Q04663,Sakshi Das,Civil, Examination ,How can I download my hall ticket?,Medium,2026-08-21,Portal
Q04067,Harsh Gupta,Information Technology,Admission,How can I check the status of my admission application?,High,2026-04-27,Email
Q03717,Rahul Gupta,Biotechnology,Fees,Is installment payment available for tuition fees?,Medium,2026-05-27,Chat
Q05091,Meera Das,Electrical Engineering, Hostel ,What is the process for changing my hostel room?,High ,2026-07-06,Portal
Q02176,Divya Patel,Biotechnology,Examinations,When will the examination timetable be released?,High,2026-08-02,Email
Q04142,Meera Joshi,Computer Science,Fees,how can i pay my semester fee online?,LOW,2026-01-23,Chat
Q05151,Aditi Kumar,Electrical Engineering,hostel,,High ,2026-04-12,Email
Q00722,Karan Khan,Information Technology,Admission,How can I check the status of my admission application?,Low,2026-06-28,Chat
Q04631,Aarav Kumar,Civil,Examination,I am unable to see my examination result.,High,2026-03-30,Portal
Q00129,Sakshi Mehta,Business Administration,admissions,Can I change my selected programme after admission? Kindly provide guidance.,High,2026-03-27,Chat
Q04023,Manav Joshi,Electrical Engineering,Tech,I cannot upload my assignment due to a system error.,Medium,2026-04-19,Portal
Q00474,Rohit Sharma,Computer Science,Fees,What is the last date for paying the semester fee?,Low,2026-05-31,Portal
Q04615,Rahul Verma,Electronics,Fee,Please help. My fee payment was deducted but is not showing in the portal.,Medium,2026-02-12,Chat
Q01548,Aman Gupta,Mechanical,Admissions,When will the next admission merit list be published?,High,2026-01-05,Email
Q01118,Isha Verma,Physics,Admissions,Can I change my selected programme after admission?,High,2026-08-11,Helpdesk
Q04100,Yash Das,Computer Science,Scholarships,How can I apply for a student scholarship?,Medium,2026-01-16,Email
Q02978,Rohit Gupta,Electrical Engineering,Technical,I am unable to access my student portal.,Low,2026-02-04,Portal
Q00336,Yash Sharma,Biotechnology, admissions ,How can I check the status of my admission application?,High,2026-03-23,Email
Q01268,Rohit Mehta,Mechanical,Scholarship,My scholarship application status is pending.,Low,2026-07-04,Helpdesk
Q01462,Ankit Khan,Physics, Fees ,Can I download my fee payment receipt?,Low,2026-08-11,Email
Q00626,Priya Joshi,Business Administration,Examinations,,High,2026-04-06,Helpdesk
Q03453,Sakshi Das,Civil,Fee,How can I pay my semester fee online?,Medium,2026-07-28,Email
Q00671,Bhavya Mehta,Civil,examination,I am unable to see my examination result. Kindly provide guidance.,Low,2026-05-14,Helpdesk
Q02511,Sneha Mehta,Biotechnology,Fees,Please help. How can I pay my semester fee online?,High,2026-06-13,Portal
Q03669,Pooja Khan,Biotechnology, admissions ,when will the next admission merit list be published?,Low,2026-04-28,Helpdesk
Q02975,Isha Joshi,Physics,Fees,Is installment payment available for tuition fees?,Medium,2026-07-08,Email
Q00401,Aman Patel,Business Administration,FEES,Is installment payment available for tuition fees?,High,2026-08-08,Portal
Q00004,Riya Patel,Mechanical,SCHOLARSHIP,How can I apply for a student scholarship? Kindly provide guidance.,High,2026-05-24,Helpdesk
Q00752,Sanjay Kumar,Mechanical,Hostel,When will the hostel allotment list be announced?,Low,2026-01-22,Chat
Q00685,Vikram Verma,Mathematics,hostel,How can I contact the hostel administration?,High,2026-03-16,Email
Q01703,Rahul Verma,Physics,,I cannot upload my assignment due to a system error.,Medium,2026-08-03,Email
Q05014,Rahul Sharma,Information Technology, Technical ,I forgot my portal password and cannot log in.,High,2026-03-14,Chat
Q03252,Nisha Gupta,Information Technology,Exam,What is the process for applying for revaluation?,Medium,2026-02-05,Helpdesk
Q02362,Harsh Joshi,Mechanical,TECHNICAL,Please help. My dashboard is not loading properly.,Low,2026-03-03,Email
Q03971,Tanvi Gupta,Business Administration,Fee,My fee payment was deducted but is not showing in the portal.,Low,2026-06-10,Helpdesk
Q03322,Nitin Sharma,Information Technology,Accommodation,When will the hostel allotment list be announced?,Medium,2026-01-16,Email
Q02960,Vikram Verma,Information Technology,Admission,When will the next admission merit list be published?,High,2026-03-10,Chat
Q04616,Payal Mehta,Mathematics,Technical,I am unable to access my student portal.,Low,2026-01-02,Chat
Q01630,Arjun Mehta,Computer Science,fees,What is the last date for paying the semester fee?,Medium,2026-08-08,Email
Q05000,Aditi Mehta,Computer Science,Scholarships,What documents are required for scholarship verification?,High ,2026-02-01,Portal
Q04456,Bhavya Singh,Electronics,ADMISSIONS,When will the next admission merit list be published?,Medium,2026-03-08,Portal
Q01312,Meera Verma,Information Technology,Admissions,What documents are required for admission verification?,MEDIUM,2026-04-22,Email
Q02847,Aditya Khan,Biotechnology,hostel,Please help. I have a problem with my hostel room facilities.,Medium,2026-08-17,Chat
Q03323,Rohan Singh,Business Administration,Examination,How can I download my hall ticket?,High,2026-04-25,Helpdesk
Q01710,Rohan Das,Business Administration,technical,Please help. I cannot upload my assignment due to a system error.,Medium,2026-06-24,Portal
Q04921,Rahul Kumar,Information Technology,EXAMINATION,I am unable to see my examination result.,Low,2026-04-06,Portal
Q00371,Bhavya Patel,Biotechnology,technical,The portal is showing an error while submitting my form.,Low,2026-08-24,Chat
Q03152,Ishaan Mehta,Mathematics,scholarship,When will the scholarship results be announced?,High,2026-01-29,Email
Q01767,Neha Kumar,Information Technology,Tech,I am unable to access my student portal.,High,2026-01-14,Portal
Q03375,Arjun Verma,Information Technology,Technical,I am unable to access my student portal.,High,2026-07-16,Helpdesk
Q04506,Nisha Khan,Computer Science,Scholarship,When will the scholarship results be announced?,Low,2026-02-06,Chat
Q04001,Ishaan Patel,Biotechnology,technical,I cannot upload my assignment due to a system error.,High,2026-05-03,Chat
Q04015,Rohit Joshi,Mathematics, Hostel ,How can I contact the hostel administration?,High,2026-07-05,Chat
Q00012,Payal Verma,Business Administration, Hostel ,i have a problem with my hostel room facilities.,High,2026-02-07,Email
Q00525,Manav Gupta,Business Administration,Exam,What is the process for applying for revaluation?,Medium,2026-07-13,Email
Q01628,Simran Kumar,Business Administration,technical,The portal is showing an error while submitting my form.,Medium,2026-05-13,Chat
Q01859,Sanjay Gupta,Electrical Engineering,hostel,What is the process for changing my hostel room?,Medium,2026-06-02,Helpdesk
Q00302,Vikram Patel,Business Administration, admissions ,What documents are required for admission verification?,Medium,2026-03-30,Chat
Q04599,Harsh Sharma,Computer Science,Hostel,What is the process for changing my hostel room?,MEDIUM,2026-02-02,Portal
Q00313,Aman Patel,Physics,fees,My fee payment was deducted but is not showing in the portal.,Low,2026-05-21,Helpdesk
Q01283,Harsh Singh,Mechanical,Exam,What is the process for applying for revaluation?,Medium,2026-07-10,Helpdesk
Q04595,Rohan Gupta,Electronics, Fees ,Can I download my fee payment receipt?,High,2026-08-13,Helpdesk
Q00604,Aditya Khan,Mathematics, Fees ,Can I download my fee payment receipt?,low,2026-06-14,Portal
Q00123,Sneha Gupta,Computer Science,Admissions,What documents are required for admission verification?,Low,2026-04-05,Helpdesk
Q03430,Ankit Joshi,Information Technology,,How can I apply for hostel accommodation?,Medium,2026-04-28,Helpdesk
Q02075,Aarav Patel,Civil,Accommodation,I have a problem with my hostel room facilities.,High ,2026-06-05,Chat
Q03479,Ankit Verma,Civil,technical,I cannot upload my assignment due to a system error. Kindly provide guidance.,High,2026-03-20,Portal
Q05086,Ananya Joshi,Information Technology,Fees,Please help. How can I pay my semester fee online?,Low,2026-07-22,Chat
Q02214,Nisha Mehta,Electronics,SCHOLARSHIP,When will the scholarship results be announced?,Medium,2026-05-14,Chat
Q01443,Sanjay Kumar,MECHANICAL, Examination ,Please help. I am unable to see my examination result.,Medium,2026-03-17,Helpdesk
Q04161,Tanvi Singh,Biotechnology,FEES,Can I download my fee payment receipt?,Medium,2026-05-10,Chat
Q03994,Sneha Khan,Mechanical,TECHNICAL,I forgot my portal password and cannot log in.,Medium,2026-05-08,Chat
Q01698,Rohit Das,Mechanical,Fee,How can I pay my semester fee online?,Medium,2026-08-13,Helpdesk
Q01100,Ankit Gupta,Physics,Scholarships,Please help. What documents are required for scholarship verification?,Medium,2026-02-11,Chat
Q00017,Nitin Sharma,Mathematics, Fees ,How can I pay my semester fee online?,Medium,2026-08-27,Email
Q01093,Harsh Khan,Electrical Engineering,HOSTEL,Please help. When will the hostel allotment list be announced?,High,2026-07-17,Email
Q01439,Payal Singh,Mechanical,EXAMINATION,Please help. My exam centre details are not visible in the portal.,Medium,2026-04-14,Helpdesk
Q05168,Shreya Verma,Mechanical, Scholarship ,When will the scholarship results be announced?,High,2026-04-30,Portal
Q03420,Harsh Gupta,Mathematics,Admissions,,Medium,2026-05-25,Email
Q02411,Varun Gupta,Electrical Engineering,SCHOLARSHIP,What are the eligibility criteria for the scholarship?,Low,2026-01-18,Helpdesk
Q04808,Nitin Khan,Biotechnology,Fee,Please help. My fee payment was deducted but is not showing in the portal.,High,2026-08-22,Portal
Q04821,Karan Patel,Computer Science, Hostel ,I have a problem with my hostel room facilities. Kindly provide guidance.,Medium,2026-03-06,Helpdesk
Q01983,Sanjay Kumar,Business Administration,scholarship,how can i apply for a student scholarship?,Medium,2026-03-02,Chat
Q02907,Aditi Verma,Civil,Admissions,What documents are required for admission verification?,High,2026-03-28,Helpdesk
Q02473,Nitin Kumar,Information Technology,Tech,I forgot my portal password and cannot log in.,Low,2026-08-24,Email
Q00847,Bhavya Verma,Electrical Engineering, Examination ,Please help. What is the process for applying for revaluation?,Low,2026-06-27,Helpdesk
Q04985,Rahul Mehta,Physics,admissions,How can I check the status of my admission application?,Medium,2026-01-31,Portal
Q02754,Rahul Khan,Computer Science,scholarship,What are the eligibility criteria for the scholarship?,High,2026-02-28,Helpdesk
Q02684,Priya Khan,Mechanical,Tech,The portal is showing an error while submitting my form.,high,2026-03-28,Portal
Q05066,Aditi Kumar,Physics,TECHNICAL,,Low,2026-06-19,Email
Q03744,Neha Mehta,Mechanical, admissions ,What documents are required for admission verification?,Low,2026-02-01,Helpdesk
Q04797,Sneha Khan,Electrical Engineering,ADMISSIONS,Can I change my selected programme after admission? Kindly provide guidance.,High,2026-05-16,Chat
Q02391,Aditi Patel,Electronics, Technical ,I forgot my portal password and cannot log in. Kindly provide guidance.,Medium,2026-07-05,Portal
Q04846,Sanjay Singh,Mechanical,admissions,I need help with the admission registration process.,Medium,2026-03-19,Chat
Q02579,Kavya Singh,Business Administration,hostel,how can i contact the hostel administration?,Medium,2026-01-03,Portal
Q04013,Payal Kumar,Computer Science,Accommodation,How can I contact the hostel administration?,MEDIUM,2026-06-01,Portal
Q01162,Priya Kumar,Electronics,Hostel,How can I apply for hostel accommodation?,Medium,2026-07-09,Portal
Q03656,Aman Das,Biotechnology, admissions ,When will the next admission merit list be published?,Low,2026-03-26,Chat
Q04978,Nitin Joshi,Electronics,SCHOLARSHIP,What are the eligibility criteria for the scholarship?,High,2026-02-13,Helpdesk
Q00473,Rohan Singh,Mechanical, admissions ,Can I change my selected programme after admission?,Low,2026-01-12,Email
Q02763,Nisha Singh,Mathematics, admissions ,I need help with the admission registration process.,low,2026-03-15,Email
Q00291,Aman Sharma,Biotechnology,admissions,I need help with the admission registration process.,Medium,2026-05-10,Email
Q00398,Vikram Gupta,Civil, Fees ,How can I pay my semester fee online?,Medium,2026-08-11,Portal
Q01303,Varun Joshi,Biotechnology,Fees,how can i pay my semester fee online?,Low,2026-01-03,Email
Q03513,Karan Singh,Physics,Scholarships,What documents are required for scholarship verification?,Medium,2026-05-02,Portal
Q02200,Manav Khan,Mathematics,Scholarship,My scholarship application status is pending.,low,2026-07-26,Helpdesk
Q04198,Ishaan Singh,Information Technology,TECHNICAL,my dashboard is not loading properly.,Medium,2026-06-10,Chat
Q02559,Karan Joshi,Electronics, Hostel ,How can I contact the hostel administration?,Medium,2026-08-23,Email
Q03332,Manav Das,Mechanical,Exam,What is the process for applying for revaluation?,High,2026-06-13,Helpdesk
Q04082,Varun Singh,Business Administration,Admission,How can I check the status of my admission application? Kindly provide guidance.,Medium,2026-07-24,Helpdesk
Q05161,Rohan Joshi,Electrical Engineering,,I have a problem with my hostel room facilities.,Medium,2026-07-05,Helpdesk
Q00131,Manav Verma,Mathematics,Accommodation,I have a problem with my hostel room facilities.,High,2026-02-15,Email
Q03344,Rahul Joshi,Biotechnology,examination,I am unable to see my examination result. Kindly provide guidance.,High ,2026-04-03,Helpdesk
Q03551,Tanvi Das,Electronics, admissions ,I need help with the admission registration process. Kindly provide guidance.,High,2026-06-20,Helpdesk
Q01206,Riya Joshi,Electronics,Examination,How can I download my hall ticket?,Medium,2026-03-24,Email
Q02700,Aarav Joshi,Information Technology,Admission,What documents are required for admission verification?,Medium,2026-01-08,Helpdesk
Q03885,Nitin Patel,Civil,Technical,My dashboard is not loading properly.,Medium,2026-08-03,Chat
Q02430,Divya Sharma,Business Administration,SCHOLARSHIP,What are the eligibility criteria for the scholarship?,Low,2026-01-05,Helpdesk
Q04796,Varun Verma,Business Administration,FEES,My fee payment was deducted but is not showing in the portal. Kindly provide guidance.,Medium,2026-07-20,Email
Q02646,Karan Kumar,Electronics, Examination ,My exam centre details are not visible in the portal.,Medium,2026-07-31,Email
Q02234,Riya Joshi,Business Administration,admissions,What documents are required for admission verification?,Low,2026-03-13,Helpdesk
Q02453,Bhavya Kumar,Information Technology, Fees ,Is installment payment available for tuition fees?,High,2026-07-10,Helpdesk
Q05130,Tanvi Khan,Business Administration,Examinations,,Medium,2026-06-14,Portal
Q02211,Ishaan Khan,Civil,fees,Is installment payment available for tuition fees?,Low,2026-08-28,Chat
Q05010,Priya Das,Physics, Fees ,Please help. My fee payment was deducted but is not showing in the portal.,high,2026-06-17,Portal
Q05101,Rohit Joshi,Computer Science, Examination ,What is the process for applying for revaluation?,Low,2026-08-25,Email
Q01216,Priya Patel,Biotechnology,Examination,I am unable to see my examination result.,Medium,2026-06-10,Email
Q03768,Harsh Mehta,Civil, Technical ,The portal is showing an error while submitting my form.,Low,2026-07-01,Email
Q00169,Riya Sharma,Information Technology,Examinations,How can I download my hall ticket?,High,2026-02-06,Chat
Q03156,Rohit Verma,Mathematics,FEES,is installment payment available for tuition fees?,Low,2026-08-02,Email
Q04733,Aditya Verma,Business Administration,Fee,Please help. Is installment payment available for tuition fees?,Low,2026-06-27,Email
Q00990,Ishaan Verma,Physics,Exam,What is the process for applying for revaluation?,High,2026-05-17,Email
Q03082,Sneha Mehta,Electronics,Fees,My fee payment was deducted but is not showing in the portal.,Low,2026-05-10,Portal
Q03251,Nitin Verma,Biotechnology,Scholarships,What are the eligibility criteria for the scholarship?,Low,2026-05-16,Email
Q03025,Meera Verma,Electrical Engineering,Scholarships,My scholarship application status is pending.,High,2026-06-22,Email
Q03979,Bhavya Das,Physics,HOSTEL,What is the process for changing my hostel room?,Medium,2026-06-26,Chat
Q00749,Sneha Joshi,Civil,scholarship,How can I apply for a student scholarship?,Low,2026-07-13,Chat
Q03455,Arjun Gupta,Physics,Technical,I cannot upload my assignment due to a system error.,Low,2026-04-05,Email
Q03520,Sakshi Patel,Electronics,ADMISSIONS,Can I change my selected programme after admission?,Medium,2026-08-10,Portal
Q04460,Sakshi Khan,Biotechnology,Tech,I forgot my portal password and cannot log in. Kindly provide guidance.,High,2026-07-03,Helpdesk
Q03663,Ankit Joshi,Mechanical,HOSTEL,When will the hostel allotment list be announced?,Medium,2026-07-18,Email
Q03370,Bhavya Joshi,Mathematics, Technical ,I forgot my portal password and cannot log in.,Medium,2026-05-22,Email
Q03029,Meera Gupta,Business Administration,Fee,Please help. Is installment payment available for tuition fees?,High,2026-08-25,Chat
Q05123,Ankit Das,Information Technology,technical,I forgot my portal password and cannot log in.,High,2026-03-26,Helpdesk
Q01054,Sneha Gupta,Physics,Technical,I cannot upload my assignment due to a system error.,High,2026-02-04,Email
Q04261,Yash Kumar,information technology,Admissions,What documents are required for admission verification? Kindly provide guidance.,Medium,2026-03-03,Chat
Q04088,Aditya Kumar,Physics,Tech,I forgot my portal password and cannot log in.,Medium,2026-04-06,Helpdesk
Q01833,Priya Verma,Business Administration,fees,Can I download my fee payment receipt?,Low,2026-01-08,Chat
Q01738,Aditya Kumar,Mechanical,Scholarship,What are the eligibility criteria for the scholarship?,Medium,2026-02-08,Helpdesk
Q02686,Priya Kumar,Electrical Engineering,Tech,I cannot upload my assignment due to a system error.,Medium,2026-07-16,Chat
Q02173,Rahul Sharma,Mathematics,scholarship,My scholarship application status is pending.,Low,2026-05-21,Helpdesk
Q01015,Payal Joshi,Electrical Engineering,scholarship,what documents are required for scholarship verification?,Low,2026-01-04,Email
Q01063,Ankit Patel,Physics, Scholarship ,,Low,2026-01-21,Email
Q00536,Kavya Verma,Biotechnology,technical,I cannot upload my assignment due to a system error.,Medium,2026-01-10,Chat
Q04470,Kavya Joshi,Computer Science, Fees ,,Medium,2026-02-19,Helpdesk
Q01864,Ishaan Khan,Business Administration,FEES,What is the last date for paying the semester fee?,Medium,2026-08-07,Email
Q03549,Aarav Joshi,Electronics,Fees,What is the last date for paying the semester fee?,Medium,2026-05-16,Chat
Q01146,Nitin Patel,Civil,Admission,What documents are required for admission verification?,Low,2026-02-22,Email
Q01057,Varun Patel,Electronics,FEES,My fee payment was deducted but is not showing in the portal.,Medium,2026-05-21,Portal
Q04489,Neha Patel,Electrical Engineering, Technical ,I forgot my portal password and cannot log in.,Low,2026-05-24,Chat
Q04575,Pooja Das,Physics,technical,Please help. I cannot upload my assignment due to a system error.,Medium,2026-08-31,Chat
Q05187,Isha Mehta,Computer Science,Admissions,can i change my selected programme after admission?,Medium,2026-05-13,Portal
Q01498,Sakshi Gupta,Mechanical, Fees ,Can I download my fee payment receipt?,Medium,2026-01-22,Helpdesk
Q00305,Varun Singh,Computer Science,HOSTEL,I have a problem with my hostel room facilities.,medium,2026-05-08,Chat
Q01140,Rahul Sharma,Physics,technical,My dashboard is not loading properly.,Medium,2026-02-24,Chat
Q00658,Vikram Verma,Computer Science, Technical ,My dashboard is not loading properly.,High,2026-04-02,Helpdesk
Q01387,Vikram Das,Mechanical,Scholarships,How can I apply for a student scholarship?,Medium,2026-04-22,Chat
Q00598,Ishaan Khan,Civil,Admission,How can I check the status of my admission application?,High,2026-08-21,Chat
Q05089,Rohit Khan,BusinessAdministration, Examination ,My exam centre details are not visible in the portal.,LOW,2026-08-03,Chat
Q03144,Varun Patel,Information Technology,SCHOLARSHIP,When will the scholarship results be announced? Kindly provide guidance.,Medium,2026-02-13,Email
Q00498,Kavya Sharma,Civil, Examination ,I am unable to see my examination result.,Low,2026-05-08,Portal
Q01368,Harsh Joshi,Biotechnology,fees,How can I pay my semester fee online? Kindly provide guidance.,Medium,2026-07-23,Chat
Q02370,Varun Mehta,Mechanical,ADMISSIONS,What documents are required for admission verification?,Medium,2026-03-06,Email
Q00922,Yash Sharma,Business Administration,Hostel,I have a problem with my hostel room facilities.,Medium,2026-04-23,Portal
Q02242,Karan Verma,Biotechnology,examination,What is the process for applying for revaluation?,Medium,2026-08-01,Email
Q02020,Aman Kumar,Mathematics,HOSTEL,What is the process for changing my hostel room?,Low,2026-02-06,Chat
Q02586,Yash Patel,Mechanical,scholarship,What documents are required for scholarship verification?,High,2026-01-20,Chat
Q04756,Vikram Kumar, Electronics , admissions ,Can I change my selected programme after admission?,Low,2026-01-07,Email
Q01603,Simran Kumar,Business Administration,examination,I am unable to see my examination result. Kindly provide guidance.,Low,2026-03-18,Helpdesk
Q04640,Priya Kumar,Physics, Hostel ,How can I contact the hostel administration?,Medium,2026-04-22,Chat
Q01949,Nisha Das,Mathematics,Examinations,I am unable to see my examination result.,Medium,2026-04-29,Portal
Q04041,Pooja Gupta,Biotechnology,hostel,How can I contact the hostel administration?,Medium,2026-03-20,Chat
Q00515,Sanjay Joshi,Business Administration,scholarship,My scholarship application status is pending.,High,2026-02-06,Chat
Q03863,Pooja Patel,Electrical Engineering, admissions ,Can I change my selected programme after admission?,Medium,2026-02-01,Portal
Q03815,Harsh Khan,biotechnology,technical,The portal is showing an error while submitting my form.,High,2026-03-21,Helpdesk
Q02269,Sanjay Patel,Information Technology,Scholarship,When will the scholarship results be announced?,Medium,2026-04-16,Email
Q04226,Aditi Verma,Civil,hostel,,Low,2026-04-06,Chat
Q04843,Rohan Das,Civil,Fee,Is installment payment available for tuition fees?,LOW,2026-03-06,Email
Q01431,Arjun Verma,Physics,examination,How can I download my hall ticket?,Medium,2026-07-12,Portal
Q01952,Meera Das,Mathematics,hostel,When will the hostel allotment list be announced?,High,2026-03-13,Chat
Q03124,Neha Mehta,Electronics,Examinations,My exam centre details are not visible in the portal.,Medium,2026-07-25,Portal
Q01396,Ananya Verma,Civil, Technical ,I forgot my portal password and cannot log in.,Medium,2026-07-25,Portal
Q04049,Bhavya Sharma,Electronics,Scholarship,How can I apply for a student scholarship?,Medium,2026-04-10,Chat
Q04132,Payal Sharma,Electronics,TECHNICAL,The portal is showing an error while submitting my form. Kindly provide guidance.,Medium,2026-05-14,Portal
Q01615,Aarav Mehta,Electrical Engineering,Admission,How can I check the status of my admission application?,Low,2026-05-23,Portal
Q01837,Tanvi Mehta,Business Administration,HOSTEL,How can I contact the hostel administration?,Low,2026-04-23,Portal
Q01660,Rohit Singh,Electronics,Technical,I am unable to access my student portal.,Low,2026-05-12,Chat
Q03674,Pooja Patel,Electrical Engineering,fees,What is the last date for paying the semester fee?,Low,2026-05-10,Portal
Q01403,Divya Mehta,Computer Science, Examination ,Please help. When will the examination timetable be released?,Low,2026-02-11,Chat
Q04737,Manav Patel,Electronics,fees,Is installment payment available for tuition fees?,Medium,2026-04-14,Chat
Q02291,Nitin Khan,Biotechnology,Admission,i need help with the admission registration process.,Medium,2026-04-05,Portal
Q03919,Ishaan Verma,Electrical Engineering,Examination,How can I download my hall ticket? Kindly provide guidance.,High,2026-07-09,Helpdesk
Q02505,Riya Singh,Business Administration,Hostel,how can i contact the hostel administration?,Medium,2026-02-16,Portal
Q05164,Aman Gupta,Electronics,HOSTEL,How can I contact the hostel administration? Kindly provide guidance.,Medium,2026-03-21,Portal
Q05060,Arjun Khan,Information Technology, Scholarship ,My scholarship application status is pending.,Medium,2026-01-10,Portal
Q03516,Isha Gupta,Electrical Engineering,Examination,I am unable to see my examination result.,HIGH,2026-02-01,Email
Q01711,Ankit Kumar,Information Technology, Technical ,I cannot upload my assignment due to a system error.,Medium,2026-02-04,Portal
Q03916,Aditya Sharma,Mathematics,fees,Can I download my fee payment receipt?,Low,2026-03-12,Helpdesk
Q02452,Nitin Verma,Physics, Technical ,I cannot upload my assignment due to a system error.,Medium,2026-05-12,Chat
Q00284,Varun Khan,Mechanical,ADMISSIONS,I need help with the admission registration process.,High,2026-07-24,Portal
Q00025,Nitin Das,Civil,hostel,when will the hostel allotment list be announced?,Low,2026-07-21,Chat
Q01156,Meera Gupta,Electronics,,What is the last date for paying the semester fee?,Medium,2026-08-22,Email
Q02487,Simran Kumar,Mechanical,Fee,Is installment payment available for tuition fees?,Low,2026-06-01,Helpdesk
Q02504,Meera Verma,Electronics,SCHOLARSHIP,Please help. When will the scholarship results be announced?,high,2026-04-19,Portal
Q03560,Rohit Khan,Business Administration,Admission,When will the next admission merit list be published?,High,2026-02-16,Helpdesk
Q03822,Rohit Das,Mathematics,FEES,is installment payment available for tuition fees?,High,2026-06-27,Email
Q00087,Meera Gupta,Information Technology,fees,My fee payment was deducted but is not showing in the portal.,medium,2026-05-11,Portal
Q03655,Bhavya Das,Computer Science,Hostel,How can I contact the hostel administration? Kindly provide guidance.,High,2026-05-05,Helpdesk
Q00730,Aditi Singh,Computer Science,Hostel,What is the process for changing my hostel room? Kindly provide guidance.,Low,2026-05-25,Email
Q02664,Aditi Sharma,Mechanical,TECHNICAL,The portal is showing an error while submitting my form.,Low,2026-07-20,Helpdesk
Q01159,Nitin Sharma,Biotechnology,HOSTEL,,Medium,2026-08-30,Portal
Q03181,Nisha Mehta,Mathematics,hostel,Please help. I have a problem with my hostel room facilities.,Medium,2026-02-13,Portal
Q00293,Sneha Kumar,Business Administration, Technical ,i cannot upload my assignment due to a system error.,Medium,2026-08-21,Portal
Q03461,Divya Joshi,Electronics, Examination ,How can I download my hall ticket? Kindly provide guidance.,High,2026-02-24,Helpdesk
Q04638,Nitin Kumar,Business Administration,Tech,I forgot my portal password and cannot log in. Kindly provide guidance.,Low,2026-05-29,Helpdesk
Q02021,Aditi Khan,Computer Science,technical,I am unable to access my student portal.,Medium,2026-05-05,Helpdesk
Q00335,Pooja Singh,Physics,HOSTEL,When will the hostel allotment list be announced?,Low,2026-06-08,Helpdesk
Q01174,Aditya Singh,Electronics,HOSTEL,I have a problem with my hostel room facilities.,Medium,2026-02-16,Helpdesk
Q02111,Rahul Sharma,BIOTECHNOLOGY,Fee,Please help. Can I download my fee payment receipt?,LOW,2026-08-02,Email
Q00681,Ankit Mehta,Civil,TECHNICAL,My dashboard is not loading properly.,Medium,2026-05-06,Email
Q02731,Aarav Kumar,Business Administration, Fees ,Please help. How can I pay my semester fee online?,LOW,2026-03-13,Chat
Q02128,Divya Mehta,Business Administration,TECHNICAL,I am unable to access my student portal.,Medium,2026-05-30,Email
Q05044,Aarav Gupta,Information Technology, Fees ,Please help. How can I pay my semester fee online?,Medium,2026-08-29,Helpdesk
Q01181,Aarav Sharma,Civil,Fee,Can I download my fee payment receipt?,medium,2026-05-19,Email
Q00535,Nisha Sharma,Physics,Accommodation,Please help. I have a problem with my hostel room facilities.,High,2026-04-27,Email
Q03676,Sanjay Patel,Business Administration,Fees,Is installment payment available for tuition fees?,High,2026-03-03,Portal
Q01124,Arjun Kumar,Biotechnology,ADMISSIONS,What documents are required for admission verification? Kindly provide guidance.,Medium,2026-03-26,Chat
Q03287,Sneha Das,Mathematics,examination,How can I download my hall ticket?,Medium,2026-01-08,Email
Q04851,Ishaan Verma,ELECTRONICS,FEES,What is the last date for paying the semester fee?,Low,2026-07-28,Chat
Q01454,Tanvi Khan,Civil, Fees ,What is the last date for paying the semester fee? Kindly provide guidance.,Low,2026-05-04,Chat
Q03955,Vikram Khan,Physics,fees,what is the last date for paying the semester fee?,Medium,2026-01-14,Portal
Q01277,Rohit Sharma,Electrical Engineering,examination,How can I download my hall ticket?,Medium,2026-07-04,Chat
Q01770,Isha Gupta,Mechanical,scholarship,How can I apply for a student scholarship?,Medium,2026-02-05,Helpdesk
Q01759,Payal Khan,Mathematics, admissions ,What documents are required for admission verification?,Medium,2026-08-01,Portal
Q03850,Rohan Khan,Electronics,Scholarship,,High,2026-02-13,Portal
Q02589,Sanjay Das,Information Technology,Exam,What is the process for applying for revaluation?,Medium,2026-07-31,Helpdesk
Q04939,Sakshi Patel,Information Technology,Examinations,What is the process for applying for revaluation?,Low,2026-04-27,Helpdesk
Q02285,Karan Sharma,Computer Science,HOSTEL,How can I contact the hostel administration?,High,2026-03-23,Chat
Q01595,Payal Joshi,Mechanical,Tech,Please help. My dashboard is not loading properly.,High,2026-03-22,Email
Q01753,Neha Patel,Electronics, Hostel ,How can I apply for hostel accommodation?,Medium,2026-02-02,Helpdesk
Q03658,Aditya Khan,Electronics,hostel,How can I contact the hostel administration? Kindly provide guidance.,Medium,2026-08-09,Portal
Q03497,Riya Das,Physics, admissions ,Can I change my selected programme after admission?,High,2026-06-11,Chat
Q00445,Rahul Joshi,Mechanical, Technical ,I am unable to access my student portal.,Medium,2026-03-02,Chat
Q04868,Sanjay Mehta,Physics, Fees ,My fee payment was deducted but is not showing in the portal.,High,2026-02-21,Helpdesk
Q02243,Bhavya Kumar,Mathematics,SCHOLARSHIP,How can I apply for a student scholarship? Kindly provide guidance.,Medium,2026-05-11,Helpdesk
Q04857,Kavya Mehta,Business Administration,admissions,How can I check the status of my admission application?,High,2026-01-21,Portal
Q04812,Pooja Verma,Civil, admissions ,What documents are required for admission verification?,Medium,2026-06-04,Helpdesk
Q03989,Nisha Joshi,Mechanical,scholarship,When will the scholarship results be announced?,Medium,2026-07-25,Chat
Q03642,Sneha Joshi,Biotechnology,fees,Can I download my fee payment receipt?,High,2026-01-20,Portal
Q03952,Aman Kumar,Information Technology, Hostel ,When will the hostel allotment list be announced?,Medium,2026-08-02,Portal
Q02709,Karan Singh,Computer Science,Tech,Please help. The portal is showing an error while submitting my form.,High,2026-03-31,Email
Q02113,Shreya Joshi,Mathematics, Examination ,What is the process for applying for revaluation?,Medium,2026-01-11,Portal
Q05055,Aditi Sharma,Electrical Engineering,HOSTEL,I have a problem with my hostel room facilities.,Medium,2026-07-04,Helpdesk
Q01919,Aditi Kumar,Electrical Engineering,Fees,Is installment payment available for tuition fees?,Medium,2026-04-29,Chat
Q00674,Sanjay Das,Business Administration, Technical ,My dashboard is not loading properly.,Low,2026-08-26,Portal
Q03109,Payal Singh,Mechanical,HOSTEL,How can I apply for hostel accommodation?,Low,2026-07-29,Portal
Q04323,Simran Kumar,Electrical Engineering,hostel,How can I contact the hostel administration?,High,2026-03-26,Chat
Q03561,Sneha Khan,Civil,hostel,When will the hostel allotment list be announced?,High,2026-07-04,Portal
Q01998,Aditi Das,Biotechnology,Scholarship,,Low,2026-07-07,Portal
Q00233,Isha Singh,Electrical Engineering,Admission,How can I check the status of my admission application?,Medium,2026-02-24,Email
Q01727,Rahul Mehta,Biotechnology,EXAMINATION,When will the examination timetable be released?,Medium,2026-07-31,Portal
Q02267,Shreya Patel,Civil,Technical,My dashboard is not loading properly.,High,2026-07-24,Helpdesk
Q02610,Nitin Sharma,Mechanical, Technical ,Please help. My dashboard is not loading properly.,Medium,2026-08-20,Chat
Q01416,Vikram Joshi,Information Technology,Scholarship,How can I apply for a student scholarship? Kindly provide guidance.,Medium,2026-04-03,Portal
Q04744,Vikram Singh,Electronics,Admission,,Medium,2026-06-08,Email
Q02581,Nitin Khan,Biotechnology,SCHOLARSHIP,My scholarship application status is pending. Kindly provide guidance.,Medium,2026-06-01,Portal
Q00033,Yash Sharma,Business Administration,Examination,What is the process for applying for revaluation?,Low,2026-01-19,Email
Q02133,Yash Verma,Business Administration,Examination,When will the examination timetable be released? Kindly provide guidance.,Medium,2026-01-19,Helpdesk
Q04204,Tanvi Singh,Computer Science,Scholarships,,Medium,2026-08-07,Chat
Q04596,Kavya Gupta,Business Administration, Technical ,The portal is showing an error while submitting my form.,Low,2026-06-15,Helpdesk
Q00334,Aditi Mehta,Information Technology,admissions,What documents are required for admission verification?,Low,2026-08-03,Email
Q03531,Ankit Khan,MECHANICAL,Fees,Can I download my fee payment receipt? Kindly provide guidance.,medium,2026-03-27,Helpdesk
Q03934,Neha Joshi,Information Technology, Hostel ,Please help. When will the hostel allotment list be announced?,Medium,2026-03-15,Email
Q02614,Rohit Gupta,Mechanical, Technical ,The portal is showing an error while submitting my form.,High ,2026-04-18,Chat
Q04648,Aditya Khan,Biotechnology,TECHNICAL,My dashboard is not loading properly.,Low,2026-01-23,Chat
Q04092,Riya Khan,Computer Science,fees,Can I download my fee payment receipt?,Medium,2026-04-21,Email
Q01892,Neha Patel,Electronics, Fees ,How can I pay my semester fee online?,Low,2026-01-29,Chat
Q01055,Sneha Verma,Physics,TECHNICAL,I cannot upload my assignment due to a system error.,Medium,2026-02-10,Chat
Q04328,Tanvi Verma,Civil,HOSTEL,How can I apply for hostel accommodation? Kindly provide guidance.,High,2026-04-15,Chat
Q00296,Aman Kumar,Mathematics, Fees ,Is installment payment available for tuition fees?,Medium,2026-06-04,Chat
Q03048,Kavya Joshi,Physics,Exam,What is the process for applying for revaluation?,Medium,2026-04-21,Email
Q00303,Sakshi Verma,Computer Science,SCHOLARSHIP,what documents are required for scholarship verification?,Medium,2026-04-11,Email
Q00469,Ankit Gupta,Mechanical,ADMISSIONS,Can I change my selected programme after admission?,Medium,2026-07-31,Email
Q04165,Ishaan Mehta,Mechanical,technical,I cannot upload my assignment due to a system error.,Medium,2026-04-30,Email
Q02119,Meera Joshi,ComputerScience,ADMISSIONS,How can I check the status of my admission application?,Low,2026-01-31,Helpdesk
Q00441,Pooja Verma,Civil,admissions,Can I change my selected programme after admission?,Low,2026-02-10,Portal
Q03303,Neha Gupta,Mechanical,Scholarship,What are the eligibility criteria for the scholarship?,Medium,2026-07-06,Chat
Q01232,Isha Patel,Business Administration,Scholarship,My scholarship application status is pending.,Low,2026-08-12,Helpdesk
Q01779,Ananya Mehta,Mathematics,fees,My fee payment was deducted but is not showing in the portal. Kindly provide guidance.,Medium,2026-02-07,Chat
Q04381,Vikram Gupta,Mathematics, Examination ,What is the process for applying for revaluation?,Medium,2026-06-05,Portal
Q03331,Ananya Khan,Biotechnology,Accommodation,When will the hostel allotment list be announced?,Medium,2026-02-08,Portal
Q00240,Meera Singh,Information Technology, Fees ,,Medium,2026-03-15,Chat
Q01778,Rohit Joshi,Business Administration,TECHNICAL,I forgot my portal password and cannot log in.,Medium,2026-06-14,Chat
Q03988,Rohan Joshi,Business Administration,hostel,what is the process for changing my hostel room?,Medium,2026-03-31,Email
Q04056,Karan Khan,Civil,Scholarship,What are the eligibility criteria for the scholarship?,Medium,2026-07-19,Chat
Q01088,Simran Mehta,Mathematics,HOSTEL,What is the process for changing my hostel room?,High,2026-08-10,Email
Q02326,Tanvi Gupta,Information Technology,examination,Please help. My exam centre details are not visible in the portal.,Medium,2026-06-26,Portal
Q02913,Priya Verma,Mathematics,ADMISSIONS,Can I change my selected programme after admission?,Low,2026-04-10,Helpdesk
Q01631,Riya Mehta,Mechanical, Fees ,How can I pay my semester fee online? Kindly provide guidance.,Low,2026-04-16,Chat
Q01804,Sneha Mehta,Information Technology, admissions ,Can I change my selected programme after admission?,High,2026-04-11,Helpdesk
Q01436,Shreya Verma,Electronics,scholarship,How can I apply for a student scholarship? Kindly provide guidance.,High,2026-05-17,Portal
Q00042,Kavya Verma,Mechanical,technical,I am unable to access my student portal.,Medium,2026-08-02,Portal
Q04222,Pooja Sharma,Business Administration, Technical ,I am unable to access my student portal.,Medium,2026-07-30,Portal
Q02034,Ankit Verma,Mechanical,technical,My dashboard is not loading properly.,Low,2026-04-23,Chat
Q03066,Kavya Verma,Computer Science,EXAMINATION,I am unable to see my examination result.,Medium,2026-06-19,Chat
Q03799,Simran Das,Mechanical, Fees ,Is installment payment available for tuition fees?,Medium,2026-07-02,Portal
Q03557,Yash Sharma,Physics, Technical ,My dashboard is not loading properly.,Medium,2026-01-25,Portal
Q03698,Sneha Sharma,Biotechnology,ADMISSIONS,When will the next admission merit list be published?,High,2026-07-21,Portal
Q04351,Tanvi Mehta,Business Administration,Examinations,,Medium,2026-03-09,Email
Q02564,Rohit Kumar,Mathematics,Exam,How can I download my hall ticket?,High,2026-03-30,Chat
Q01127,Sakshi Singh,Business Administration,EXAMINATION,When will the examination timetable be released?,Medium,2026-01-08,Portal
Q04584,Harsh Singh,Civil,TECHNICAL,My dashboard is not loading properly. Kindly provide guidance.,high,2026-04-16,Chat
Q03153,Sneha Patel,Civil,Admissions,What documents are required for admission verification? Kindly provide guidance.,Medium,2026-01-20,Chat
Q03565,Rahul Singh,Mathematics, Hostel ,When will the hostel allotment list be announced?,Low,2026-05-21,Chat
Q02318,Divya Joshi,Electrical Engineering,Fees,What is the last date for paying the semester fee?,Low,2026-01-13,Email
Q02677,Priya Joshi,Information Technology, admissions ,How can I check the status of my admission application?,Low,2026-04-25,Helpdesk
Q01645,Nitin Das,Electronics, Examination ,My exam centre details are not visible in the portal.,Medium,2026-05-04,Email
Q02839,Sanjay Gupta,Civil,SCHOLARSHIP,What documents are required for scholarship verification?,Medium,2026-04-27,Email
Q03712,Harsh Verma,Electronics,Examination,Please help. I am unable to see my examination result.,Low,2026-03-21,Helpdesk
Q00430,Nisha Kumar,Computer Science,Admissions,Please help. I need help with the admission registration process.,Medium,2026-03-10,Chat
Q02220,Kavya Khan,Information Technology,ADMISSIONS,what documents are required for admission verification?,Low,2026-07-17,Portal
Q04068,Arjun Verma,Computer Science,Fee,Can I download my fee payment receipt?,High,2026-01-12,Helpdesk
Q03216,Sanjay Verma,Electrical Engineering,HOSTEL,What is the process for changing my hostel room?,High,2026-01-29,Portal
Q04895,Varun Joshi,Mechanical, Fees ,Please help. What is the last date for paying the semester fee?,High,2026-03-08,Email
Q01048,Aman Khan,Electrical Engineering,FEES,Can I download my fee payment receipt?,High,2026-04-23,Helpdesk
Q03051,Bhavya Verma,Computer Science,Tech,I forgot my portal password and cannot log in.,High,2026-06-24,Helpdesk
Q04161,Tanvi Singh,Biotechnology,FEES,Can I download my fee payment receipt?,Medium,2026-05-10,Chat
Q03413,Varun Patel,Information Technology,Examination,I am unable to see my examination result.,Medium,2026-08-31,Chat
Q01172,Payal Patel,Biotechnology,Fees,Is installment payment available for tuition fees?,Medium,2026-03-23,Email
Q05185,Varun Patel,Information Technology,Hostel,When will the hostel allotment list be announced?,Medium,2026-04-09,Email
Q05115,Pooja Patel,Mechanical,SCHOLARSHIP,what documents are required for scholarship verification?,Medium,2026-01-13,Portal
Q00241,Nisha Gupta,Mechanical, Examination ,When will the examination timetable be released?,High,2026-03-30,Chat
Q01262,Aman Singh,Mechanical,Fee,how can i pay my semester fee online?,HIGH,2026-03-09,Chat
Q03612,Tanvi Khan,Information Technology, admissions ,How can I check the status of my admission application?,Low,2026-08-04,Helpdesk
Q03821,Aarav Patel,Business Administration,admissions,When will the next admission merit list be published?,Medium,2026-06-30,Chat
Q01001,Aman Joshi,Mechanical,admissions,How can I check the status of my admission application?,Low,2026-02-09,Helpdesk
Q01720,Isha Gupta,Mechanical,technical,My dashboard is not loading properly.,Low,2026-01-27,Email
Q00853,Divya Singh,Mechanical,Admission,Can I change my selected programme after admission?,Medium,2026-06-05,Email
Q01891,Karan Khan,Biotechnology,Fees,Is installment payment available for tuition fees?,High,2026-03-15,Portal
Q04913,Sneha Kumar,Physics,fees,My fee payment was deducted but is not showing in the portal. Kindly provide guidance.,Medium,2026-03-05,Portal
Q03796,Riya Sharma,Mechanical,FEES,What is the last date for paying the semester fee?,Medium,2026-02-20,Helpdesk
Q01038,Aman Khan,Electronics,,Is installment payment available for tuition fees?,Medium,2026-06-18,Portal
Q04766,Ananya Gupta,Information Technology,,Can I change my selected programme after admission?,Medium,2026-08-19,Email
Q04960,Ankit Patel,Civil,,What is the last date for paying the semester fee?,Low,2026-02-18,Portal
Q04395,Nitin Verma,Physics,FEES,Can I download my fee payment receipt?,High,2026-05-19,Portal
Q04294,Sneha Sharma,Business Administration,SCHOLARSHIP,,Medium,2026-03-26,Helpdesk
Q00109,Aarav Das,Information Technology,admissions,Can I change my selected programme after admission?,Medium,2026-04-06,Portal
Q01840,Aman Sharma,Electrical Engineering,Hostel,How can I apply for hostel accommodation?,Medium,2026-03-10,Helpdesk
Q04520,Kavya Verma,PHYSICS,Examination,I am unable to see my examination result.,Medium,2026-04-14,Helpdesk
Q00801,Ankit Verma,Information Technology,Admission,How can I check the status of my admission application?,Low,2026-01-17,Portal
Q01329,Simran Kumar,Information Technology,Examinations,My exam centre details are not visible in the portal.,High,2026-06-12,Helpdesk
Q01278,Rohan Singh,Computer Science,FEES,My fee payment was deducted but is not showing in the portal.,High,2026-01-21,Helpdesk
Q03457,Simran Mehta,Electronics, admissions ,I need help with the admission registration process.,Medium,2026-05-29,Chat
Q03615,Isha Sharma,Electrical Engineering,Tech,My dashboard is not loading properly.,High,2026-07-29,Chat
Q01483,Simran Joshi,Information Technology, Hostel ,How can I apply for hostel accommodation?,Low,2026-07-24,Email
Q04305,Riya Patel,Electrical Engineering, Scholarship ,What are the eligibility criteria for the scholarship? Kindly provide guidance.,Low,2026-08-08,Portal
Q00789,Payal Kumar,Business Administration,Scholarships,My scholarship application status is pending.,High,2026-01-03,Portal
Q02855,Yash Mehta,Physics,Examinations,My exam centre details are not visible in the portal.,Low,2026-01-05,Portal
Q02693,Neha Kumar,Biotechnology, Technical ,I forgot my portal password and cannot log in.,High,2026-03-13,Helpdesk
Q00775,Kavya Das,Mathematics, Scholarship ,What are the eligibility criteria for the scholarship?,High,2026-02-16,Portal
Q01862,Priya Kumar,Business Administration,,How can I apply for a student scholarship?,Medium,2026-07-23,Portal
Q04374,Rohan Sharma,Biotechnology,Technical,The portal is showing an error while submitting my form.,High,2026-02-03,Portal
Q01799,Payal Das,Electrical Engineering,Admission,What documents are required for admission verification?,High,2026-04-14,Email
Q01573,Sneha Das,Business Administration, Examination ,My exam centre details are not visible in the portal.,Medium,2026-01-05,Helpdesk
Q04605,Pooja Das,Computer Science, Examination ,I am unable to see my examination result.,Medium,2026-02-01,Helpdesk
Q05184,Nitin Mehta,Business Administration,Hostel,What is the process for changing my hostel room?,High,2026-04-12,Email
Q00604,Aditya Khan,Civil, Fees ,Can I download my fee payment receipt?,Low,2026-07-22,Portal
Q03414,Nisha Khan,Electronics,Admissions,How can I check the status of my admission application?,Medium,2026-01-17,Email
Q03145,Simran Joshi,Mechanical,SCHOLARSHIP,Please help. How can I apply for a student scholarship?,Low,2026-08-26,Helpdesk
Q02439,Manav Sharma,Physics,Examinations,my exam centre details are not visible in the portal.,High,2026-02-16,Portal
Q01042,Shreya Verma,Electronics,,What is the last date for paying the semester fee?,Low,2026-02-01,Portal
Q03163,Harsh Kumar,Physics,TECHNICAL,I am unable to access my student portal.,Low,2026-02-20,Email
Q01407,Ankit Sharma,electrical engineering,fees,How can I pay my semester fee online?,Low,2026-05-14,Helpdesk
Q05097,Aditya Khan,Electrical Engineering,SCHOLARSHIP,,High,2026-05-20,Email
Q00421,Ishaan Joshi,Computer Science,Examinations,When will the examination timetable be released?,Medium,2026-04-22,Email
Q01092,Yash Verma,Electrical Engineering,ADMISSIONS,I need help with the admission registration process.,Medium,2026-06-12,Chat
Q03273,Kavya Khan,Electrical Engineering,Fees,Can I download my fee payment receipt?,Medium,2026-08-02,Chat
Q02944,Ananya Mehta,physics,Hostel,When will the hostel allotment list be announced?,Low,2026-01-21,Email
Q04815,Meera Joshi,Mechanical,Admission,I need help with the admission registration process.,Low,2026-04-07,Helpdesk
Q01141,Nitin Singh,Electronics,Accommodation,What is the process for changing my hostel room?,Medium,2026-07-24,Helpdesk
Q01748,Nisha Sharma,Electronics, admissions ,Can I change my selected programme after admission?,Medium,2026-06-06,Portal
Q02792,Pooja Singh,Electrical Engineering,Hostel,I have a problem with my hostel room facilities.,High,2026-08-11,Chat
Q05018,Ananya Patel,Electrical Engineering,TECHNICAL,The portal is showing an error while submitting my form.,High,2026-02-27,Email
Q04371,Aditi Joshi,Mathematics, Scholarship ,,Medium,2026-02-11,Portal
Q00955,Pooja Kumar,Biotechnology,Fees,Is installment payment available for tuition fees?,Low,2026-04-11,Email
Q03448,Sanjay Singh,Information Technology, Fees ,How can I pay my semester fee online?,Medium,2026-08-05,Email
Q02201,Manav Verma,Electrical Engineering,EXAMINATION,Please help. When will the examination timetable be released?,Low,2026-08-22,Email
Q02481,Rohan Joshi,Business Administration,Scholarship,what documents are required for scholarship verification?,HIGH,2026-02-02,Portal
Q02278,Kavya Mehta,Electrical Engineering, Fees ,Is installment payment available for tuition fees?,Medium,2026-04-12,Helpdesk
Q04238,Aditi Khan,Civil,Fees,Please help. How can I pay my semester fee online?,Low,2026-02-28,Email
Q04610,Aditya Mehta,Computer Science,admissions,Can I change my selected programme after admission?,Medium,2026-02-10,Helpdesk
Q04632,Kavya Khan,Information Technology,SCHOLARSHIP,What documents are required for scholarship verification? Kindly provide guidance.,High,2026-01-08,Portal
Q04554,Ananya Joshi,Civil,examination,What is the process for applying for revaluation?,Medium,2026-04-03,Email
Q04910,Pooja Kumar,Biotechnology,Admission,When will the next admission merit list be published?,Medium,2026-05-07,Helpdesk
Q02989,Sakshi Mehta,Information Technology,EXAMINATION,My exam centre details are not visible in the portal.,Low,2026-05-14,Email
Q04112,Sakshi Khan,Physics,scholarship,When will the scholarship results be announced?,Low,2026-03-29,Chat
Q03026,Manav Kumar,Mechanical, admissions ,How can I check the status of my admission application?,High,2026-08-27,Portal
Q01809,Divya Mehta,Computer Science, Fees ,How can I pay my semester fee online?,Medium,2026-02-17,Email
Q01609,Ankit Sharma,Business Administration,Examinations,When will the examination timetable be released?,Medium,2026-01-21,Chat
Q04700,Tanvi Das,Physics,Scholarships,what documents are required for scholarship verification?,Medium,2026-01-23,Chat
Q01575,Aman Gupta,Civil,SCHOLARSHIP,My scholarship application status is pending.,Low,2026-03-13,Chat
Q02966,Shreya Joshi,Biotechnology,ADMISSIONS,What documents are required for admission verification?,High,2026-08-15,Chat
Q01081,Sanjay Joshi,Mechanical, Examination ,Please help. When will the examination timetable be released?,Medium,2026-06-06,Helpdesk
Q00090,Rohit Kumar,Information Technology,admissions,When will the next admission merit list be published?,Medium,2026-08-22,Email
Q01959,Simran Das,Electrical Engineering,Exam,My exam centre details are not visible in the portal.,low,2026-04-03,Email
Q03422,Aarav Mehta,Electronics,Fees,is installment payment available for tuition fees?,Medium,2026-06-16,Helpdesk
Q03681,Sneha Das,Business Administration, Technical ,my dashboard is not loading properly.,Medium,2026-06-07,Portal
Q02658,Tanvi Patel,Electrical Engineering,FEES,My fee payment was deducted but is not showing in the portal. Kindly provide guidance.,Low,2026-04-16,Portal
Q00282,Shreya Patel,Civil,Fees,What is the last date for paying the semester fee?,Low,2026-06-05,Email
Q04724,Ankit Verma,Civil,scholarship,When will the scholarship results be announced?,High,2026-02-03,Portal
Q04424,Simran Patel,Computer Science,technical,I cannot upload my assignment due to a system error.,Low,2026-08-26,Portal
Q02779,Riya Khan,Electrical Engineering,SCHOLARSHIP,Please help. What are the eligibility criteria for the scholarship?,Medium,2026-01-24,Helpdesk
Q04418,Bhavya Sharma,Information Technology,Fee,What is the last date for paying the semester fee? Kindly provide guidance.,Medium,2026-01-16,Helpdesk
Q03059,Rahul Mehta,Mechanical,,My scholarship application status is pending.,Medium,2026-06-21,Portal
Q03629,Tanvi Das,Computer Science,fees,How can I pay my semester fee online? Kindly provide guidance.,Low,2026-06-13,Email
Q04571,Nitin Patel,Electrical Engineering, Fees ,Is installment payment available for tuition fees?,High,2026-01-27,Portal
Q02674,Priya Verma,Physics,Admissions,When will the next admission merit list be published?,Medium,2026-04-28,Helpdesk
Q00558,Kavya Gupta,Electrical Engineering,fees,My fee payment was deducted but is not showing in the portal.,Medium,2026-01-20,Helpdesk
Q01980,Manav Singh,Computer Science, Hostel ,How can I apply for hostel accommodation? Kindly provide guidance.,Low,2026-06-07,Email
Q02843,Sneha Joshi,Electronics,SCHOLARSHIP,What are the eligibility criteria for the scholarship?,Low,2026-02-20,Chat
Q00653,Vikram Khan,Physics,Exam,Please help. My exam centre details are not visible in the portal.,Medium,2026-07-17,Portal
Q00252,Kavya Das,Information Technology,technical,I forgot my portal password and cannot log in.,Medium,2026-05-17,Email
Q02837,Nitin Patel,Mechanical,ADMISSIONS,I need help with the admission registration process.,Medium,2026-01-02,Helpdesk
Q03918,Payal Khan,Physics,Tech,My dashboard is not loading properly.,High,2026-06-05,Helpdesk
Q03663,Ankit Joshi,Mechanical,HOSTEL,When will the hostel allotment list be announced?,Medium,2026-07-18,Email
Q02415,Sakshi Khan,ElectricalEngineering,Hostel,What is the process for changing my hostel room?,High,2026-08-05,Helpdesk
Q02455,Nitin Khan,Electronics,Accommodation,how can i contact the hostel administration?,High,2026-05-22,Helpdesk
Q04829,Manav Singh,Information Technology,TECHNICAL,Please help. The portal is showing an error while submitting my form.,Medium,2026-07-07,Helpdesk
Q04290,Rahul Verma,Information Technology,fees,Can I download my fee payment receipt?,Low,2026-05-07,Email
Q00809,Ananya Mehta,Computer Science,examination,When will the examination timetable be released?,Medium,2026-01-17,Helpdesk
Q00572,Riya Khan,Business Administration,Examination,I am unable to see my examination result. Kindly provide guidance.,Low,2026-04-09,Portal
Q04530,Harsh Sharma,Biotechnology,SCHOLARSHIP,When will the scholarship results be announced?,High,2026-05-20,Helpdesk
Q00649,Bhavya Das,Physics,Admissions,how can i check the status of my admission application?,High,2026-07-05,Chat
Q00982,Meera Joshi,Mathematics, Hostel ,I have a problem with my hostel room facilities.,Low,2026-01-21,Helpdesk
Q02678,Aarav Mehta,Information Technology,Fees,Can I download my fee payment receipt?,High ,2026-02-19,Chat
Q02173,Rahul Sharma,Mathematics,scholarship,My scholarship application status is pending.,Low,2026-05-21,Helpdesk
Q01867,Aditi Khan,Electronics, Scholarship ,how can i apply for a student scholarship?,Low,2026-01-22,Portal
Q03869,Arjun Verma,Biotechnology,Tech,I am unable to access my student portal.,Medium,2026-01-10,Email
Q00220,Meera Khan,Electronics,examination,When will the examination timetable be released?,High,2026-03-11,Email
Q03970,Pooja Joshi,Biotechnology,Accommodation,When will the hostel allotment list be announced?,Medium,2026-01-19,Helpdesk
Q01470,Nisha Mehta,Electronics,Examinations,How can I download my hall ticket?,Low,2026-01-14,Chat
Q01288,Shreya Singh,Business Administration,EXAMINATION,,Medium,2026-05-09,Helpdesk
Q02613,Sneha Sharma, Electronics ,scholarship,Please help. What documents are required for scholarship verification?,Medium,2026-02-14,Portal
Q01991,Sneha Kumar,Mathematics, Examination ,My exam centre details are not visible in the portal.,High,2026-07-29,Portal
Q02609,Ankit Patel,Mechanical,Technical,I am unable to access my student portal.,Medium,2026-07-28,Portal
Q02902,Bhavya Gupta,Electrical Engineering,admissions,How can I check the status of my admission application?,Medium,2026-08-28,Helpdesk
Q00088,Shreya Das,Civil, Examination ,Please help. How can I download my hall ticket?,High,2026-04-30,Portal
Q01491,Divya Sharma,Biotechnology,fees,what is the last date for paying the semester fee?,Low,2026-03-21,Email
Q04400,Rahul Mehta,Electrical Engineering,Fee,Is installment payment available for tuition fees?,High,2026-03-26,Helpdesk
Q03985,Aman Kumar,Electronics,Scholarship,When will the scholarship results be announced?,Medium,2026-03-16,Helpdesk
Q00962,Sneha Gupta,Business Administration,scholarship,How can I apply for a student scholarship?,Medium,2026-06-10,Portal
Q00948,Payal Khan,Electrical Engineering,Fees,How can I pay my semester fee online?,Low,2026-01-23,Helpdesk
Q01178,Rohit Joshi,Information Technology,Examinations,,Low,2026-07-28,Email
Q00476,Pooja Singh,Information Technology,Fees,How can I pay my semester fee online?,High,2026-01-25,Email
Q04335,Aditi Verma,Mechanical,HOSTEL,Please help. How can I apply for hostel accommodation?,High,2026-08-30,Email
Q02274,Isha Mehta,Electrical Engineering, Hostel ,Please help. What is the process for changing my hostel room?,Medium,2026-02-28,Helpdesk
Q03165,Meera Kumar,Information Technology,EXAMINATION,How can I download my hall ticket? Kindly provide guidance.,Low,2026-03-14,Email
Q04318,Rohan Sharma,Mechanical, Fees ,is installment payment available for tuition fees?,Medium,2026-02-20,Portal
Q03066,Kavya Verma,Computer Science,EXAMINATION,I am unable to see my examination result.,Medium,2026-06-19,Chat
Q02722,Pooja Patel,Civil,ADMISSIONS,When will the next admission merit list be published?,Medium,2026-06-30,Helpdesk
Q04804,Karan Kumar,Information Technology,HOSTEL,When will the hostel allotment list be announced?,Low,2026-08-21,Chat
Q01780,Ankit Patel,Information Technology,HOSTEL,I have a problem with my hostel room facilities.,Low,2026-07-21,Chat
Q04336,Karan Patel,Mechanical,,Please help. I need help with the admission registration process.,HIGH,2026-04-17,Portal
Q02702,Nisha Patel,Physics,technical,My dashboard is not loading properly.,Medium,2026-08-14,Chat
Q03539,Aditya Verma, Business Administration ,Admission,Can I change my selected programme after admission?,Medium,2026-04-27,Email
Q04125,Pooja Patel,Business Administration,Admissions,Please help. When will the next admission merit list be published?,High,2026-08-07,Portal
Q02174,Simran Joshi,Mathematics,Examinations,,Low,2026-03-06,Chat
Q00637,Aman Joshi,Mechanical, Examination ,what is the process for applying for revaluation?,Medium,2026-01-14,Chat
Q03948,Meera Singh,Business Administration,HOSTEL,I have a problem with my hostel room facilities.,Medium,2026-05-15,Email
Q03809,Nitin Mehta,Mechanical,scholarship,When will the scholarship results be announced?,High,2026-08-19,Chat
Q00728,Priya Das,Computer Science,hostel,What is the process for changing my hostel room?,Medium,2026-04-16,Email
Q03179,Rohan Kumar,Mechanical,Fees,Can I download my fee payment receipt?,Medium,2026-07-30,Portal
Q01226,Rohit Khan,Physics,Hostel,How can I apply for hostel accommodation?,Low,2026-01-10,Email
Q00773,Arjun Patel,Electronics, Scholarship ,what are the eligibility criteria for the scholarship?,high,2026-01-19,Helpdesk
Q03727,Pooja Patel,Physics, Hostel ,How can I apply for hostel accommodation?,Low,2026-08-06,Portal
Q04773,Aarav Patel,Business Administration,Examination,How can I download my hall ticket?,Medium,2026-06-21,Chat
Q00312,Rohan Verma,Physics,examination,My exam centre details are not visible in the portal. Kindly provide guidance.,Low,2026-08-19,Email
Q03385,Meera Joshi,Computer Science,Technical,The portal is showing an error while submitting my form.,Medium,2026-07-06,Portal
Q03491,Ananya Sharma,Civil,EXAMINATION,When will the examination timetable be released?,Low,2026-02-27,Helpdesk
Q02942,Priya Verma,Computer Science,Scholarship,My scholarship application status is pending.,Low,2026-08-26,Chat
Q04774,Priya Gupta,Mathematics,Hostel,how can i contact the hostel administration?,Medium,2026-08-27,Portal
Q03854,Rohan Verma,Information Technology,,I cannot upload my assignment due to a system error.,Low,2026-01-20,Email
Q01534,Sanjay Kumar,Electrical Engineering,Hostel,How can I contact the hostel administration?,Medium,2026-01-03,Email
Q03714,Pooja Mehta,Electrical Engineering, Scholarship ,What are the eligibility criteria for the scholarship?,Low,2026-08-30,Chat
Q02415,Sakshi Khan,ElectricalEngineering,Hostel,What is the process for changing my hostel room?,High,2026-08-05,Helpdesk
Q03758,Sneha Das,Biotechnology, Hostel ,what is the process for changing my hostel room?,Low,2026-08-11,Chat
Q01345,Ishaan Kumar,Computer Science,Admissions,Please help. How can I check the status of my admission application?,High,2026-05-23,Portal
Q00499,Harsh Joshi,Information Technology,Fee,How can I pay my semester fee online?,Low,2026-05-25,Chat
Q00208,Payal Singh,Biotechnology, Examination ,I am unable to see my examination result.,Medium,2026-01-26,Email
Q01970,Aditya Kumar,Computer Science,Scholarship,What are the eligibility criteria for the scholarship?,Medium,2026-01-06,Email
Q04585,Rohan Kumar,Biotechnology,hostel,What is the process for changing my hostel room?,Low,2026-04-13,Helpdesk
Q04252,Yash Sharma,Civil,EXAMINATION,My exam centre details are not visible in the portal.,Low,2026-02-16,Email
Q02605,Manav Das,Biotechnology, Technical ,My dashboard is not loading properly.,High,2026-05-07,Email
Q04438,Sakshi Sharma,Electrical Engineering,hostel,When will the hostel allotment list be announced?,Medium,2026-05-03,Portal
Q02612,Vikram Khan,Information Technology,Fee,How can I pay my semester fee online?,Medium,2026-05-08,Helpdesk
Q03872,Riya Joshi,Computer Science,scholarship,What documents are required for scholarship verification?,Medium,2026-06-04,Portal
Q02555,Rohit Das,Business Administration, Hostel ,What is the process for changing my hostel room? Kindly provide guidance.,High,2026-02-11,Email
Q03199,Harsh Das,Electronics,Accommodation,How can I apply for hostel accommodation?,Medium,2026-03-09,Portal
Q00399,Meera Patel,Electrical Engineering,,Please help. How can I download my hall ticket?,Low,2026-07-14,Email
Q04525,Divya Mehta,InformationTechnology,Hostel,How can I apply for hostel accommodation? Kindly provide guidance.,Medium,2026-05-30,Chat
Q00842,Riya Das,Mechanical, admissions ,When will the next admission merit list be published?,Low,2026-02-12,Helpdesk
Q01319,Ishaan Gupta,Electronics, Scholarship ,What are the eligibility criteria for the scholarship?,Low,2026-03-23,Helpdesk
Q03573,Aarav Singh,Information Technology,Examinations,What is the process for applying for revaluation?,Low,2026-06-14,Portal
Q00959,Divya Patel,Computer Science,TECHNICAL,I cannot upload my assignment due to a system error.,Low,2026-04-09,Portal
Q03176,Isha Khan,Information Technology,Admission,I need help with the admission registration process. Kindly provide guidance.,Low,2026-04-11,Email
Q02007,Nitin Gupta,Mechanical,Examinations,i am unable to see my examination result.,Medium,2026-01-12,Portal
Q04237,Aditi Gupta,Information Technology,Scholarship,When will the scholarship results be announced?,Medium,2026-02-11,Email
Q01073,Shreya Kumar,Computer Science,FEES,Is installment payment available for tuition fees?,Low,2026-04-21,Portal
Q01521,Aditya Singh,Electrical Engineering,Accommodation,I have a problem with my hostel room facilities.,Low,2026-04-22,Email
Q03067,Divya Singh,Information Technology,fees,Can I download my fee payment receipt?,Low,2026-07-10,Portal
Q00971,Meera Kumar,Mechanical,SCHOLARSHIP,What documents are required for scholarship verification?,High,2026-05-22,Chat
Q04620,Kavya Kumar,Information Technology,Exam,I am unable to see my examination result.,Medium,2026-05-16,Chat
Q03052,Sanjay Singh,Information Technology,Scholarship,Please help. My scholarship application status is pending.,Medium,2026-01-09,Chat
Q03243,Varun Sharma,Civil,SCHOLARSHIP,When will the scholarship results be announced? Kindly provide guidance.,Medium,2026-03-22,Helpdesk
Q01884,Aman Singh,Civil,Tech,I forgot my portal password and cannot log in.,High,2026-01-28,Portal
Q03363,Aditi Sharma,Mathematics, Fees ,Is installment payment available for tuition fees?,High,2026-05-21,Chat
Q01098,Meera Patel,Mechanical,Examinations,I am unable to see my examination result.,Medium,2026-05-14,Helpdesk
Q02193,Bhavya Singh,Electronics, Fees ,Please help. My fee payment was deducted but is not showing in the portal.,Medium,2026-08-18,Portal
Q02834,Arjun Joshi,Computer Science,Accommodation,When will the hostel allotment list be announced?,Low,2026-07-27,Chat
Q01537,Aditi Patel,Mathematics,Admission,When will the next admission merit list be published?,Medium,2026-03-08,Chat
Q04626,Nisha Mehta,Electrical Engineering,scholarship,How can I apply for a student scholarship?,Medium,2026-03-16,Email
Q00565,Pooja Sharma,Computer Science, Hostel ,,Medium,2026-05-18,Chat
Q03647,Aditi Verma,Physics,examination,What is the process for applying for revaluation?,Low,2026-03-07,Helpdesk
Q00776,Tanvi Mehta,Electrical Engineering,Technical,The portal is showing an error while submitting my form. Kindly provide guidance.,Medium,2026-06-26,Helpdesk
Q01355,Vikram Kumar,Electrical Engineering,TECHNICAL,I cannot upload my assignment due to a system error.,Low,2026-02-27,Email
Q01422,Nisha Verma,Mechanical,Exam,I am unable to see my examination result.,Medium,2026-01-15,Portal
Q00534,Aditi Sharma,Physics,,My fee payment was deducted but is not showing in the portal.,Low,2026-06-07,Portal
Q02751,Vikram Gupta,Business Administration,admissions,Please help. How can I check the status of my admission application?,Medium,2026-07-11,Portal
Q02627,Harsh Mehta,Electronics,Tech,I forgot my portal password and cannot log in.,Medium,2026-03-25,Email
Q02080,Manav Kumar,Mechanical, Examination ,When will the examination timetable be released? Kindly provide guidance.,Low,2026-02-26,Helpdesk
Q00076,Tanvi Joshi,Biotechnology,Hostel,how can i contact the hostel administration?,High,2026-01-02,Email
Q03488,Divya Joshi,Civil, Technical ,The portal is showing an error while submitting my form.,Low,2026-03-13,Portal
Q00631,Isha Verma,Business Administration,Fee,What is the last date for paying the semester fee?,MEDIUM,2026-08-23,Chat
Q02121,Aman Joshi,Computer Science,Scholarship,What are the eligibility criteria for the scholarship?,Medium,2026-07-16,Portal
Q04398,Aditi Joshi,Computer Science,Fee,is installment payment available for tuition fees?,High,2026-07-21,Chat
Q01668,Divya Gupta,Electronics,Hostel,,Medium,2026-07-10,Portal
Q03336,Ananya Das,Mechanical,Admission,i need help with the admission registration process.,Medium,2026-08-09,Email
Q01811,Aarav Khan,Business Administration,Accommodation,how can i apply for hostel accommodation?,Medium,2026-07-03,Helpdesk
Q00447,Sneha Joshi,Information Technology,Tech,I cannot upload my assignment due to a system error.,Low,2026-06-27,Helpdesk
Q03856,Varun Gupta,Biotechnology,Scholarship,When will the scholarship results be announced?,High,2026-01-20,Portal
Q02766,Aman Mehta,Mathematics,Scholarships,,Medium,2026-01-27,Chat
Q02535,Karan Patel,Mathematics,,How can I contact the hostel administration?,Low,2026-04-28,Portal
Q02309,Bhavya Khan,Civil,Tech,My dashboard is not loading properly.,Medium,2026-08-06,Helpdesk
Q01812,Shreya Patel,Biotechnology,Admission,What documents are required for admission verification? Kindly provide guidance.,High ,2026-04-28,Portal
Q04583,Ananya Sharma,Electronics,Hostel,I have a problem with my hostel room facilities.,MEDIUM,2026-02-24,Helpdesk
Q01065,Ananya Joshi,Biotechnology,Tech,I forgot my portal password and cannot log in. Kindly provide guidance.,Low,2026-01-25,Helpdesk
Q01854,Nisha Verma,Electronics,ADMISSIONS,How can I check the status of my admission application?,Medium,2026-08-14,Portal
Q02532,Nitin Mehta,Mechanical, admissions ,i need help with the admission registration process.,Low,2026-04-26,Chat
Q04454,Aarav Joshi,Information Technology, Scholarship ,my scholarship application status is pending.,High,2026-06-17,Portal
Q01559,Kavya Khan,Physics,Fee,How can I pay my semester fee online?,Low,2026-07-06,Email
Q03466,Manav Mehta,Biotechnology, Technical ,My dashboard is not loading properly.,Medium,2026-03-15,Helpdesk
Q03259,Ankit Das,Electronics,Examinations,My exam centre details are not visible in the portal.,High,2026-02-19,Portal
Q01489,Aarav Das,Computer Science,FEES,How can I pay my semester fee online?,Medium,2026-02-09,Email
Q03728,Aarav Sharma,Computer Science,scholarship,My scholarship application status is pending. Kindly provide guidance.,Medium,2026-03-28,Portal
Q04337,Sneha Singh,Mechanical,,Can I change my selected programme after admission?,Medium,2026-07-28,Portal
Q00331,Varun Singh,Business Administration, Technical ,I cannot upload my assignment due to a system error.,High,2026-04-17,Chat
Q02420,Karan Verma,Biotechnology,Tech,I cannot upload my assignment due to a system error.,High,2026-02-04,Chat
Q03140,Yash Kumar,Physics,TECHNICAL,My dashboard is not loading properly.,Medium,2026-05-13,Chat
Q00198,Rohan Sharma,Physics,Hostel,How can I contact the hostel administration?,Medium,2026-02-04,Email
Q02813,Aarav Sharma,Mechanical,Scholarship,Please help. What documents are required for scholarship verification?,High,2026-01-01,Email
Q00736,Riya Sharma,Computer Science, Technical ,My dashboard is not loading properly.,Medium,2026-04-03,Email
Q01495,Meera Verma,Electrical Engineering,HOSTEL,How can I contact the hostel administration?,Medium,2026-06-13,Portal
Q03010,Divya Das,Civil,Tech,The portal is showing an error while submitting my form. Kindly provide guidance.,MEDIUM,2026-06-13,Chat
Q02156,Vikram Kumar,Mechanical,Fee,Is installment payment available for tuition fees?,Medium,2026-05-20,Chat
Q04163,Divya Das,Mathematics,examination,I am unable to see my examination result.,Medium,2026-03-09,Helpdesk
Q01618,Bhavya Singh,Biotechnology,Tech,I forgot my portal password and cannot log in. Kindly provide guidance.,Medium,2026-08-09,Helpdesk
Q01722,Rohit Khan,Physics, admissions ,What documents are required for admission verification?,High,2026-03-15,Helpdesk
Q03148,Aman Verma,Computer Science,Fee,Is installment payment available for tuition fees? Kindly provide guidance.,High,2026-01-31,Chat
Q03209,Ishaan Singh,Electronics,FEES,What is the last date for paying the semester fee?,Medium,2026-01-07,Portal
Q04045,Aditi Singh,Civil,FEES,Is installment payment available for tuition fees?,Medium,2026-01-01,Helpdesk
Q04931,Priya Singh,Information Technology,examination,I am unable to see my examination result.,Medium,2026-01-05,Chat
Q02633,Ananya Sharma,Mechanical, Technical ,I am unable to access my student portal.,Medium,2026-06-30,Helpdesk
Q00953,Rohan Gupta,Information Technology,FEES,What is the last date for paying the semester fee?,High,2026-08-21,Helpdesk
Q03623,Priya Das,Computer Science, Hostel ,What is the process for changing my hostel room?,Medium,2026-04-10,Email
Q03526,Varun Sharma,Mathematics,EXAMINATION,How can I download my hall ticket?,High,2026-08-09,Helpdesk
Q04146,Ananya Verma,Mechanical,HOSTEL,I have a problem with my hostel room facilities.,Medium,2026-08-01,Chat
Q01620,Aditi Sharma,Mechanical,Tech,The portal is showing an error while submitting my form.,High,2026-03-24,Portal
Q04800,Shreya Das,Mechanical,Technical,I am unable to access my student portal.,Medium,2026-03-05,Email
Q02114,Karan Verma,Electronics,Accommodation,Please help. What is the process for changing my hostel room?,High,2026-01-22,Portal
Q02208,Karan Das,Biotechnology,Accommodation,When will the hostel allotment list be announced?,Medium,2026-04-29,Chat
Q04162,Varun Das,Business Administration,admissions,Can I change my selected programme after admission?,Medium,2026-07-28,Chat
Q02845,Sanjay Verma,Business Administration,Exam,My exam centre details are not visible in the portal.,MEDIUM,2026-03-04,Helpdesk
Q00367,Arjun Patel,Electronics,Scholarships,Please help. What documents are required for scholarship verification?,High,2026-07-23,Chat
Q04322,Neha Das,Physics,Hostel,When will the hostel allotment list be announced?,High,2026-08-08,Chat
Q03169,Manav Gupta,Computer Science,Examination,My exam centre details are not visible in the portal.,High,2026-03-15,Email
Q04579,Sanjay Singh,Electronics,Scholarships,What are the eligibility criteria for the scholarship?,High,2026-05-17,Portal
Q01678,Ananya Khan,Civil,TECHNICAL,,Medium,2026-05-12,Helpdesk
Q03467,Meera Gupta,Information Technology,Scholarships,When will the scholarship results be announced?,High,2026-05-02,Helpdesk
Q01409,Yash Patel,Business Administration,Scholarships,My scholarship application status is pending. Kindly provide guidance.,Medium,2026-06-01,Portal
Q03222,Meera Singh,Electronics,technical,My dashboard is not loading properly.,low,2026-06-10,Email
Q00930,Rohan Joshi,Computer Science,Admission,Can I change my selected programme after admission? Kindly provide guidance.,Medium,2026-04-22,Chat
Q02220,Kavya Khan,Information Technology,ADMISSIONS,what documents are required for admission verification?,Low,2026-07-17,Portal
Q03110,Isha Das,Computer Science,Examination,What is the process for applying for revaluation?,Medium,2026-02-15,Portal
Q00062,Nitin Das,Mechanical,Scholarship,What documents are required for scholarship verification?,Medium,2026-06-10,Portal
Q04180,Aarav Patel,Mathematics, Technical ,I forgot my portal password and cannot log in.,Medium,2026-07-25,Chat
Q03356,Ankit Sharma,Information Technology,Fee,Is installment payment available for tuition fees?,Low,2026-08-10,Chat
Q00591,Aarav Khan,BIOTECHNOLOGY, Examination ,How can I download my hall ticket?,High,2026-01-09,Chat
Q00792,Rahul Gupta,Computer Science,Scholarship,What are the eligibility criteria for the scholarship?,Medium,2026-07-26,Portal
Q00456,Nitin Joshi,Electrical Engineering,Admissions,What documents are required for admission verification?,High,2026-06-22,Portal
Q01302,Bhavya Verma,Business Administration,Technical,,High,2026-07-15,Chat
Q00808,Tanvi Verma,Computer Science,technical,I forgot my portal password and cannot log in.,Medium,2026-04-09,Email
Q00767,Varun Mehta,Physics,Scholarships,How can I apply for a student scholarship?,Medium,2026-03-28,Portal
Q00899,Neha Singh,Civil, Scholarship ,How can I apply for a student scholarship?,Medium,2026-02-16,Chat
Q02225,Neha Patel,Biotechnology,admissions,Can I change my selected programme after admission? Kindly provide guidance.,High,2026-02-21,Chat
Q03616,Sanjay Das,Civil, Examination ,My exam centre details are not visible in the portal.,Low,2026-04-11,Helpdesk
Q00848,Rahul Singh,Physics,Examination,,Low,2026-02-15,Portal
Q00288,Riya Joshi,Biotechnology,technical,The portal is showing an error while submitting my form.,Medium,2026-06-29,Helpdesk
Q02714,Aditya Sharma,Information Technology,FEES,What is the last date for paying the semester fee?,Medium,2026-03-03,Helpdesk
Q04761,Bhavya Verma,Mathematics,Fees,,Medium,2026-07-05,Portal
Q01509,Pooja Gupta,Mechanical,Admission,Please help. How can I check the status of my admission application?,MEDIUM,2026-08-20,Portal
Q00413,Sakshi Joshi,Computer Science,scholarship,Please help. What are the eligibility criteria for the scholarship?,Medium,2026-05-08,Helpdesk
Q02918,Manav Sharma,Physics,Exam,Please help. What is the process for applying for revaluation?,Medium,2026-07-18,Email
Q00839,Sanjay Sharma,Mechanical,Technical,I am unable to access my student portal.,High,2026-01-31,Chat
Q04148,Riya Mehta,Information Technology,Fees,Please help. Is installment payment available for tuition fees?,Medium,2026-01-24,Portal
Q04168,Bhavya Kumar,Business Administration,FEES,Is installment payment available for tuition fees?,High,2026-05-31,Email
Q00355,Payal Joshi,Electronics,TECHNICAL,I am unable to access my student portal. Kindly provide guidance.,Medium,2026-03-26,Portal
Q00746,Simran Singh,Mechanical, Fees ,,Medium,2026-04-02,Portal
Q03307,Shreya Sharma,Physics,FEES,Please help. My fee payment was deducted but is not showing in the portal.,High,2026-02-13,Email
Q00505,Nitin Singh,Mathematics,SCHOLARSHIP,What are the eligibility criteria for the scholarship?,Low,2026-01-03,Portal
Q00979,Nitin Kumar,Electronics,examination,My exam centre details are not visible in the portal.,Medium,2026-03-14,Email
Q00075,Vikram Kumar,Electronics,Examinations,My exam centre details are not visible in the portal.,High,2026-02-27,Helpdesk
Q03378,Rohit Singh,Mechanical,Exam,Please help. What is the process for applying for revaluation?,Medium,2026-01-18,Email
Q01782,Aditi Patel,Biotechnology,Fees,,Medium,2026-02-16,Chat
Q02008,Nisha Singh,Information Technology,FEES,What is the last date for paying the semester fee?,Medium,2026-05-14,Email
Q04960,Ankit Patel,Civil,,What is the last date for paying the semester fee?,Low,2026-02-18,Portal
Q04186,Shreya Patel,Electrical Engineering,FEES,How can I pay my semester fee online?,Medium,2026-02-13,Portal
Q02665,Ananya Singh,Computer Science,Exam,When will the examination timetable be released?,Low,2026-03-24,Chat
Q01246,Karan Das,Information Technology,Admissions,What documents are required for admission verification?,High,2026-02-05,Chat
Q01992,Nisha Sharma,Biotechnology,ADMISSIONS,How can I check the status of my admission application?,Medium,2026-05-30,Helpdesk
Q03432,Ankit Das,electronics,Hostel,What is the process for changing my hostel room?,medium,2026-04-15,Chat
Q00026,Ishaan Gupta,Business Administration,FEES,Is installment payment available for tuition fees?,Low,2026-04-20,Chat
Q00966,Simran Patel,Computer Science,Admissions,How can I check the status of my admission application?,High,2026-06-04,Helpdesk
Q04555,Ishaan Khan,Physics, Scholarship ,My scholarship application status is pending.,LOW,2026-03-07,Chat
Q00295,Rahul Sharma,Information Technology,HOSTEL,How can I apply for hostel accommodation?,HIGH,2026-08-29,Email
Q02180,Manav Das,Physics,Examinations,My exam centre details are not visible in the portal.,High,2026-02-08,Email
Q02342,Sanjay Singh,Electrical Engineering,admissions,How can I check the status of my admission application?,Medium,2026-02-20,Email
Q03563,Rahul Verma,Electronics, Examination ,What is the process for applying for revaluation?,medium,2026-03-03,Email
Q01394,Ankit Singh,Physics,TECHNICAL,My dashboard is not loading properly.,Medium,2026-08-06,Portal
Q02207,Nisha Verma,Electrical Engineering,HOSTEL,How can I contact the hostel administration? Kindly provide guidance.,Low,2026-06-28,Helpdesk
Q02394,Simran Verma,Electronics,Scholarship,What documents are required for scholarship verification? Kindly provide guidance.,Low,2026-08-09,Chat
Q01691,Sakshi Verma,Biotechnology,Admissions,I need help with the admission registration process.,High,2026-04-08,Chat
Q01933,Divya Singh,Mechanical,Fees,Is installment payment available for tuition fees?,High,2026-08-05,Helpdesk
Q02450,Rahul Khan,Computer Science,EXAMINATION,What is the process for applying for revaluation?,Medium,2026-04-12,Portal
Q02078,Bhavya Joshi,Physics,EXAMINATION,My exam centre details are not visible in the portal.,High,2026-02-20,Email
Q00715,Riya Khan,Business Administration,examination,i am unable to see my examination result.,Medium,2026-02-03,Email
Q03932,Yash Verma,Computer Science, Hostel ,When will the hostel allotment list be announced?,High,2026-02-06,Portal
Q05077,Neha Sharma,Electronics,Admissions,Please help. When will the next admission merit list be published?,Medium,2026-07-19,Email
Q01742,Aarav Khan,Mechanical,scholarship,What are the eligibility criteria for the scholarship?,Low,2026-06-22,Email
Q02817,Isha Kumar,Business Administration, Scholarship ,Please help. What documents are required for scholarship verification?,Medium,2026-04-21,Email
Q03198,Ananya Sharma,Business Administration,,My scholarship application status is pending. Kindly provide guidance.,High,2026-07-05,Helpdesk
Q00176,Riya Verma,Mechanical,Admissions,When will the next admission merit list be published?,Low,2026-08-21,Chat
Q04884,Varun Das,Mechanical,Scholarships,My scholarship application status is pending. Kindly provide guidance.,Medium,2026-03-14,Helpdesk
Q00845,Riya Verma,Mathematics,fees,Can I download my fee payment receipt? Kindly provide guidance.,Low,2026-06-26,Portal
Q04728,Meera Gupta,Business Administration,Hostel,when will the hostel allotment list be announced?,Medium,2026-05-25,Portal
Q01367,Vikram Das,Information Technology,TECHNICAL,My dashboard is not loading properly.,Medium,2026-02-21,Portal
Q02150,Payal Kumar,Electrical Engineering,EXAMINATION,When will the examination timetable be released?,Medium,2026-07-23,Helpdesk
Q05053,Tanvi Kumar,Biotechnology, Hostel ,How can I apply for hostel accommodation?,Medium,2026-02-10,Helpdesk
Q04109,Meera Verma,Information Technology,technical,,Low,2026-07-04,Helpdesk
Q03967,Aditi Kumar,Biotechnology,Tech,My dashboard is not loading properly.,Low,2026-02-16,Chat
Q02006,Sanjay Kumar,Civil,Fee,What is the last date for paying the semester fee?,Medium,2026-04-16,Helpdesk
Q03550,Manav Das,Computer Science,Admission,When will the next admission merit list be published?,High,2026-08-14,Helpdesk
Q03798,Arjun Verma,Information Technology,Scholarships,What are the eligibility criteria for the scholarship?,High,2026-02-13,Email
Q00019,Aarav Sharma,Electronics,admissions,I need help with the admission registration process.,Low,2026-01-05,Portal
Q01487,Riya Kumar,Civil,,What documents are required for scholarship verification?,High,2026-02-01,Portal
Q02951,Bhavya Kumar,Civil,SCHOLARSHIP,When will the scholarship results be announced?,MEDIUM,2026-07-11,Email
Q03211,Pooja Joshi,Business Administration,FEES,Is installment payment available for tuition fees?,Low,2026-01-30,Portal
Q03500,Simran Patel,Business Administration,Fees,Is installment payment available for tuition fees?,High,2026-05-26,Helpdesk
Q04869,Rahul Singh,Civil, Hostel ,I have a problem with my hostel room facilities.,High,2026-06-30,Chat
Q01626,Rahul Verma,Information Technology,Hostel,How can I apply for hostel accommodation?,Medium,2026-07-13,Helpdesk
Q02449,Simran Verma,Mathematics,EXAMINATION,How can I download my hall ticket?,High,2026-08-11,Portal
Q04826,Rahul Kumar,Electronics,technical,Please help. I cannot upload my assignment due to a system error.,Low,2026-01-11,Chat
Q02827,Arjun Joshi,Electronics,Fees,How can I pay my semester fee online?,Low,2026-02-11,Portal
Q01732,Sneha Singh,Computer Science,ADMISSIONS,How can I check the status of my admission application?,Medium,2026-03-06,Portal
Q00067,Divya Das,Mechanical,HOSTEL,how can i apply for hostel accommodation?,Medium,2026-02-28,Chat
Q04259,Ankit Joshi,Mathematics, Examination ,when will the examination timetable be released?,Low,2026-05-11,Helpdesk
Q00358,Aarav Sharma,Civil,EXAMINATION,What is the process for applying for revaluation?,Low,2026-06-21,Email
Q04077,Shreya Patel,Physics, Scholarship ,When will the scholarship results be announced?,Low,2026-05-19,Email
Q02569,Ishaan Verma,Mechanical,Fee,What is the last date for paying the semester fee?,Medium,2026-03-16,Email
Q00885,Sneha Verma,Information Technology,SCHOLARSHIP,what documents are required for scholarship verification?,High,2026-03-02,Portal
Q00265,Rohit Verma,Mathematics,TECHNICAL,i am unable to access my student portal.,Medium,2026-03-08,Portal
Q01673,Aman Mehta,Biotechnology,Exam,I am unable to see my examination result.,High,2026-01-01,Portal
Q05136,Meera Singh,Physics,Fees,,Medium,2026-08-23,Email
Q02853,Aman Joshi,Physics,Fee,My fee payment was deducted but is not showing in the portal.,High,2026-04-08,Helpdesk
Q01268,Rohit Mehta,Mechanical,Scholarship,My scholarship application status is pending.,Low,2026-07-04,Helpdesk
Q04793,Shreya Mehta,Business Administration,Scholarships,My scholarship application status is pending.,Medium,2026-08-04,Portal
Q00743,Simran Sharma,Information Technology,Technical,I am unable to access my student portal. Kindly provide guidance.,Low,2026-03-08,Helpdesk
Q01112,Yash Joshi,Mechanical, Scholarship ,My scholarship application status is pending.,Medium,2026-08-26,Portal
Q00392,Manav Sharma,Computer Science,Hostel,When will the hostel allotment list be announced?,Medium,2026-05-06,Chat
Q00202,Divya Verma,Computer Science,ADMISSIONS,I need help with the admission registration process.,Low,2026-03-19,Portal
Q02635,Neha Das,Mathematics,Admissions,Please help. Can I change my selected programme after admission?,Medium,2026-07-16,Helpdesk
Q03440,Rohan Patel,Mathematics, Technical ,The portal is showing an error while submitting my form.,High,2026-07-14,Helpdesk
Q03976,Shreya Patel,Physics,ADMISSIONS,How can I check the status of my admission application?,High,2026-08-09,Helpdesk
Q01535,Varun Kumar,Business Administration,Scholarship,What documents are required for scholarship verification?,Medium,2026-01-14,Portal
Q02048,Harsh Patel,Business Administration,admissions,What documents are required for admission verification? Kindly provide guidance.,Low,2026-06-10,Portal
Q01583,Payal Das,Mechanical,FEES,What is the last date for paying the semester fee?,Medium,2026-04-28,Portal
Q02533,Rohan Patel,Electronics,Scholarships,when will the scholarship results be announced?,Medium,2026-04-14,Portal
Q02893,Ananya Khan,Electrical Engineering, Hostel ,When will the hostel allotment list be announced?,Medium,2026-05-28,Portal
Q01735,Nisha Singh,Information Technology,technical,The portal is showing an error while submitting my form.,Low,2026-08-13,Email
Q02476,Ananya Gupta,information technology,FEES,Can I download my fee payment receipt?,High,2026-06-17,Helpdesk
Q04076,Isha Das,Electronics,Tech,The portal is showing an error while submitting my form.,Medium,2026-08-08,Helpdesk
Q03755,Sakshi Das,Information Technology,fees,Is installment payment available for tuition fees? Kindly provide guidance.,Medium,2026-03-18,Chat
Q01982,Sakshi Sharma,Mathematics,Scholarship,,High,2026-03-29,Portal
Q01325,Harsh Patel,Business Administration,SCHOLARSHIP,What documents are required for scholarship verification?,High,2026-05-24,Portal
Q01138,Simran Sharma,Mechanical,ADMISSIONS,Can I change my selected programme after admission? Kindly provide guidance.,Medium,2026-06-16,Email
Q02112,Ishaan Kumar,Electronics,Accommodation,How can I contact the hostel administration?,Medium,2026-01-15,Portal
Q03817,Kavya Sharma,Business Administration,FEES,How can I pay my semester fee online?,Low,2026-03-06,Portal
Q04541,Kavya Kumar,Information Technology,Hostel,What is the process for changing my hostel room?,Medium,2026-02-24,Portal
Q02299,Aman Gupta,Information Technology,admissions,,Medium,2026-01-10,Chat
Q04933,Nisha Mehta,Mechanical,HOSTEL,When will the hostel allotment list be announced?,High,2026-02-12,Email
Q01775,Meera Das,Information Technology,fees,Can I download my fee payment receipt?,Medium,2026-05-17,Chat
Q00383,Meera Khan,Civil, admissions ,,Medium,2026-06-29,Email
Q04280,Aditi Joshi,Computer Science,Examinations,When will the examination timetable be released?,High,2026-07-01,Email
Q04073,Pooja Kumar,Electrical Engineering,EXAMINATION,When will the examination timetable be released?,Medium,2026-01-04,Chat
Q05155,Neha Mehta,Electronics,Fee,,Medium,2026-05-24,Portal
Q03824,Priya Patel,Mechanical,Admissions,I need help with the admission registration process. Kindly provide guidance.,Low,2026-05-10,Chat
Q02796,Yash Das,Computer Science,Admissions,What documents are required for admission verification?,High,2026-06-14,Chat
Q00391,Aditi Gupta,computer science, Examination ,I am unable to see my examination result.,Medium,2026-07-15,Helpdesk
Q00862,Vikram Khan,Electronics,Admission,Can I change my selected programme after admission?,Medium,2026-06-03,Helpdesk
Q02972,Karan Mehta,Electronics,Admissions,I need help with the admission registration process.,Medium,2026-06-04,Helpdesk
Q00011,Nitin Patel,Information Technology, Examination ,When will the examination timetable be released?,Medium,2026-02-10,Portal
Q02538,Bhavya Joshi,Physics, Examination ,What is the process for applying for revaluation?,High,2026-03-01,Portal
Q03591,Simran Khan,electrical engineering,Exam,When will the examination timetable be released?,Low,2026-03-19,Chat
Q02183,Rohan Sharma,Mechanical,Examination,what is the process for applying for revaluation?,Low,2026-04-25,Chat
Q01936,Kavya Gupta,Business Administration,Scholarships,How can I apply for a student scholarship?,HIGH,2026-08-28,Helpdesk
Q01793,Karan Verma,Computer Science,SCHOLARSHIP,My scholarship application status is pending. Kindly provide guidance.,Medium,2026-07-20,Helpdesk
Q02571,Sakshi Khan,Business Administration,Tech,I cannot upload my assignment due to a system error.,Medium,2026-03-18,Chat
Q01683,Sakshi Singh,Electrical Engineering, Technical ,My dashboard is not loading properly.,Medium,2026-03-29,Helpdesk
Q04839,Manav Gupta,Business Administration,Accommodation,When will the hostel allotment list be announced?,Medium,2026-05-18,Helpdesk
Q00381,Ishaan Singh,Physics,Examinations,How can I download my hall ticket?,Medium,2026-02-15,Helpdesk
Q01902,Aditya Singh,Biotechnology,Technical,I forgot my portal password and cannot log in. Kindly provide guidance.,High,2026-08-20,Portal
Q01918,Meera Singh,Biotechnology,Technical,The portal is showing an error while submitting my form.,Medium,2026-05-26,Email
Q00587,Sanjay Mehta,Electrical Engineering,ADMISSIONS,What documents are required for admission verification?,Low,2026-02-23,Portal
Q01472,Riya Verma,Mathematics, Technical ,My dashboard is not loading properly.,low,2026-07-13,Chat
Q01563,Isha Joshi,Electrical Engineering,EXAMINATION,Please help. How can I download my hall ticket?,High,2026-04-16,Helpdesk
Q05054,Divya Kumar,Electrical Engineering, Examination ,I am unable to see my examination result. Kindly provide guidance.,High,2026-01-01,Email
Q02719,Riya Verma,Computer Science, Fees ,is installment payment available for tuition fees?,Medium,2026-05-21,Email
Q05087,Shreya Das,Mechanical,fees,My fee payment was deducted but is not showing in the portal.,Low,2026-02-02,Chat
Q03665,Nitin Sharma,Mathematics, admissions ,How can I check the status of my admission application?,Medium,2026-06-01,Portal
Q01724,Nitin Sharma,Electronics,Fees,Is installment payment available for tuition fees?,Medium,2026-04-17,Email
Q04483,Isha Patel,Computer Science,,Can I download my fee payment receipt?,High,2026-01-05,Chat
Q04856,Pooja Patel,Mechanical, Examination ,How can I download my hall ticket?,High,2026-05-02,Portal
Q04779,Isha Khan,Information Technology,Scholarships,When will the scholarship results be announced?,High,2026-04-30,Email
Q00744,Sneha Verma,Physics,Examinations,My exam centre details are not visible in the portal.,Medium,2026-04-17,Email
Q01216,Priya Patel,Biotechnology,Examination,I am unable to see my examination result.,Medium,2026-06-10,Email
Q01115,Tanvi Gupta,Mathematics,HOSTEL,How can I apply for hostel accommodation?,High,2026-05-11,Helpdesk
Q04218,Isha Das,Biotechnology,TECHNICAL,I forgot my portal password and cannot log in. Kindly provide guidance.,Medium,2026-04-09,Email
Q04564,Aditya Gupta,Business Administration,EXAMINATION,When will the examination timetable be released?,Medium,2026-02-08,Helpdesk
Q00107,Aman Gupta,Mathematics, Technical ,I cannot upload my assignment due to a system error.,Low,2026-03-18,Portal
Q00081,Riya Khan,Computer Science,scholarship,,High,2026-08-09,Portal
Q01989,Manav Gupta,Electronics,,What is the process for applying for revaluation?,Low,2026-07-10,Helpdesk
Q01652,Ishaan Singh,Mathematics,,How can I pay my semester fee online?,Medium,2026-03-31,Email
Q00357,Harsh Joshi,Electronics,FEES,How can I pay my semester fee online?,Medium,2026-04-14,Portal
Q00195,Rohan Verma,Business Administration,examination,I am unable to see my examination result.,Medium,2026-01-12,Chat
Q02890,Varun Sharma,Electronics,HOSTEL,How can I apply for hostel accommodation?,Low,2026-03-07,Chat
Q02168,Priya Gupta,Civil,Tech,I am unable to access my student portal.,Medium,2026-05-25,Chat
Q01682,Karan Patel,Business Administration,Hostel,What is the process for changing my hostel room? Kindly provide guidance.,High,2026-08-25,Portal
Q01120,Rohan Mehta,Mathematics,TECHNICAL,,Medium,2026-04-24,Helpdesk
Q01956,Sneha Gupta,Electrical Engineering,Fee,How can I pay my semester fee online?,High,2026-07-06,Helpdesk
Q02807,Rohit Khan,Computer Science,fees,Can I download my fee payment receipt? Kindly provide guidance.,Low,2026-08-22,Portal
Q02570,Kavya Singh,Mechanical,Scholarship,When will the scholarship results be announced?,Medium,2026-06-14,Portal
Q02392,Ankit Das,Business Administration,SCHOLARSHIP,When will the scholarship results be announced?,Low,2026-07-11,Chat
Q04953,Manav Gupta,Mechanical,Scholarships,How can I apply for a student scholarship?,Medium,2026-04-23,Helpdesk
Q02772,Meera Verma,Mechanical,Fees,What is the last date for paying the semester fee?,Medium,2026-04-10,Email
Q02387,Nisha Singh,Biotechnology,TECHNICAL,My dashboard is not loading properly. Kindly provide guidance.,Low,2026-04-16,Portal
Q00943,Pooja Gupta,Information Technology,Admissions,When will the next admission merit list be published?,Medium,2026-04-21,Helpdesk
Q04701,Neha Gupta,Civil,FEES,What is the last date for paying the semester fee?,Medium,2026-07-20,Email
Q03717,Rahul Gupta,Biotechnology,Fees,Is installment payment available for tuition fees?,Medium,2026-05-27,Chat
Q00599,Neha Singh,Physics,SCHOLARSHIP,When will the scholarship results be announced?,Medium,2026-01-14,Email
Q02160,Tanvi Khan, Mathematics ,EXAMINATION,When will the examination timetable be released?,High,2026-05-22,Chat
Q00889,Rohit Das,Biotechnology,Exam,How can I download my hall ticket?,Low,2026-05-06,Portal
Q04156,Manav Sharma,Civil,Admissions,What documents are required for admission verification?,Medium,2026-02-07,Portal
Q05128,Aarav Khan,Computer Science, Examination ,When will the examination timetable be released?,Medium,2026-04-13,Email
Q04865,Divya Patel,Electrical Engineering, Fees ,What is the last date for paying the semester fee?,Medium,2026-06-06,Portal
Q02477,Aarav Khan,Business Administration,fees,My fee payment was deducted but is not showing in the portal.,Medium,2026-05-15,Chat
Q05058,Pooja Das,Physics,fees,,Low,2026-06-09,Helpdesk
Q03474,Vikram Kumar,Biotechnology, admissions ,i need help with the admission registration process.,Medium,2026-08-01,Helpdesk
Q02503,Meera Kumar,Biotechnology,ADMISSIONS,How can I check the status of my admission application?,Medium,2026-04-06,Email
Q01789,Arjun Kumar,Business Administration,Fee,Is installment payment available for tuition fees?,Medium,2026-04-26,Portal
Q02372,Neha Joshi,Biotechnology,SCHOLARSHIP,My scholarship application status is pending.,Medium,2026-01-30,Portal
Q02398,Nitin Singh,Physics,Admission,Please help. How can I check the status of my admission application?,Low,2026-07-20,Portal
Q01529,Isha Kumar,Civil, Scholarship ,What are the eligibility criteria for the scholarship?,Medium,2026-06-18,Helpdesk
Q01815,Aditi Joshi,Computer Science,Scholarship,Please help. When will the scholarship results be announced?,Medium,2026-07-29,Helpdesk
Q02923,Aarav Verma,Mechanical,FEES,My fee payment was deducted but is not showing in the portal.,High,2026-05-23,Chat
Q04876,Aditya Singh,Biotechnology, Scholarship ,What documents are required for scholarship verification?,Medium,2026-05-18,Helpdesk
Q00085,Vikram Gupta,Mathematics,Scholarship,What are the eligibility criteria for the scholarship? Kindly provide guidance.,Medium,2026-06-24,Helpdesk
Q02877,Nisha Gupta,Electrical Engineering,technical,My dashboard is not loading properly.,Medium,2026-07-07,Helpdesk
Q04964,Nitin Sharma,Information Technology,Technical,My dashboard is not loading properly.,Medium,2026-01-30,Helpdesk
Q03910,Varun Das,Electronics,hostel,Please help. I have a problem with my hostel room facilities.,High,2026-04-01,Portal
Q01731,Simran Verma,Physics,HOSTEL,When will the hostel allotment list be announced?,Low,2026-01-02,Helpdesk
Q01332,Sanjay Verma,Business Administration,hostel,What is the process for changing my hostel room?,Low,2026-03-03,Helpdesk
Q00589,Divya Gupta,Physics, Examination ,i am unable to see my examination result.,Low,2026-05-13,Email
Q02638,Neha Mehta,Electrical Engineering,Scholarships,What documents are required for scholarship verification?,Medium,2026-06-08,Helpdesk
Q03762,Divya Kumar,Physics,,When will the scholarship results be announced?,Low,2026-07-27,Chat
Q03119,Rohan Sharma,Business Administration, Technical ,i cannot upload my assignment due to a system error.,Low,2026-03-18,Chat
Q04577,Tanvi Singh,Electrical Engineering,technical,,Medium,2026-07-07,Chat
Q00585,Aarav Das,Electrical Engineering, Scholarship ,,Medium,2026-01-27,Chat
Q03028,Sneha Verma,Physics,FEES,What is the last date for paying the semester fee?,Low,2026-07-13,Chat
Q00804,Arjun Sharma,Mathematics,Examination,I am unable to see my examination result.,Medium,2026-03-16,Helpdesk
Q02886,Arjun Joshi,Biotechnology,FEES,Is installment payment available for tuition fees?,Low,2026-08-27,Chat
Q00487,Karan Patel,Biotechnology,Scholarships,What documents are required for scholarship verification?,Low,2026-05-27,Portal
Q02024,Nitin Verma,Mathematics, Fees ,What is the last date for paying the semester fee?,Medium,2026-01-29,Portal
Q03859,Divya Kumar,Electronics,,What documents are required for admission verification?,High,2026-01-27,Helpdesk
Q02924,Payal Das,Computer Science, admissions ,What documents are required for admission verification?,High,2026-05-28,Portal
Q03282,Rohit Singh,Mechanical, Hostel ,,Low,2026-08-25,Email
Q04174,Payal Verma,Computer Science, Technical ,my dashboard is not loading properly.,Medium,2026-06-29,Email
Q00628,Riya Singh,Physics, Fees ,Is installment payment available for tuition fees? Kindly provide guidance.,MEDIUM,2026-07-01,Chat
Q00846,Ishaan Das,Electronics,Admissions,What documents are required for admission verification?,Medium,2026-02-17,Portal
Q03085,Tanvi Das,Computer Science,Fees,Can I download my fee payment receipt?,Low,2026-05-16,Email
Q01608,Yash Joshi,Biotechnology,Exam,How can I download my hall ticket?,Medium,2026-01-13,Chat
Q02391,Aditi Patel,Electronics, Technical ,I forgot my portal password and cannot log in. Kindly provide guidance.,Medium,2026-07-05,Portal
Q01191,Neha Sharma,Mathematics,Examination,When will the examination timetable be released?,Low,2026-02-03,Portal
Q02498,Rohit Kumar,Biotechnology,technical,i am unable to access my student portal.,Medium,2026-02-26,Portal
Q02304,Priya Patel,Computer Science,SCHOLARSHIP,What documents are required for scholarship verification?,Medium,2026-08-06,Portal
Q03621,Priya Khan,Mathematics,Fees,what is the last date for paying the semester fee?,Medium,2026-06-28,Chat
Q04864,Bhavya Khan,Physics,Examinations,When will the examination timetable be released?,High,2026-04-12,Chat
Q04226,Aditi Verma,Civil,hostel,,Low,2026-04-06,Chat
Q03953,Manav Gupta,Mechanical,Fee,Please help. How can I pay my semester fee online?,High,2026-06-11,Chat
Q03548,Aditi Kumar,Information Technology,HOSTEL,I have a problem with my hostel room facilities.,Medium,2026-08-16,Chat
Q04287,Pooja Patel,Computer Science,Fee,Is installment payment available for tuition fees? Kindly provide guidance.,LOW,2026-08-10,Email
Q02651,Priya Mehta,Biotechnology,EXAMINATION,My exam centre details are not visible in the portal.,Medium,2026-05-12,Helpdesk
Q04670,Payal Das,Biotechnology, Technical ,My dashboard is not loading properly.,Medium,2026-02-03,Chat
Q01335,Isha Kumar,Electronics, Fees ,My fee payment was deducted but is not showing in the portal.,LOW,2026-08-03,Helpdesk
Q04254,Rohan Verma,Business Administration,ADMISSIONS,Can I change my selected programme after admission?,Medium,2026-05-07,Email
Q04387,Varun Khan,Mechanical,TECHNICAL,My dashboard is not loading properly.,Medium,2026-05-28,Helpdesk
Q03256,Ankit Verma,Mathematics,HOSTEL,I have a problem with my hostel room facilities.,medium,2026-07-08,Chat
Q04015,Rohit Joshi,Computer Science, Hostel ,How can I contact the hostel administration?,Low,2026-08-15,Chat
Q00230,Sneha Sharma,Electronics,Fees,My fee payment was deducted but is not showing in the portal.,Medium,2026-03-03,Portal
Q03484,Varun Khan,Computer Science,Scholarships,What documents are required for scholarship verification?,High,2026-05-10,Email
Q04213,Nisha Gupta,Mechanical,Accommodation,What is the process for changing my hostel room? Kindly provide guidance.,Low,2026-06-17,Chat
Q05041,Manav Joshi,Civil, Scholarship ,My scholarship application status is pending.,Medium,2026-06-09,Helpdesk
Q03946,Arjun Kumar,Business Administration,scholarship,How can I apply for a student scholarship?,High,2026-05-04,Email
Q04410,Sakshi Das,Civil, Hostel ,When will the hostel allotment list be announced?,High,2026-02-08,Chat
Q03897,Vikram Gupta,Information Technology, admissions ,How can I check the status of my admission application?,Medium,2026-05-24,Chat
Q04518,Sanjay Verma,Electronics,Examination,What is the process for applying for revaluation?,Medium,2026-01-12,Portal
Q03121,Ankit Khan,Mechanical,hostel,Please help. What is the process for changing my hostel room?,High,2026-07-18,Portal
Q04721,Tanvi Kumar,Civil,TECHNICAL,I forgot my portal password and cannot log in.,Medium,2026-08-20,Helpdesk
Q03927,Sakshi Mehta,Business Administration,Admission,How can I check the status of my admission application?,Medium,2026-06-05,Email
Q02429,Tanvi Verma,Biotechnology,FEES,Is installment payment available for tuition fees?,Low,2026-03-03,Helpdesk
Q00138,Simran Khan,Mathematics,Accommodation,What is the process for changing my hostel room?,Low,2026-03-08,Portal
Q02679,Varun Khan,Electronics, admissions ,I need help with the admission registration process.,Medium,2026-05-24,Portal
Q03434,Yash Khan,Electronics,FEES,Is installment payment available for tuition fees?,Low,2026-08-03,Portal
Q01677,Rohit Gupta,Electrical Engineering,fees,How can I pay my semester fee online?,Medium,2026-08-01,Chat
Q02836,Isha Gupta,Civil,ADMISSIONS,What documents are required for admission verification? Kindly provide guidance.,Medium,2026-07-07,Chat
Q02554,Ankit Patel,Electronics, Examination ,When will the examination timetable be released?,Medium,2026-02-02,Helpdesk
Q00325,Manav Patel,Electrical Engineering,ADMISSIONS,What documents are required for admission verification?,Medium,2026-07-12,Email
Q00861,Karan Patel,Mathematics,Hostel,what is the process for changing my hostel room?,Low,2026-06-15,Portal
Q00570,Ishaan Khan,Biotechnology,scholarship,How can I apply for a student scholarship?,MEDIUM,2026-04-11,Email
Q02009,Sakshi Gupta,Mathematics,Examinations,What is the process for applying for revaluation?,Low,2026-03-18,Portal
Q00999,Aditi Mehta,Civil,hostel,How can I apply for hostel accommodation?,Medium,2026-05-01,Portal
Q02294,Neha Das,Civil,Technical,The portal is showing an error while submitting my form.,Low,2026-06-28,Portal
Q00719,Harsh Patel,Biotechnology,HOSTEL,How can I contact the hostel administration?,High,2026-04-29,Helpdesk
Q04986,Kavya Kumar,Biotechnology,examination,Please help. What is the process for applying for revaluation?,Medium,2026-01-07,Email
Q01322,Shreya Mehta,Civil,Technical,I am unable to access my student portal.,Medium,2026-06-03,Email
Q04782,Priya Joshi,Physics,ADMISSIONS,How can I check the status of my admission application?,Low,2026-04-12,Portal
Q01195,Rahul Mehta,Electrical Engineering,Admission,What documents are required for admission verification?,Low,2026-05-28,Email
Q02479,Manav Das,Physics, Technical ,i cannot upload my assignment due to a system error.,high,2026-05-20,Chat
Q03086,Divya Patel,Mechanical,fees,Can I download my fee payment receipt?,High,2026-07-04,Email
Q04127,Manav Gupta,Biotechnology, Scholarship ,What documents are required for scholarship verification?,Low,2026-07-10,Helpdesk
Q04825,Riya Das,Physics,Admissions,Please help. What documents are required for admission verification?,High,2026-08-26,Chat
Q02306,Karan Joshi,Information Technology,Tech,The portal is showing an error while submitting my form.,Low,2026-02-19,Helpdesk
Q05166,Riya Verma,Civil,Tech,I am unable to access my student portal.,Medium,2026-01-24,Portal
Q00154,Pooja Verma,Electrical Engineering,fees,My fee payment was deducted but is not showing in the portal.,Low,2026-03-31,Portal
Q05034,Vikram Das,Mathematics,Scholarship,What are the eligibility criteria for the scholarship?,Medium,2026-05-05,Chat
Q04603,Manav Mehta,Computer Science,HOSTEL,How can I apply for hostel accommodation?,Low,2026-04-15,Portal
Q01270,Isha Singh,Business Administration,scholarship,Please help. What documents are required for scholarship verification?,Low,2026-04-07,Email
Q00635,Vikram Singh,Civil,fees,My fee payment was deducted but is not showing in the portal.,High,2026-04-23,Email
Q01182,Manav Sharma,Information Technology,Admission,I need help with the admission registration process.,Medium,2026-04-11,Portal
Q04971,Varun Kumar,Information Technology, Examination ,I am unable to see my examination result.,Low,2026-05-03,Portal
Q03661,Tanvi Singh,Biotechnology,FEES,Is installment payment available for tuition fees?,Medium,2026-04-26,Chat
Q01725,Shreya Patel,Biotechnology,,Can I download my fee payment receipt?,High,2026-05-06,Email
Q02122,Aditya Sharma,Electrical Engineering,Fees,What is the last date for paying the semester fee?,Low,2026-06-29,Helpdesk
Q00359,Ankit Sharma,Mechanical,Scholarship,Please help. What are the eligibility criteria for the scholarship?,High,2026-03-01,Chat
Q01295,Ananya Sharma,Biotechnology,,,Low,2026-06-01,Chat
Q02578,Rohit Mehta,Mechanical,,my exam centre details are not visible in the portal.,Low,2026-04-08,Chat
Q04609,Yash Mehta,Biotechnology,Admission,Can I change my selected programme after admission?,Low,2026-08-20,Chat
Q02782,Pooja Patel,Electrical Engineering,hostel,How can I contact the hostel administration? Kindly provide guidance.,Low,2026-03-12,Portal
Q01524,Aditi Joshi,Information Technology, Scholarship ,what documents are required for scholarship verification?,Low,2026-04-17,Email
Q00949,Aditi Kumar,Information Technology,Tech,I am unable to access my student portal.,Medium,2026-08-01,Helpdesk
Q02286,Rahul Gupta,Civil,Admission,What documents are required for admission verification? Kindly provide guidance.,High,2026-07-08,Chat
Q01531,Sneha Joshi,Physics, Technical ,I forgot my portal password and cannot log in.,Low,2026-05-01,Helpdesk
Q00333,Priya Mehta,Computer Science,SCHOLARSHIP,How can I apply for a student scholarship?,Medium,2026-02-06,Chat
Q04633,Aditi Joshi,Mathematics,Fees,is installment payment available for tuition fees?,High,2026-06-05,Chat
Q04819,Priya Khan,Computer Science,admissions,How can I check the status of my admission application?,Low,2026-04-26,Portal
Q03651,Aman Gupta,Biotechnology,Tech,I am unable to access my student portal.,High,2026-08-10,Chat
Q04008,Meera Mehta,Mathematics,FEES,Please help. Can I download my fee payment receipt?,Low,2026-07-22,Chat
Q02938,Vikram Joshi,Mathematics,Examination,My exam centre details are not visible in the portal.,High,2026-01-03,Chat
Q01868,Rohan Das,Information Technology,examination,,High,2026-06-18,Portal
Q00064,Nisha Gupta,Information Technology,ADMISSIONS,How can I check the status of my admission application?,Low,2026-05-04,Portal
Q00720,Tanvi Sharma,Information Technology,hostel,How can I apply for hostel accommodation?,High,2026-05-17,Portal
Q00334,Aditi Mehta,Information Technology,admissions,What documents are required for admission verification?,Low,2026-08-03,Email
Q02248,Sneha Das,Electrical Engineering, Hostel ,When will the hostel allotment list be announced?,Low,2026-08-18,Email
Q03427,Divya Sharma,Electrical Engineering,,When will the scholarship results be announced?,Low,2026-05-13,Email
Q01870,Varun Joshi,Mechanical,Fees,How can I pay my semester fee online?,Medium,2026-07-07,Chat
Q03494,Meera Patel,Information Technology,hostel,How can I contact the hostel administration?,Medium,2026-05-20,Portal
Q04835,Bhavya Verma,Information Technology,TECHNICAL,My dashboard is not loading properly.,Medium,2026-08-02,Portal
Q04508,Aditi Patel,Information Technology,Fees,What is the last date for paying the semester fee? Kindly provide guidance.,High,2026-05-30,Helpdesk
Q00032,Manav Patel,Biotechnology,Scholarships,What are the eligibility criteria for the scholarship?,High,2026-01-28,Portal
Q01606,Shreya Patel,Civil, Hostel ,What is the process for changing my hostel room?,Low,2026-04-06,Helpdesk
Q01733,Divya Gupta,Mathematics,hostel,When will the hostel allotment list be announced?,Medium,2026-03-07,Helpdesk
Q05106,Neha Patel,Electrical Engineering,Examinations,My exam centre details are not visible in the portal.,Low,2026-04-02,Portal
Q03750,Nisha Mehta,Biotechnology,admissions,How can I check the status of my admission application?,Medium,2026-08-02,Helpdesk
Q01381,Rahul Mehta,Information Technology,Tech,I am unable to access my student portal.,Medium,2026-05-02,Helpdesk
Q01077,Neha Joshi,Mathematics, Hostel ,I have a problem with my hostel room facilities.,Low,2026-06-08,Portal
Q00091,Arjun Verma,Electrical Engineering, Scholarship ,What documents are required for scholarship verification?,Low,2026-05-21,Portal
Q02001,Manav Khan,Mechanical,Admission,What documents are required for admission verification?,Medium,2026-01-26,Portal
Q02634,Ananya Joshi,Mathematics,Accommodation,I have a problem with my hostel room facilities.,Low,2026-02-05,Email
Q04383,Ananya Mehta,ComputerScience,FEES,Is installment payment available for tuition fees?,Medium,2026-02-19,Email
Q05110,Rohan Verma,Business Administration,technical,I forgot my portal password and cannot log in. Kindly provide guidance.,Medium,2026-07-08,Portal
Q03570,Shreya Joshi,Mathematics, Hostel ,Please help. What is the process for changing my hostel room?,Medium,2026-04-23,Email
Q03063,Aditi Gupta,Computer Science,Fee,Please help. My fee payment was deducted but is not showing in the portal.,Medium,2026-07-18,Email
Q03328,Bhavya Gupta,Physics, Hostel ,What is the process for changing my hostel room?,High,2026-07-24,Email
Q00143,Yash Khan,Biotechnology, Examination ,My exam centre details are not visible in the portal.,Medium,2026-05-24,Email
Q00573,Sanjay Gupta,Computer Science,Exam,What is the process for applying for revaluation? Kindly provide guidance.,Medium,2026-07-30,Helpdesk
Q00988,Aarav Mehta,Information Technology,Hostel,How can I contact the hostel administration?,Low,2026-02-18,Portal
Q00614,Rohan Verma,Mathematics, Fees ,can i download my fee payment receipt?,Medium,2026-05-25,Chat
Q03409,Rohit Mehta,Mathematics,FEES,Is installment payment available for tuition fees?,Low,2026-07-25,Chat
Q01962,Harsh Das,Mathematics,HOSTEL,How can I contact the hostel administration?,Medium,2026-02-01,Helpdesk
Q03339,Neha Gupta,Civil,FEES,Is installment payment available for tuition fees?,Medium,2026-03-04,Portal
Q02762,Manav Khan,Biotechnology,Scholarships,How can I apply for a student scholarship? Kindly provide guidance.,Low,2026-04-22,Portal
Q00636,Rohit Kumar,Business Administration,technical,i am unable to access my student portal.,Medium,2026-01-15,Helpdesk
Q00350,Simran Patel,Business Administration,Exam,What is the process for applying for revaluation?,High,2026-02-07,Helpdesk
Q02172,Ankit Singh,Civil,fees,My fee payment was deducted but is not showing in the portal.,Low,2026-05-13,Chat
Q02887,Neha Patel,Electronics,Tech,The portal is showing an error while submitting my form.,Medium,2026-05-10,Chat
Q02632,Tanvi Sharma,Civil,examination,Please help. I am unable to see my examination result.,Medium,2026-01-11,Email
Q00349,Neha Joshi,Electronics,technical,,High,2026-02-18,Email
Q05200,Tanvi Das,Mathematics,scholarship,Please help. My scholarship application status is pending.,Medium,2026-05-17,Portal
Q00279,Isha Patel,Physics,Technical,I am unable to access my student portal.,Medium,2026-05-15,Chat
Q03562,Divya Mehta,Biotechnology, Scholarship ,How can I apply for a student scholarship?,High,2026-08-10,Helpdesk
Q03380,Aarav Verma,Mechanical, Examination ,Please help. My exam centre details are not visible in the portal.,Low,2026-06-15,Helpdesk
Q03100,Arjun Joshi,Mathematics,Technical,I am unable to access my student portal.,Medium,2026-05-28,Email
Q05149,Sanjay Singh,Electrical Engineering, Hostel ,how can i apply for hostel accommodation?,Medium,2026-05-25,Email
Q01282,Varun Mehta,Mathematics,technical,I forgot my portal password and cannot log in.,Medium,2026-01-11,Portal
Q01841,Aman Joshi,Physics,Fees,What is the last date for paying the semester fee?,Low,2026-07-18,Portal
Q00426,Shreya Khan,Civil,EXAMINATION,My exam centre details are not visible in the portal.,Medium,2026-06-23,Portal
Q04905,Manav Das,Electrical Engineering,Examination,My exam centre details are not visible in the portal.,Low,2026-06-03,Chat
Q04959,Rohan Khan,Physics,Admissions,,Medium,2026-07-16,Helpdesk
Q02728,Yash Mehta,Electrical Engineering,Technical,,Medium,2026-07-31,Portal
Q01000,Rohit Patel,Electronics,SCHOLARSHIP,What are the eligibility criteria for the scholarship? Kindly provide guidance.,Low,2026-04-17,Portal
Q00328,Rahul Khan,Electrical Engineering,Hostel,I have a problem with my hostel room facilities.,Medium,2026-01-12,Chat
Q04357,Kavya Khan,Computer Science,Examination,When will the examination timetable be released?,Medium,2026-05-23,Helpdesk
Q01180,Bhavya Singh,Business Administration,Tech,The portal is showing an error while submitting my form.,Low,2026-03-07,Portal
Q00840,Shreya Gupta,Computer Science,admissions,When will the next admission merit list be published?,Low,2026-01-06,Helpdesk
Q05108,Aditya Gupta,Information Technology,SCHOLARSHIP,When will the scholarship results be announced?,Medium,2026-08-26,Chat
Q04075,Aditi Sharma,Civil, Hostel ,How can I apply for hostel accommodation?,Low,2026-01-03,Chat
Q01326,Isha Gupta,Mathematics,FEES,Please help. My fee payment was deducted but is not showing in the portal.,Medium,2026-01-23,Email
Q03734,Vikram Singh,Biotechnology,SCHOLARSHIP,What documents are required for scholarship verification?,Medium,2026-08-26,Chat
Q04881,Ananya Das,Mechanical, Technical ,I cannot upload my assignment due to a system error.,Medium,2026-06-09,Helpdesk
Q04242,Ishaan Das,Computer Science,Tech,I forgot my portal password and cannot log in.,Medium,2026-08-25,Helpdesk
Q03104,Nitin Khan,Electrical Engineering,Technical,i cannot upload my assignment due to a system error.,Medium,2026-03-26,Email
Q05028,Karan Mehta,Physics, Technical ,Please help. I forgot my portal password and cannot log in.,Medium,2026-03-10,Portal
Q03492,Simran Kumar,Civil,fees,What is the last date for paying the semester fee? Kindly provide guidance.,Low,2026-07-30,Portal
Q01626,Rahul Verma,Electronics,Hostel,How can I apply for hostel accommodation?,Medium,2026-03-16,Helpdesk
Q03629,Tanvi Das,Computer Science,fees,How can I pay my semester fee online? Kindly provide guidance.,Low,2026-02-14,Email
Q00772,Yash Singh,Mechanical,Admissions,When will the next admission merit list be published?,Medium,2026-01-10,Helpdesk
Q04921,Rahul Kumar,Information Technology,EXAMINATION,I am unable to see my examination result.,Low,2026-04-06,Portal
Q00254,Ananya Sharma,Information Technology, Scholarship ,Please help. What documents are required for scholarship verification?,High,2026-08-26,Helpdesk
Q03675,Aditya Verma,Civil,Fees,How can I pay my semester fee online?,Medium,2026-04-15,Email
Q05181,Aditya Sharma,Information Technology,EXAMINATION,What is the process for applying for revaluation?,Low,2026-08-25,Email
Q02425,Nitin Gupta,civil,Examination,,Low,2026-02-23,Portal
Q02251,Pooja Verma,Electronics,scholarship,What are the eligibility criteria for the scholarship? Kindly provide guidance.,High,2026-06-12,Portal
Q02759,Aman Patel,Electrical Engineering, Scholarship ,My scholarship application status is pending.,Medium,2026-08-28,Chat
Q02212,Arjun Verma,Electrical Engineering,HOSTEL,What is the process for changing my hostel room?,Low,2026-07-23,Email
Q04510,Nisha Sharma,Electrical Engineering,Examination,When will the examination timetable be released? Kindly provide guidance.,High,2026-06-25,Email
Q01653,Priya Sharma,Electrical Engineering, Hostel ,How can I apply for hostel accommodation?,Low,2026-06-20,Helpdesk
Q01640,Nitin Das,Information Technology,Scholarships,,High ,2026-06-06,Chat
Q03321,Ankit Gupta,Electronics,hostel,I have a problem with my hostel room facilities.,High ,2026-04-22,Portal
Q02434,Simran Das,Business Administration,Admissions,How can I check the status of my admission application?,Medium,2026-08-15,Email
Q01881,Sanjay Das,Electronics,technical,I forgot my portal password and cannot log in.,Low,2026-05-24,Helpdesk
Q00843,Payal Singh,Civil,Admission,How can I check the status of my admission application?,High,2026-01-23,Helpdesk
Q03345,Vikram Sharma,Mathematics,Hostel,When will the hostel allotment list be announced?,Low,2026-05-31,Portal
Q04523,Varun Verma,Physics,Accommodation,When will the hostel allotment list be announced?,Medium,2026-06-22,Email
Q00866,Neha Kumar,Mechanical,examination,,Medium,2026-06-16,Chat
Q03288,Aman Gupta,Physics, Scholarship ,When will the scholarship results be announced?,Low,2026-02-24,Chat
Q04042,Harsh Kumar,Electrical Engineering,Admission,I need help with the admission registration process.,Medium,2026-08-03,Helpdesk
Q00779,Aditi Mehta,Mathematics, Technical ,i cannot upload my assignment due to a system error.,Medium,2026-06-04,Helpdesk
Q02773,Kavya Mehta,Computer Science,SCHOLARSHIP,When will the scholarship results be announced?,Low,2026-07-21,Helpdesk
Q00907,Aditya Das,Computer Science,HOSTEL,I have a problem with my hostel room facilities.,High,2026-02-07,Email
Q02240,Sanjay Mehta,Business Administration,Fees,Please help. How can I pay my semester fee online?,Medium,2026-04-01,Portal
Q00605,Ishaan Das,Electrical Engineering,TECHNICAL,I forgot my portal password and cannot log in.,High,2026-08-29,Chat
Q03250,Pooja Mehta,Mathematics,Fees,Please help. What is the last date for paying the semester fee?,Medium,2026-01-29,Email
Q00919,Rohan Mehta,Civil,fees,Can I download my fee payment receipt?,Medium,2026-04-11,Portal
Q04362,Tanvi Kumar,Electronics,Fees,Can I download my fee payment receipt?,Low,2026-08-02,Email
Q02277,Pooja Patel,Business Administration,Examination,I am unable to see my examination result.,Low,2026-02-27,Helpdesk
Q01240,Aarav Kumar,Physics,Fees,Can I download my fee payment receipt?,Medium,2026-02-22,Chat
Q00957,Harsh Gupta,Physics, Scholarship ,How can I apply for a student scholarship?,High,2026-03-05,Chat
Q03024,Varun Das,Biotechnology,Accommodation,i have a problem with my hostel room facilities.,Low,2026-04-10,Email
Q00701,Ankit Mehta,Mechanical,Technical,The portal is showing an error while submitting my form. Kindly provide guidance.,Medium,2026-02-04,Helpdesk
Q05043,Bhavya Gupta,Electrical Engineering,FEES,Is installment payment available for tuition fees?,Low,2026-05-18,Helpdesk
Q00873,Aditi Singh,Biotechnology, Examination ,My exam centre details are not visible in the portal.,Low,2026-08-16,Chat
Q03299,Ankit Verma,Electronics,Exam,How can I download my hall ticket?,Medium,2026-01-26,Email
Q05175,Sanjay Sharma,Civil,fees,Please help. Is installment payment available for tuition fees?,High,2026-04-19,Helpdesk
Q01269,Pooja Das,Biotechnology,HOSTEL,How can I contact the hostel administration?,High,2026-02-20,Email
Q03811,Varun Mehta,Information Technology,scholarship,What are the eligibility criteria for the scholarship?,Medium,2026-04-14,Chat
Q02062,Isha Singh,Information Technology,Technical,My dashboard is not loading properly.,High,2026-01-23,Helpdesk
Q00246,Nisha Mehta,Mechanical,FEES,what is the last date for paying the semester fee?,Medium,2026-04-02,Email
Q00093,Yash Khan,Civil,ADMISSIONS,I need help with the admission registration process.,Medium,2026-04-09,Helpdesk
Q03558,Tanvi Khan,Biotechnology,FEES,What is the last date for paying the semester fee?,High,2026-01-28,Email
Q02066,Aditya Sharma, Computer Science ,scholarship,What are the eligibility criteria for the scholarship?,High,2026-03-10,Email
Q01693,Kavya Patel,ELECTRICAL ENGINEERING,Exam,I am unable to see my examination result.,High,2026-08-27,Helpdesk
Q02885,Riya Kumar,Civil,Exam,What is the process for applying for revaluation?,Medium,2026-01-17,Helpdesk
Q03514,Divya Singh,Business Administration,Examinations,I am unable to see my examination result. Kindly provide guidance.,Medium,2026-08-07,Helpdesk
Q01453,Kavya Mehta,Business Administration,Examinations,How can I download my hall ticket?,High,2026-02-28,Chat
Q00178,Sneha Joshi,Mechanical,Admission,I need help with the admission registration process.,High,2026-05-28,Helpdesk
Q01796,Ananya Kumar,Electrical Engineering, Hostel ,What is the process for changing my hostel room? Kindly provide guidance.,Medium,2026-07-23,Helpdesk
Q01760,Priya Mehta,Civil, Examination ,when will the examination timetable be released?,High,2026-01-10,Chat
Q02162,Sakshi Singh,Business Administration,Accommodation,what is the process for changing my hostel room?,Low,2026-05-14,Helpdesk
Q00440,Rahul Singh,Electrical Engineering, Technical ,My dashboard is not loading properly.,High,2026-05-23,Portal
Q03893,Aditi Kumar,Mathematics,Hostel,How can I apply for hostel accommodation?,Low,2026-08-27,Chat
Q04332,Rohit Mehta,Physics,Scholarship,My scholarship application status is pending.,Medium,2026-06-03,Email
Q04466,Meera Verma,Physics,Fee,Is installment payment available for tuition fees?,Medium,2026-07-09,Helpdesk
Q03030,Aditya Mehta,Electronics,ADMISSIONS,When will the next admission merit list be published? Kindly provide guidance.,medium,2026-04-21,Helpdesk
Q05152,Ankit Verma,Electrical Engineering,Technical,My dashboard is not loading properly.,low,2026-04-11,Email
Q00050,Rohit Mehta,Physics, admissions ,What documents are required for admission verification?,Medium,2026-03-06,Chat
Q00539,Ishaan Verma,Mathematics,Scholarships,What documents are required for scholarship verification? Kindly provide guidance.,Medium,2026-07-31,Helpdesk
Q02784,Yash Das,Civil,TECHNICAL,The portal is showing an error while submitting my form.,Medium,2026-03-02,Chat
Q04173,Rahul Patel,Electrical Engineering,admissions,When will the next admission merit list be published?,High,2026-01-30,Email
Q00057,Sanjay Das,Civil,examination,How can I download my hall ticket?,High,2026-08-09,Email
Q04138,Yash Joshi,Electronics, Hostel ,how can i contact the hostel administration?,Low,2026-03-02,Helpdesk
Q04444,Aman Singh,Civil, Scholarship ,my scholarship application status is pending.,High,2026-01-15,Chat
Q00001,Aarav Gupta,Biotechnology,ADMISSIONS,I need help with the admission registration process.,High,2026-07-18,Helpdesk
Q02806,Payal Sharma,Electronics,ADMISSIONS,When will the next admission merit list be published?,Low,2026-01-23,Email
Q03598,Harsh Singh,Computer Science, Technical ,I am unable to access my student portal.,High,2026-08-05,Portal
Q00132,Isha Verma,Mechanical,,What are the eligibility criteria for the scholarship?,High,2026-07-03,Helpdesk
Q03862,Divya Das,Mathematics,TECHNICAL,The portal is showing an error while submitting my form.,Medium,2026-05-09,Chat
Q02328,Aman Verma,Information Technology,scholarship,When will the scholarship results be announced?,High,2026-01-25,Helpdesk
Q05198,Arjun Sharma,Mathematics, admissions ,How can I check the status of my admission application?,Medium,2026-02-07,Helpdesk
Q03191,Kavya Gupta,Biotechnology,EXAMINATION,my exam centre details are not visible in the portal.,High,2026-08-18,Portal
Q00584,Meera Singh,Mechanical,examination,i am unable to see my examination result.,High,2026-07-14,Chat
Q02608,Divya Verma,Electrical Engineering, Hostel ,How can I contact the hostel administration?,Medium,2026-05-04,Email
Q02224,Aditi Singh,Biotechnology, admissions ,How can I check the status of my admission application?,High,2026-04-03,Portal
Q01253,Ishaan Kumar,Biotechnology,Tech,I forgot my portal password and cannot log in. Kindly provide guidance.,Medium,2026-08-28,Helpdesk
Q04887,Meera Patel,Information Technology,admissions,What documents are required for admission verification?,Medium,2026-06-29,Chat
Q02932,Sneha Joshi,Electrical Engineering, admissions ,Can I change my selected programme after admission?,Medium,2026-01-06,Chat
Q04257,Sakshi Joshi,Computer Science,scholarship,,Low,2026-08-28,Email
Q00837,Pooja Gupta,Business Administration,HOSTEL,How can I apply for hostel accommodation?,Medium,2026-06-15,Helpdesk
Q00511,Varun Sharma,Mechanical,Examination,How can I download my hall ticket?,Medium,2026-08-11,Chat
Q03599,Aarav Khan,Physics,fees,My fee payment was deducted but is not showing in the portal.,High,2026-07-12,Chat
Q04674,Nisha Singh,Mathematics, Fees ,What is the last date for paying the semester fee?,Medium,2026-06-18,Chat
Q03577,Sanjay Patel,Mechanical,EXAMINATION,What is the process for applying for revaluation?,Medium,2026-06-18,Email
Q03142,Shreya Gupta,Biotechnology,hostel,When will the hostel allotment list be announced?,Low,2026-05-09,Chat
Q00661,Vikram Sharma,Civil,Scholarships,When will the scholarship results be announced? Kindly provide guidance.,Low,2026-03-21,Helpdesk
Q04568,Aman Sharma,Computer Science,Examinations,I am unable to see my examination result.,Low,2026-01-28,Chat
Q05160,Rahul Das,Business Administration,Examination,I am unable to see my examination result.,Low,2026-07-01,Helpdesk
Q04730,Varun Singh,Electrical Engineering, Scholarship ,what are the eligibility criteria for the scholarship?,Medium,2026-07-25,Helpdesk
Q01516,Rohit Sharma,Information Technology,scholarship,What documents are required for scholarship verification?,Low,2026-05-27,Email
Q01016,Yash Kumar,Information Technology,Fee,What is the last date for paying the semester fee?,Medium,2026-01-08,Chat
Q02400,Karan Verma,Electronics,Fee,Can I download my fee payment receipt?,Medium,2026-01-06,Email
Q03111,Isha Sharma,Information Technology,fees,My fee payment was deducted but is not showing in the portal.,Medium,2026-03-24,Email
Q01022,Sakshi Kumar,Mechanical,Fee,Please help. How can I pay my semester fee online?,Medium,2026-02-09,Chat
Q03678,Sakshi Gupta,Computer Science,hostel,When will the hostel allotment list be announced?,High,2026-07-25,Chat
Q01644,Neha Joshi,Mathematics,FEES,What is the last date for paying the semester fee?,High,2026-03-05,Helpdesk
Q00905,Bhavya Sharma,Electrical Engineering,Examinations,My exam centre details are not visible in the portal.,Low,2026-08-12,Email
Q00560,Varun Mehta,Mechanical, Scholarship ,What are the eligibility criteria for the scholarship?,Medium,2026-03-07,Email
Q00756,Sneha Kumar,Business Administration,TECHNICAL,My dashboard is not loading properly.,Medium,2026-04-20,Portal
Q01029,Aditya Kumar,Electrical Engineering,fees,How can I pay my semester fee online?,Medium,2026-05-02,Portal
Q05025,Priya Das,Physics, Technical ,The portal is showing an error while submitting my form.,Medium,2026-02-07,Chat
Q02984,Bhavya Das,Mathematics,TECHNICAL,My dashboard is not loading properly.,Medium,2026-08-15,Helpdesk
Q01479,Priya Mehta,Civil,EXAMINATION,I am unable to see my examination result.,Medium,2026-05-18,Chat
Q00582,Ishaan Khan,Mathematics,Accommodation,I have a problem with my hostel room facilities.,Low,2026-05-22,Chat
Q01984,Simran Mehta,Electrical Engineering,Exam,i am unable to see my examination result.,Medium,2026-08-31,Chat
Q04883,Divya Khan,Electrical Engineering, Technical ,I cannot upload my assignment due to a system error.,High,2026-07-10,Email
Q00864,Rohit Mehta,Physics, Hostel ,When will the hostel allotment list be announced?,High,2026-03-05,Chat
Q02842,Arjun Khan,Electronics,Admissions,How can I check the status of my admission application?,medium,2026-05-22,Email
Q01670,Harsh Mehta,Information Technology,SCHOLARSHIP,Please help. When will the scholarship results be announced?,Medium,2026-05-26,Email
Q01582,Rohan Sharma,Electronics,EXAMINATION,What is the process for applying for revaluation?,Low,2026-05-09,Helpdesk
Q01025,Aman Verma,Physics,FEES,How can I pay my semester fee online?,Low,2026-05-13,Chat
Q01517,Bhavya Joshi,Electrical Engineering,Exam,How can I download my hall ticket?,Medium,2026-03-08,Portal
Q01539,Nitin Verma,Civil,scholarship,when will the scholarship results be announced?,High,2026-01-11,Chat
Q03225,Shreya Mehta,Business Administration,hostel,Please help. How can I apply for hostel accommodation?,Medium,2026-03-24,Chat
Q00633,Rohan Mehta,Physics,HOSTEL,I have a problem with my hostel room facilities. Kindly provide guidance.,Medium,2026-07-24,Email
Q03733,Harsh Sharma,Civil,technical,i am unable to access my student portal.,Low,2026-05-27,Chat
Q01962,Harsh Das,Mathematics,HOSTEL,How can I contact the hostel administration?,Medium,2026-02-01,Helpdesk
Q00656,Harsh Singh,Civil, Examination ,i am unable to see my examination result.,High,2026-03-03,Portal
Q00442,Karan Das,Information Technology,scholarship,What are the eligibility criteria for the scholarship?,High,2026-07-04,Helpdesk
Q03136,Rahul Kumar,Electrical Engineering, Scholarship ,When will the scholarship results be announced?,Medium,2026-05-21,Helpdesk
Q01186,Priya Gupta,Information Technology,examination,,Medium,2026-01-06,Helpdesk
Q02316,Nisha Das,Electrical Engineering,admissions,When will the next admission merit list be published?,Medium,2026-02-12,Portal
Q04693,Aarav Das,ElectricalEngineering,fees,What is the last date for paying the semester fee?,Medium,2026-04-11,Helpdesk
Q04841,Sanjay Khan,Biotechnology,scholarship,What documents are required for scholarship verification?,Medium,2026-04-19,Chat
Q02682,Shreya Khan,Mathematics,TECHNICAL,I forgot my portal password and cannot log in.,MEDIUM,2026-06-23,Email
Q02685,Bhavya Das,Business Administration,TECHNICAL,The portal is showing an error while submitting my form.,High,2026-05-13,Chat
Q02969,Varun Kumar,Electrical Engineering,Tech,I forgot my portal password and cannot log in.,Medium,2026-05-30,Portal
Q02940,Shreya Gupta,Electronics,TECHNICAL,The portal is showing an error while submitting my form.,Medium,2026-05-26,Email
Q03837,Meera Khan,Mechanical,Exam,What is the process for applying for revaluation?,Low,2026-01-28,Chat
Q00432,Ankit Patel,Computer Science,ADMISSIONS,How can I check the status of my admission application?,Medium,2026-08-02,Helpdesk
Q03527,Sneha Verma,Physics, Examination ,I am unable to see my examination result.,Medium,2026-01-29,Chat
Q03787,Aarav Patel, Mechanical ,Fee,My fee payment was deducted but is not showing in the portal.,Low,2026-06-19,Helpdesk
Q01889,Payal Mehta,Biotechnology,SCHOLARSHIP,How can I apply for a student scholarship?,High,2026-03-22,Portal
Q04078,Rahul Mehta,Electrical Engineering,Scholarships,What are the eligibility criteria for the scholarship? Kindly provide guidance.,Medium,2026-01-20,Email
Q00040,Aditi Gupta,Information Technology,examination,How can I download my hall ticket?,Low,2026-08-16,Email
Q04524,Aditi Sharma,Mathematics,Hostel,I have a problem with my hostel room facilities.,High,2026-06-21,Chat
Q04368,Yash Khan,Physics,hostel,When will the hostel allotment list be announced?,Medium,2026-07-22,Portal
Q04944,Nitin Verma,Information Technology,HOSTEL,I have a problem with my hostel room facilities.,Medium,2026-03-28,Chat
Q02110,Rohan Joshi,Mechanical, Scholarship ,How can I apply for a student scholarship?,Medium,2026-01-31,Email
Q02341,Rahul Joshi,Mechanical,Scholarships,When will the scholarship results be announced? Kindly provide guidance.,High,2026-02-27,Email
Q02427,Aditi Joshi,Civil,SCHOLARSHIP,My scholarship application status is pending.,low,2026-03-11,Helpdesk
Q01604,Payal Das,Business Administration,Technical,Please help. I forgot my portal password and cannot log in.,High,2026-02-01,Helpdesk
Q05122,Bhavya Singh,Electronics, Examination ,When will the examination timetable be released?,High,2026-07-31,Helpdesk
Q00800,Rohan Kumar,Physics,TECHNICAL,I am unable to access my student portal.,Medium,2026-04-24,Helpdesk
Q01773,Priya Mehta,Computer Science,Exam,My exam centre details are not visible in the portal.,Medium,2026-01-28,Portal
Q00946,Payal Kumar,Biotechnology,Examination,My exam centre details are not visible in the portal.,Low,2026-06-08,Chat
Q00078,Neha Joshi,Biotechnology, Scholarship ,How can I apply for a student scholarship?,Medium,2026-03-28,Portal
Q02735,Varun Patel,Civil,FEES,Please help. Can I download my fee payment receipt?,Low,2026-03-16,Helpdesk
Q02972,Karan Mehta,Civil,Admissions,I need help with the admission registration process.,Medium,2026-04-06,Helpdesk
Q04450,Yash Patel,Mechanical,Exam,What is the process for applying for revaluation?,Medium,2026-06-17,Portal
Q02171,Varun Singh,Information Technology,TECHNICAL,I cannot upload my assignment due to a system error.,Low,2026-04-04,Chat
Q05008,Sanjay Khan,Civil,Accommodation,When will the hostel allotment list be announced?,High,2026-01-28,Chat
Q00964,Ishaan Joshi,Electronics,Hostel,What is the process for changing my hostel room?,Medium,2026-08-10,Helpdesk
Q00531,Vikram Patel,Electrical Engineering,Admissions,when will the next admission merit list be published?,Medium,2026-04-16,Helpdesk
Q03581,Ananya Kumar,Information Technology,FEES,How can I pay my semester fee online? Kindly provide guidance.,High,2026-05-18,Helpdesk
Q01104,Yash Joshi,Mechanical,Hostel,I have a problem with my hostel room facilities.,High,2026-02-03,Portal
Q03093,Nitin Sharma,Information Technology,HOSTEL,When will the hostel allotment list be announced?,High,2026-07-24,Portal
Q01385,Tanvi Das,Mathematics, Examination ,I am unable to see my examination result.,Medium,2026-07-24,Helpdesk
Q00578,Sneha Sharma,Business Administration,Scholarships,What documents are required for scholarship verification?,Low,2026-03-12,Email
Q02221,Bhavya Joshi,Business Administration,Admissions,what documents are required for admission verification?,medium,2026-07-01,Email
Q00459,Ishaan Verma,Electronics,Scholarship,,Medium,2026-01-15,Portal
Q02207,Nisha Verma,Electrical Engineering,HOSTEL,How can I contact the hostel administration? Kindly provide guidance.,Low,2026-06-28,Helpdesk
Q03004,Yash Khan,Civil,Fee,What is the last date for paying the semester fee?,High,2026-02-25,Portal
Q05048,Ananya Kumar,Physics,Fee,how can i pay my semester fee online?,Low,2026-04-15,Portal
Q01974,Riya Joshi,Physics,technical,I cannot upload my assignment due to a system error. Kindly provide guidance.,High,2026-02-24,Chat
Q01469,Rohan Verma,Business Administration,admissions,Please help. How can I check the status of my admission application?,Medium,2026-04-25,Chat
Q03383,Harsh Patel,Mathematics,Technical,I cannot upload my assignment due to a system error.,Medium,2026-05-02,Chat
Q00718,Neha Sharma,Mechanical, Technical ,i am unable to access my student portal.,Medium,2026-07-29,Chat
Q00005,Sanjay Gupta,Mechanical,FEES,Is installment payment available for tuition fees?,Medium,2026-07-03,Chat
Q04528,Arjun Khan,Civil,hostel,When will the hostel allotment list be announced?,High,2026-04-11,Portal
Q00390,Ananya Khan,Mechanical, Examination ,How can I download my hall ticket?,Low,2026-04-25,Chat
Q00688,Isha Das,Biotechnology,,When will the examination timetable be released?,Medium,2026-08-18,Helpdesk
Q04757,Pooja Khan,Electrical Engineering,Admission,How can I check the status of my admission application?,High,2026-06-13,Portal
Q00911,Aditya Joshi,Physics, admissions ,Can I change my selected programme after admission?,Medium,2026-03-17,Helpdesk
Q03849,Meera Verma,Civil,hostel,What is the process for changing my hostel room?,Medium,2026-01-22,Portal
Q01481,Kavya Verma,Mathematics,,how can i apply for a student scholarship?,Medium,2026-04-18,Email
Q01076,Nisha Das,Mathematics,FEES,Please help. What is the last date for paying the semester fee?,High,2026-02-21,Chat
Q04370,Ishaan Gupta,Electronics,ADMISSIONS,I need help with the admission registration process.,Medium,2026-04-23,Email
Q05001,Priya Joshi,Mathematics,Scholarship,When will the scholarship results be announced?,Medium,2026-07-03,Helpdesk
Q01860,Aman Joshi,Mechanical,fees,How can I pay my semester fee online?,High,2026-08-20,Chat
Q03117,Nitin Mehta,Information Technology,admissions,How can I check the status of my admission application?,Low,2026-01-19,Chat
Q03442,Bhavya Singh,Electronics,Scholarship,My scholarship application status is pending.,Medium,2026-01-05,Portal
Q03969,Kavya Verma,Civil,Admission,,Medium,2026-02-21,Chat
Q01196,Aditya Patel,Biotechnology,examination,How can I download my hall ticket?,Medium,2026-02-02,Chat
Q00360,Kavya Verma,Electronics,Fee,What is the last date for paying the semester fee? Kindly provide guidance.,High,2026-07-26,Helpdesk
Q03501,Aditya Patel,Business Administration,Accommodation,what is the process for changing my hostel room?,Low,2026-01-31,Email
Q02931,Vikram Khan,Biotechnology, Examination ,When will the examination timetable be released? Kindly provide guidance.,High,2026-04-07,Portal
Q02464,Payal Sharma,Information Technology, Scholarship ,How can I apply for a student scholarship?,Medium,2026-02-28,Helpdesk
Q04545,Vikram Kumar,Information Technology,technical,Please help. The portal is showing an error while submitting my form.,Medium,2026-08-09,Email
Q02734,Harsh Patel,Mechanical,Examinations,My exam centre details are not visible in the portal.,Medium,2026-08-20,Portal
Q02937,Simran Kumar,Physics,FEES,my fee payment was deducted but is not showing in the portal.,MEDIUM,2026-03-15,Portal
Q00780,Sanjay Mehta,Mathematics, Examination ,I am unable to see my examination result.,Low,2026-02-06,Chat
Q03315,Sanjay Kumar,Computer Science,EXAMINATION,How can I download my hall ticket?,High,2026-06-20,Portal
Q00607,Arjun Kumar,Civil, Hostel ,What is the process for changing my hostel room?,Low,2026-05-28,Chat
Q02862,Shreya Das,Computer Science,Scholarship,My scholarship application status is pending.,Medium,2026-04-29,Portal
Q03990,Tanvi Kumar,ELECTRICAL ENGINEERING,Technical,,LOW,2026-08-04,Portal
Q02203,Sanjay Sharma,civil,Scholarship,What are the eligibility criteria for the scholarship?,Medium,2026-04-24,Email
Q01966,Nitin Das,Information Technology,hostel,,Low,2026-01-20,Email
Q03134,Meera Gupta,Electrical Engineering,Scholarships,Please help. How can I apply for a student scholarship?,Medium,2026-01-03,Portal
Q01774,Aditya Mehta,Information Technology,Examinations,How can I download my hall ticket?,High,2026-02-28,Helpdesk
Q04667,Sakshi Verma,Electronics,Exam,How can I download my hall ticket?,Medium,2026-05-03,Helpdesk
Q01360,Shreya Joshi,Physics,Technical,My dashboard is not loading properly.,Medium,2026-02-22,Helpdesk
Q02465,Sneha Joshi,Information Technology,TECHNICAL,The portal is showing an error while submitting my form.,High,2026-05-29,Email
Q00977,Divya Verma,Computer Science, Scholarship ,What documents are required for scholarship verification?,Medium,2026-02-16,Helpdesk
Q03652,Rahul Gupta,Mathematics,Scholarship,When will the scholarship results be announced?,High ,2026-03-28,Email
Q04849,Simran Verma,Computer Science, Hostel ,What is the process for changing my hostel room?,Low,2026-01-19,Helpdesk
Q03622,Aditi Khan,Electrical Engineering,Fee,,Low,2026-05-08,Helpdesk
Q00593,Kavya Mehta,Computer Science,Exam,How can I download my hall ticket?,Medium,2026-01-24,Helpdesk
Q03691,Yash Singh,Electrical Engineering,TECHNICAL,I forgot my portal password and cannot log in.,High,2026-03-19,Portal
Q00769,Isha Patel,Mathematics,EXAMINATION,How can I download my hall ticket?,High ,2026-08-05,Chat
Q04235,Aarav Kumar,Information Technology, Scholarship ,How can I apply for a student scholarship?,High,2026-03-15,Chat
Q01084,Payal Khan,Mechanical,,My scholarship application status is pending.,Low,2026-07-19,Chat
Q03401,Ankit Das,Information Technology, Hostel ,When will the hostel allotment list be announced?,Medium,2026-01-28,Chat
Q01714,Pooja Kumar,Mathematics,Accommodation,what is the process for changing my hostel room?,Medium,2026-07-01,Portal
Q04657,Rahul Das,Civil,fees,Can I download my fee payment receipt?,High,2026-05-12,Email
Q00337,Sneha Patel,Electronics,Admission,When will the next admission merit list be published?,Medium,2026-08-18,Email
Q03327,Riya Sharma,Electronics,fees,What is the last date for paying the semester fee?,Medium,2026-07-21,Chat
Q00036,Yash Gupta,Electronics,Scholarship,What documents are required for scholarship verification? Kindly provide guidance.,Medium,2026-08-11,Chat
Q01449,Aditi Verma,civil, Fees ,My fee payment was deducted but is not showing in the portal.,Medium,2026-05-23,Email
Q04071,Shreya Mehta,Mechanical,technical,I forgot my portal password and cannot log in.,Medium,2026-02-04,Portal
Q01572,Ankit Khan,ELECTRONICS,Technical,I cannot upload my assignment due to a system error.,Low,2026-06-18,Helpdesk
Q00819,Yash Khan,Electrical Engineering,Examination,What is the process for applying for revaluation?,High,2026-08-15,Chat
Q00519,Isha Sharma,Biotechnology, Scholarship ,What documents are required for scholarship verification?,Low,2026-08-03,Chat
Q03617,Sanjay Patel,Computer Science,fees,can i download my fee payment receipt?,High,2026-04-23,Helpdesk
Q02600,Isha Verma,Information Technology, Hostel ,How can I contact the hostel administration?,High,2026-05-25,Email
Q03743,Vikram Joshi,Physics,,Can I download my fee payment receipt?,High,2026-05-26,Chat
Q03141,Nitin Sharma,Business Administration, Technical ,Please help. I forgot my portal password and cannot log in.,High,2026-07-06,Email
Q00820,Divya Mehta,Electrical Engineering,technical,My dashboard is not loading properly.,High,2026-07-26,Helpdesk
Q04731,Aman Verma,Biotechnology,hostel,When will the hostel allotment list be announced?,High,2026-05-19,Email
Q00998,Aditi Joshi,Electrical Engineering,SCHOLARSHIP,what are the eligibility criteria for the scholarship?,Medium,2026-05-21,Portal
Q03012,Harsh Verma,Information Technology, Scholarship ,My scholarship application status is pending.,High,2026-08-19,Chat
Q02501,Nisha Sharma,Mathematics,fees,Please help. Can I download my fee payment receipt?,Medium,2026-07-09,Portal
Q01612,Aarav Mehta,Civil, Hostel ,How can I apply for hostel accommodation?,Medium,2026-01-26,Chat
Q03449,Aditya Joshi,Mathematics,Tech,Please help. My dashboard is not loading properly.,Medium,2026-07-03,Email
Q00255,Aditya Kumar,Mathematics, Technical ,I cannot upload my assignment due to a system error. Kindly provide guidance.,Medium,2026-02-09,Portal
Q01346,Rahul Singh,Computer Science,FEES,Can I download my fee payment receipt?,Medium,2026-07-12,Portal
Q01599,Harsh Das,Physics, admissions ,Can I change my selected programme after admission?,Low,2026-05-04,Email
Q03526,Varun Sharma,Electrical Engineering,EXAMINATION,How can I download my hall ticket?,Low,2026-07-19,Helpdesk
Q02136,Sakshi Verma,Electronics, Scholarship ,Please help. What are the eligibility criteria for the scholarship?,High,2026-07-05,Helpdesk
Q00574,Ankit Patel,Information Technology, Technical ,The portal is showing an error while submitting my form.,Low,2026-07-28,Portal
Q04495,Ankit Khan,Physics,technical,I cannot upload my assignment due to a system error.,High,2026-07-14,Portal
Q01094,Ananya Kumar,Physics,admissions,What documents are required for admission verification?,High,2026-04-05,Email
Q04210,Divya Khan,Mechanical,Hostel,I have a problem with my hostel room facilities.,High,2026-06-30,Chat
Q03147,Aditi Gupta,Business Administration,TECHNICAL,Please help. My dashboard is not loading properly.,Low,2026-02-19,Helpdesk
Q05088,Ankit Sharma,Biotechnology,hostel,How can I contact the hostel administration?,Medium,2026-05-09,Helpdesk
Q00561,Aman Mehta,Mathematics,HOSTEL,How can I apply for hostel accommodation?,High,2026-04-04,Portal
Q00551,Karan Das,Business Administration,TECHNICAL,I cannot upload my assignment due to a system error.,High,2026-01-17,Email
Q01557,Aarav Joshi,Civil,scholarship,When will the scholarship results be announced?,Medium,2026-03-27,Helpdesk
Q01227,Karan Verma,Electronics,Hostel,,Medium,2026-01-04,Portal
Q03208,Priya Das,Mathematics,admissions,Please help. When will the next admission merit list be published?,High,2026-05-30,Chat
Q03925,Pooja Das,Civil,SCHOLARSHIP,How can I apply for a student scholarship?,Medium,2026-03-11,Portal
Q03290,Aditi Sharma,Mathematics,fees,Can I download my fee payment receipt?,Low,2026-06-09,Helpdesk
Q04019,Yash Joshi,Electronics,ADMISSIONS,I need help with the admission registration process.,Medium,2026-01-24,Email
Q00686,Nisha Sharma,Civil,Accommodation,I have a problem with my hostel room facilities.,High,2026-07-20,Portal
Q01476,Aarav Singh,Mechanical,technical,I am unable to access my student portal.,Medium,2026-08-02,Portal
Q01857,Harsh Singh,Civil,FEES,My fee payment was deducted but is not showing in the portal.,high,2026-05-14,Email
Q03886,Neha Verma,Biotechnology,Fee,What is the last date for paying the semester fee?,Low,2026-03-26,Email
Q01749,Manav Singh,Electrical Engineering,Admission,Can I change my selected programme after admission? Kindly provide guidance.,High,2026-05-27,Chat
Q04716,Rohit Verma,Biotechnology,Technical,My dashboard is not loading properly.,Medium,2026-07-07,Chat
Q04713,Rohit Sharma,Civil,Examinations,Please help. How can I download my hall ticket?,Medium,2026-03-25,Email
Q02680,Riya Gupta,Biotechnology,,How can I download my hall ticket?,High,2026-05-26,Chat
Q02297,Aditya Kumar,Mathematics,Scholarship,When will the scholarship results be announced?,Medium,2026-01-07,Portal
Q02336,Karan Gupta,Computer Science,hostel,How can I contact the hostel administration?,High,2026-07-20,Portal
Q04212,Varun Khan,Physics, Scholarship ,Please help. How can I apply for a student scholarship?,Medium,2026-06-09,Portal
Q00002,Payal Gupta,Mathematics,FEES,Can I download my fee payment receipt?,High,2026-02-14,Email
Q00954,Aman Kumar,Mechanical,Scholarship,Please help. When will the scholarship results be announced?,Medium,2026-07-14,Portal
Q02824,Arjun Das,Information Technology,technical,I cannot upload my assignment due to a system error.,Low,2026-01-01,Helpdesk
Q00926,Varun Khan,Computer Science,Tech,I forgot my portal password and cannot log in.,High,2026-06-13,Chat
Q01278,Rohan Singh,Computer Science,FEES,My fee payment was deducted but is not showing in the portal.,High,2026-01-21,Helpdesk
Q03281,Yash Das,Mathematics,Technical,The portal is showing an error while submitting my form.,Medium,2026-01-20,Email
Q03223,Varun Verma,Computer Science,admissions,How can I check the status of my admission application?,High ,2026-04-12,Email
Q02284,Neha Sharma,Computer Science,Examinations,I am unable to see my examination result.,High,2026-07-04,Chat
Q00748,Ananya Joshi,Civil, Examination ,My exam centre details are not visible in the portal.,Medium,2026-07-22,Portal
Q03995,Aditya Verma,Mechanical,HOSTEL,I have a problem with my hostel room facilities.,Low,2026-07-13,Email
Q02138,Yash Patel,Electrical Engineering,admissions,Please help. I need help with the admission registration process.,High,2026-06-05,Chat
Q04482,Tanvi Singh,Electronics,Fee,My fee payment was deducted but is not showing in the portal.,High,2026-03-19,Chat
Q00575,Simran Sharma,Business Administration,Admission,How can I check the status of my admission application?,Low,2026-07-24,Portal
Q03219,Sneha Joshi,Business Administration,Admission,What documents are required for admission verification?,Medium,2026-02-18,Portal
Q02818,Aman Patel,Business Administration,Admission,How can I check the status of my admission application?,Medium,2026-06-07,Email
Q00169,Riya Sharma,Information Technology,Examinations,How can I download my hall ticket?,High,2026-02-06,Chat
Q05114,Sanjay Joshi,Biotechnology,technical,I forgot my portal password and cannot log in.,Medium,2026-05-01,Chat
Q01030,Vikram Mehta,Physics,Technical,I cannot upload my assignment due to a system error.,High,2026-03-04,Portal
Q03034,Ankit Patel,Mechanical, Fees ,How can I pay my semester fee online?,High,2026-08-01,Chat
Q03260,Simran Kumar,Physics,examination,When will the examination timetable be released? Kindly provide guidance.,Medium,2026-08-26,Portal
Q02033,Nitin Das,Computer Science,Tech,I am unable to access my student portal.,Low,2026-02-19,Email
Q00825,Sneha Singh,Electronics,hostel,How can I apply for hostel accommodation? Kindly provide guidance.,Low,2026-03-28,Helpdesk
Q00935,Sanjay Joshi,Electrical Engineering,Admissions,How can I check the status of my admission application?,Medium,2026-03-06,Chat
Q03753,Simran Mehta,Business Administration,Admission,what documents are required for admission verification?,Medium,2026-04-29,Portal
Q04897,Aman Sharma,Electrical Engineering,TECHNICAL,My dashboard is not loading properly.,Medium,2026-05-05,Chat
Q04741,Sakshi Khan,Electronics,TECHNICAL,,High,2026-06-30,Portal
Q00798,Sneha Patel,BUSINESS ADMINISTRATION,examination,I am unable to see my examination result.,Low,2026-04-20,Email
Q05086,Ananya Joshi,Information Technology,Fees,Please help. How can I pay my semester fee online?,Low,2026-07-22,Chat
Q00869,Nitin Joshi,Physics, Fees ,can i download my fee payment receipt?,High,2026-07-28,Chat
Q02932,Sneha Joshi,Electrical Engineering, admissions ,Can I change my selected programme after admission?,Medium,2026-01-06,Chat
Q02473,Nitin Kumar,Business Administration,Tech,I forgot my portal password and cannot log in.,High,2026-02-15,Email
Q00758,Manav Singh,Civil,Technical,Please help. I cannot upload my assignment due to a system error.,Medium,2026-02-28,Email
Q04969,Arjun Das,Biotechnology,Accommodation,How can I contact the hostel administration?,Low,2026-06-08,Helpdesk
Q04435,Riya Das,Civil,examination,What is the process for applying for revaluation?,Medium,2026-03-08,Portal
Q01249,Shreya Khan,Physics,scholarship,Please help. When will the scholarship results be announced?,Medium,2026-08-23,Chat
Q04532,Nisha Sharma,Mathematics,technical,I forgot my portal password and cannot log in.,Medium,2026-02-22,Chat
Q04533,Isha Singh,Information Technology,TECHNICAL,My dashboard is not loading properly.,Medium,2026-08-25,Helpdesk
Q03528,Ananya Khan,Civil,Hostel,How can I contact the hostel administration?,LOW,2026-06-19,Portal
Q02876,Yash Khan,Information Technology,Fees,Is installment payment available for tuition fees?,Low,2026-04-07,Email
Q02406,Kavya Verma,Physics,fees,is installment payment available for tuition fees?,Medium,2026-01-03,Email
Q02167,Nitin Singh,Civil,Technical,My dashboard is not loading properly.,High,2026-02-14,Portal
Q02320,Bhavya Das,Physics,Exam,How can I download my hall ticket?,Low,2026-03-25,Email
Q00323,Ananya Khan,Electrical Engineering,ADMISSIONS,What documents are required for admission verification?,Medium,2026-06-05,Portal
Q00145,Riya Das,Electrical Engineering,SCHOLARSHIP,Please help. What documents are required for scholarship verification?,HIGH,2026-08-19,Email
Q02448,Karan Singh,Computer Science,technical,My dashboard is not loading properly.,Medium,2026-02-08,Helpdesk
Q04771,Sneha Verma,Mechanical,Hostel,What is the process for changing my hostel room?,Low,2026-04-17,Helpdesk
Q03230,Manav Khan,Computer Science,fees,My fee payment was deducted but is not showing in the portal. Kindly provide guidance.,High,2026-01-25,Helpdesk
Q01715,Riya Khan,Electronics,Fees,Please help. Is installment payment available for tuition fees?,Medium,2026-01-08,Portal
Q04362,Tanvi Kumar,Electronics,Fees,Can I download my fee payment receipt?,Low,2026-08-02,Email
Q02129,Simran Khan,Computer Science,TECHNICAL,The portal is showing an error while submitting my form.,Medium,2026-06-23,Portal
Q04141,Pooja Kumar,Electronics,Scholarship,When will the scholarship results be announced?,Low,2026-05-09,Email
Q00915,Yash Patel,Computer Science,Accommodation,How can I apply for hostel accommodation?,Medium,2026-05-05,Email
Q00865,Simran Verma,Electronics, Examination ,My exam centre details are not visible in the portal.,Medium,2026-03-01,Email
Q02506,Harsh Khan,Mechanical,ADMISSIONS,Can I change my selected programme after admission? Kindly provide guidance.,High,2026-03-17,Helpdesk
Q01874,Aman Gupta,Mathematics,Fee,What is the last date for paying the semester fee?,Medium,2026-01-04,Chat
Q02359,Aditi Sharma,Physics,fees,is installment payment available for tuition fees?,Medium,2026-06-13,Helpdesk
Q01614,Aditya Kumar,Computer Science, Fees ,How can I pay my semester fee online?,High,2026-07-31,Portal
Q04621,Aditi Mehta,Computer Science,ADMISSIONS,What documents are required for admission verification?,Medium,2026-02-11,Helpdesk
Q04529,Harsh Patel,Civil,HOSTEL,What is the process for changing my hostel room?,Low,2026-02-20,Portal
Q02210,Sakshi Mehta,Information Technology,admissions,can i change my selected programme after admission?,Medium,2026-04-24,Chat
Q00128,Arjun Patel,Mathematics,Scholarships,My scholarship application status is pending.,Low,2026-02-13,Helpdesk
Q04059,Pooja Khan,Information Technology,FEES,How can I pay my semester fee online?,High,2026-04-30,Helpdesk
Q03588,Sakshi Joshi, Business Administration ,SCHOLARSHIP,What are the eligibility criteria for the scholarship?,Low,2026-08-19,Email
Q04479,Shreya Kumar,Information Technology, Scholarship ,When will the scholarship results be announced?,Medium,2026-07-29,Chat
Q04497,Rohan Verma,Electrical Engineering, Scholarship ,What documents are required for scholarship verification?,Low,2026-08-19,Portal
Q04239,Aditya Singh,Business Administration,Scholarships,My scholarship application status is pending.,Medium,2026-02-07,Helpdesk
Q00236,Ankit Das,Mechanical,EXAMINATION,I am unable to see my examination result.,Low,2026-03-28,Portal
Q01142,Aditya Kumar,Business Administration,ADMISSIONS,I need help with the admission registration process.,Low,2026-06-21,Chat
Q03182,Aarav Kumar,Civil,Examinations,My exam centre details are not visible in the portal.,Medium,2026-05-17,Helpdesk
Q03707,Simran Patel,Electrical Engineering,fees,Can I download my fee payment receipt?,High,2026-01-16,Email
Q02961,Bhavya Sharma,Electronics,scholarship,My scholarship application status is pending.,medium,2026-07-12,Chat
Q01290,Priya Verma,Civil,FEES,What is the last date for paying the semester fee?,Medium,2026-07-23,Chat
Q02127,Aditi Mehta,Electronics,Fee,How can I pay my semester fee online?,High,2026-06-27,Email
Q01178,Rohit Joshi,Information Technology,Examinations,,Low,2026-07-28,Email
Q02922,Arjun Das,Biotechnology,admissions,When will the next admission merit list be published?,Medium,2026-06-11,Helpdesk
Q04101,Rohan Das,Physics,,Please help. What is the process for applying for revaluation?,Low,2026-02-15,Chat
Q02723,Harsh Verma,Mathematics, Fees ,How can I pay my semester fee online? Kindly provide guidance.,Medium,2026-04-15,Portal
Q03301,Rohit Kumar,Physics,Technical,I am unable to access my student portal.,Medium,2026-02-03,Helpdesk
Q01810,Nitin Khan,Civil,Accommodation,How can I contact the hostel administration?,Medium,2026-02-22,Chat
Q04317,Yash Khan,Business Administration,HOSTEL,i have a problem with my hostel room facilities.,Medium,2026-01-18,Portal
Q01284,Harsh Patel,Information Technology,admissions,What documents are required for admission verification? Kindly provide guidance.,Medium,2026-07-06,Email
Q02188,Sanjay Khan,Mathematics,TECHNICAL,my dashboard is not loading properly.,Medium,2026-02-14,Email
Q00608,Rohan Singh,Computer Science,Exam,My exam centre details are not visible in the portal.,Low,2026-01-30,Email
Q03609,Ishaan Gupta,Mathematics,fees,Is installment payment available for tuition fees?,medium,2026-02-26,Helpdesk
Q04903,Yash Sharma,Computer Science, Hostel ,Please help. What is the process for changing my hostel room?,High,2026-02-13,Email
Q01463,Tanvi Singh,Mechanical, Scholarship ,What are the eligibility criteria for the scholarship?,High,2026-03-25,Chat
Q01747,Payal Das,Electrical Engineering,hostel,What is the process for changing my hostel room?,Low,2026-07-04,Chat
Q04386,Payal Singh,Physics,HOSTEL,How can I apply for hostel accommodation? Kindly provide guidance.,High ,2026-07-28,Chat
Q01530,Payal Singh,Mechanical,technical,i am unable to access my student portal.,High,2026-08-31,Chat
Q03248,Priya Singh,Computer Science,FEES,What is the last date for paying the semester fee?,Medium,2026-04-29,Helpdesk
Q03258,Aarav Das,Electrical Engineering,Fee,How can I pay my semester fee online? Kindly provide guidance.,Medium,2026-04-27,Chat
Q01897,Yash Sharma,Electronics, Examination ,I am unable to see my examination result.,Medium,2026-01-27,Chat
Q05106,Neha Patel,Electronics,Examinations,My exam centre details are not visible in the portal.,Low,2026-07-05,Portal
Q01651,Ishaan Gupta, Civil ,Accommodation,When will the hostel allotment list be announced?,Medium,2026-03-04,Helpdesk
Q02405,Sanjay Khan,Electronics,SCHOLARSHIP,What are the eligibility criteria for the scholarship? Kindly provide guidance.,Low,2026-04-30,Chat
Q01412,Tanvi Verma,Computer Science,ADMISSIONS,I need help with the admission registration process.,Medium,2026-06-29,Portal
Q03210,Harsh Gupta,Civil,technical,I forgot my portal password and cannot log in.,Low,2026-07-24,Helpdesk
Q03672,Kavya Singh,Civil, Hostel ,I have a problem with my hostel room facilities.,Low,2026-08-12,Portal
Q03633,Rohit Patel,Mechanical,Scholarship,What are the eligibility criteria for the scholarship?,Medium,2026-01-02,Chat
Q02243,Bhavya Kumar,Mathematics,SCHOLARSHIP,How can I apply for a student scholarship? Kindly provide guidance.,Medium,2026-05-11,Helpdesk
Q00310,Divya Gupta,Electronics, admissions ,What documents are required for admission verification?,Low,2026-03-16,Email
Q02868,Ananya Singh,Computer Science,Admission,can i change my selected programme after admission?,Medium,2026-06-13,Helpdesk
Q01256,Meera Verma,Physics,Admission,Can I change my selected programme after admission?,High,2026-01-30,Helpdesk
Q04536,Sakshi Singh,Electrical Engineering, Hostel ,How can I apply for hostel accommodation?,High,2026-02-01,Chat
Q00213,Rohit Das,Computer Science,Scholarship,what are the eligibility criteria for the scholarship?,Medium,2026-07-21,Email
Q03606,Sneha Kumar,mathematics,Tech,The portal is showing an error while submitting my form.,High,2026-01-29,Chat
Q05157,Aditya Verma,Civil,ADMISSIONS,How can I check the status of my admission application?,Medium,2026-07-30,Chat
Q00406,Pooja Sharma,Electronics,admissions,I need help with the admission registration process. Kindly provide guidance.,Medium,2026-05-06,Email
Q00174,Simran Verma,Computer Science,HOSTEL,How can I contact the hostel administration?,Low,2026-02-01,Portal
Q02588,Nitin Gupta,Civil,Exam,My exam centre details are not visible in the portal.,Low,2026-05-11,Email
Q00557,Ananya Das,Electronics, Hostel ,How can I apply for hostel accommodation?,High,2026-08-17,Email
Q03823,Rohit Joshi,Civil,Fees,How can I pay my semester fee online?,High,2026-06-29,Email
Q04247,Rohan Sharma,Mathematics,,My dashboard is not loading properly.,Low,2026-08-16,Email
Q04818,Sneha Joshi,Electrical Engineering,Fee,Can I download my fee payment receipt?,Low,2026-03-03,Chat
Q01259,Aman Singh,Civil,Fee,Can I download my fee payment receipt?,Medium,2026-07-09,Portal
Q04072,Aman Singh,Computer Science,examination,What is the process for applying for revaluation?,MEDIUM,2026-08-28,Chat
Q00898,Aman Joshi,Mathematics,technical,The portal is showing an error while submitting my form.,High,2026-06-12,Email
Q03347,Sakshi Patel,Information Technology, Hostel ,When will the hostel allotment list be announced?,Medium,2026-05-12,Email
Q01157,Shreya Singh,Electronics,Hostel,How can I contact the hostel administration?,Medium,2026-07-27,Chat
Q05143,Ananya Verma,Information Technology,Tech,I cannot upload my assignment due to a system error.,High,2026-01-11,Portal
Q02407,Meera Sharma,Electronics,TECHNICAL,My dashboard is not loading properly.,Medium,2026-02-01,Email
Q03112,Sneha Patel,Physics,Admission,What documents are required for admission verification?,High,2026-01-15,Helpdesk
Q04487,Riya Patel,MECHANICAL,Exam,,High,2026-04-21,Helpdesk
Q03276,Neha Mehta,Electrical Engineering,Scholarships,what documents are required for scholarship verification?,Medium,2026-02-21,Portal
Q04297,Aman Singh,Business Administration, Hostel ,When will the hostel allotment list be announced?,Medium,2026-06-06,Chat
Q04432,Meera Khan,Electrical Engineering,Accommodation,How can I contact the hostel administration? Kindly provide guidance.,Low,2026-08-23,Email
Q02554,Ankit Patel,Electronics, Examination ,When will the examination timetable be released?,Medium,2026-02-02,Helpdesk
Q02671,Sneha Singh,Information Technology,Accommodation,how can i apply for hostel accommodation?,Low,2026-08-12,Helpdesk
Q01591,Sakshi Singh,Biotechnology,Scholarships,My scholarship application status is pending.,Low,2026-03-22,Email
Q02408,Tanvi Patel,Electrical Engineering,Hostel,I have a problem with my hostel room facilities.,High,2026-04-09,Email
Q04817,Yash Sharma,Business Administration, Technical ,I forgot my portal password and cannot log in.,Medium,2026-01-04,Chat
Q05154,Aditi Verma,Mathematics, Examination ,,Medium,2026-01-25,Email
Q04832,Rohit Das,Civil, Fees ,Is installment payment available for tuition fees?,Medium,2026-06-29,Email
Q04824,Bhavya Patel,Physics,Fee,,Medium,2026-05-15,Email
Q00477,Yash Singh,Mathematics, Fees ,Is installment payment available for tuition fees?,Medium,2026-01-07,Chat
Q04140,Isha Joshi,Electronics,Examinations,When will the examination timetable be released?,High,2026-05-22,Helpdesk
Q03901,Tanvi Patel,Mathematics,HOSTEL,When will the hostel allotment list be announced?,Medium,2026-02-24,Chat
Q02416,Simran Das,Information Technology,Accommodation,what is the process for changing my hostel room?,Low,2026-02-14,Portal
Q02292,Aman Khan,physics,Technical,I cannot upload my assignment due to a system error.,Low,2026-04-15,Portal
Q04586,Tanvi Patel,Electronics,Hostel,When will the hostel allotment list be announced?,High,2026-03-11,Helpdesk
Q04388,Ankit Joshi,Electrical Engineering,examination,when will the examination timetable be released?,High,2026-07-14,Email
Q03277,Ankit Joshi,Mechanical,FEES,is installment payment available for tuition fees?,High,2026-08-13,Email
Q04863,Arjun Singh, Mathematics ,Hostel,how can i contact the hostel administration?,Medium,2026-01-25,Portal
Q02967,Nitin Sharma,Information Technology,,My exam centre details are not visible in the portal.,Low,2026-01-25,Helpdesk
Q01072,Simran Mehta,Computer Science,HOSTEL,I have a problem with my hostel room facilities.,High,2026-07-26,Email
Q04430,Tanvi Khan,Physics,hostel,I have a problem with my hostel room facilities.,Medium,2026-08-09,Helpdesk
Q03890,Aman Mehta,Civil,Hostel,How can I contact the hostel administration?,Low,2026-08-27,Portal
Q03510,Riya Singh,Mathematics,Scholarship,Please help. What are the eligibility criteria for the scholarship?,High,2026-07-24,Email
Q00887,Tanvi Singh,Electronics,HOSTEL,I have a problem with my hostel room facilities.,High,2026-03-16,Helpdesk
Q02566,Sakshi Singh,Civil,TECHNICAL,The portal is showing an error while submitting my form.,Medium,2026-07-10,Chat
Q04576,Harsh Gupta,Biotechnology,EXAMINATION,Please help. How can I download my hall ticket?,Low,2026-05-14,Helpdesk
Q00392,Manav Sharma,Electronics,Hostel,When will the hostel allotment list be announced?,Medium,2026-05-21,Chat
Q00182,Ankit Sharma,Information Technology,Accommodation,what is the process for changing my hostel room?,Low,2026-04-15,Portal
Q03790,Nitin Gupta,Mathematics,scholarship,What documents are required for scholarship verification?,High,2026-07-07,Chat
Q04460,Sakshi Khan,Biotechnology,Tech,I forgot my portal password and cannot log in. Kindly provide guidance.,High,2026-07-03,Helpdesk
Q03701,Arjun Sharma,Mechanical,TECHNICAL,I forgot my portal password and cannot log in.,Medium,2026-07-17,Portal
Q01743,Karan Mehta,Mechanical,Exam,When will the examination timetable be released?,Medium,2026-07-03,Helpdesk
Q01406,Rohan Patel,Electrical Engineering,TECHNICAL,The portal is showing an error while submitting my form.,HIGH,2026-04-29,Chat
Q04439,Nisha Khan,BUSINESS ADMINISTRATION,Admission,How can I check the status of my admission application?,Low,2026-05-30,Helpdesk
Q04230,Sneha Gupta,Business Administration,Examination,My exam centre details are not visible in the portal.,HIGH,2026-02-09,Email
Q02265,Divya Verma,Computer Science,Admissions,How can I check the status of my admission application?,Medium,2026-04-16,Portal
Q01934,Aditi Sharma,Mechanical, Fees ,What is the last date for paying the semester fee?,Low,2026-06-15,Email
Q02625,Payal Das,Biotechnology,technical,I forgot my portal password and cannot log in.,Low,2026-08-22,Email
Q04789,Aditi Patel,Mechanical, Scholarship ,What documents are required for scholarship verification?,Low,2026-08-18,Chat
Q02735,Varun Patel,Civil,FEES,Please help. Can I download my fee payment receipt?,Low,2026-03-16,Helpdesk
Q04560,Rahul Sharma,Information Technology,fees,What is the last date for paying the semester fee?,Medium,2026-04-24,Email
Q01051,Harsh Sharma,Electrical Engineering,Examinations,My exam centre details are not visible in the portal.,Medium,2026-02-20,Email
Q00142,Sanjay Mehta,Biotechnology,fees,What is the last date for paying the semester fee? Kindly provide guidance.,High,2026-01-01,Chat
Q02374,Karan Sharma,Information Technology,,I am unable to access my student portal.,Medium,2026-01-29,Portal
Q04231,Manav Gupta,Mathematics,EXAMINATION,My exam centre details are not visible in the portal.,Medium,2026-02-15,Chat
Q00754,Shreya Patel,Electronics,admissions,When will the next admission merit list be published?,Low,2026-02-24,Portal
Q00660,Harsh Gupta,Civil, Technical ,I forgot my portal password and cannot log in.,Medium,2026-02-04,Chat
Q02643,Neha Patel,Information Technology,Accommodation,How can I contact the hostel administration?,Low,2026-03-02,Email
Q00629,Priya Khan,Civil,Exam,I am unable to see my examination result.,Low,2026-04-19,Email
Q02681,Sakshi Kumar,Business Administration,Examinations,When will the examination timetable be released?,Medium,2026-01-09,Helpdesk
Q04107,Ishaan Patel,Civil,Scholarship,,Medium,2026-05-06,Email
Q01079,Varun Patel,Computer Science,Scholarship,When will the scholarship results be announced?,High,2026-02-13,Portal
Q00376,Sakshi Khan,Electronics,Exam,I am unable to see my examination result.,Low,2026-08-27,Chat
Q04128,Manav Mehta,Mechanical,EXAMINATION,I am unable to see my examination result.,Medium,2026-06-19,Email
Q03739,Bhavya Mehta,Business Administration,Fees,What is the last date for paying the semester fee?,Medium,2026-07-21,Helpdesk
Q01467,Nisha Khan,Business Administration,examination,What is the process for applying for revaluation?,Medium,2026-06-23,Portal
Q01741,Manav Sharma,Biotechnology,hostel,I have a problem with my hostel room facilities.,Medium,2026-01-30,Helpdesk
Q04105,Aarav Kumar,Mathematics,Admissions,When will the next admission merit list be published?,Medium,2026-03-23,Portal
Q04443,Aditya Joshi,Electronics,hostel,How can I contact the hostel administration?,Medium,2026-03-26,Email
Q03481,Tanvi Singh,Business Administration,TECHNICAL,my dashboard is not loading properly.,Medium,2026-04-26,Helpdesk
Q02403,Tanvi Joshi,Biotechnology, admissions ,Can I change my selected programme after admission? Kindly provide guidance.,Low,2026-04-14,Email
Q05120,Rahul Gupta,Mechanical,Examination,When will the examination timetable be released?,Medium,2026-08-06,Email
Q03536,Arjun Das,Electronics,FEES,is installment payment available for tuition fees?,Medium,2026-04-14,Helpdesk
Q02397,Isha Khan,Civil,hostel,How can I apply for hostel accommodation?,High,2026-03-13,Email
Q00320,Isha Joshi,Electrical Engineering,Fee,Please help. Can I download my fee payment receipt?,High,2026-04-10,Email
Q01718,Harsh Sharma,Civil,Fees,What is the last date for paying the semester fee?,Low,2026-04-21,Helpdesk
Q01940,Pooja Kumar,Computer Science,SCHOLARSHIP,What documents are required for scholarship verification?,High,2026-01-02,Portal
Q01827,Rohit Sharma,Computer Science,Admission,How can I check the status of my admission application?,High,2026-06-26,Portal
Q03482,Riya Gupta,Electronics,Exam,How can I download my hall ticket?,medium,2026-07-06,Chat
Q00918,Tanvi Joshi,Civil,Admissions,I need help with the admission registration process.,Medium,2026-08-05,Chat
Q00699,Isha Gupta,Information Technology,FEES,Is installment payment available for tuition fees?,Medium,2026-04-17,Helpdesk
Q01963,Tanvi Gupta,Civil, Examination ,What is the process for applying for revaluation?,Medium,2026-04-17,Chat
Q01831,Divya Joshi,Electrical Engineering, admissions ,How can I check the status of my admission application?,Medium,2026-06-18,Helpdesk
Q04263,Meera Kumar,Biotechnology,SCHOLARSHIP,What documents are required for scholarship verification?,High,2026-02-16,Email
Q02662,Rohan Patel,Computer Science,Accommodation,i have a problem with my hostel room facilities.,Low,2026-02-06,Helpdesk
Q01448,Simran Singh,Mechanical,FEES,What is the last date for paying the semester fee?,Medium,2026-03-16,Portal
Q01567,Ishaan Mehta,Information Technology,Fees,My fee payment was deducted but is not showing in the portal.,Medium,2026-05-02,Email
Q02730,Aarav Khan,Mechanical,examination,What is the process for applying for revaluation?,Low,2026-06-19,Email
Q04082,Varun Singh,Business Administration,Admission,How can I check the status of my admission application? Kindly provide guidance.,Medium,2026-07-24,Helpdesk
Q05170,Priya Kumar,Physics, admissions ,What documents are required for admission verification?,Medium,2026-04-24,Helpdesk
Q02353,Arjun Mehta,MECHANICAL,HOSTEL,,High,2026-04-28,Email
Q03386,Tanvi Khan,Mathematics,SCHOLARSHIP,Please help. When will the scholarship results be announced?,Low,2026-04-09,Helpdesk
Q00774,Sneha Kumar,Biotechnology, Technical ,The portal is showing an error while submitting my form.,High,2026-07-08,Chat
Q04183,Nisha Das,Physics, Technical ,i am unable to access my student portal.,Medium,2026-03-23,Chat
Q04113,Sneha Das,Mathematics,Scholarship,What are the eligibility criteria for the scholarship?,Low,2026-01-23,Chat
Q03247,Nisha Mehta,Mathematics, Technical ,The portal is showing an error while submitting my form.,Medium,2026-07-16,Chat
Q00171,Aarav Verma,Civil,technical,I am unable to access my student portal.,Low,2026-05-17,Portal
Q01305,Riya Kumar,Mechanical,Scholarships,What are the eligibility criteria for the scholarship?,High,2026-07-23,Portal
Q02308,Bhavya Khan,Information Technology,Accommodation,when will the hostel allotment list be announced?,Low,2026-07-02,Portal
Q02441,Rahul Khan,Physics,ADMISSIONS,I need help with the admission registration process.,Medium,2026-02-09,Portal
Q01198,Riya Das,Mechanical,Examinations,What is the process for applying for revaluation? Kindly provide guidance.,High,2026-02-18,Helpdesk
Q04321,Tanvi Verma,Physics,Fee,Can I download my fee payment receipt?,High,2026-07-23,Email
Q02815,Ankit Mehta,Physics, admissions ,How can I check the status of my admission application?,Medium,2026-07-13,Email
Q03286,Sanjay Verma,Civil,EXAMINATION,I am unable to see my examination result.,Medium,2026-08-03,Portal
Q04365,Ananya Mehta,Business Administration,HOSTEL,How can I contact the hostel administration?,high,2026-04-07,Email
Q03419,Ankit Das,Business Administration,HOSTEL,How can I apply for hostel accommodation?,High,2026-07-12,Helpdesk
Q02116,Aman Singh,Mathematics,,i forgot my portal password and cannot log in.,Medium,2026-07-11,Email
Q02725,Tanvi Verma,Computer Science,Examination,how can i download my hall ticket?,Medium,2026-04-07,Helpdesk
Q01366,Sakshi Patel,Mechanical,TECHNICAL,I forgot my portal password and cannot log in.,High,2026-06-06,Chat
Q02717,Rahul Gupta,Electronics,SCHOLARSHIP,What documents are required for scholarship verification?,Medium,2026-08-10,Chat
Q05046,Aman Patel,Computer Science,fees,How can I pay my semester fee online?,Low,2026-02-01,Chat
Q03408,Aditya Patel,Computer Science,hostel,What is the process for changing my hostel room?,Medium,2026-05-13,Chat
Q04943,Yash Verma,Electronics,HOSTEL,How can I apply for hostel accommodation?,High,2026-04-20,Helpdesk
Q01569,Yash Kumar,Civil,Fees,My fee payment was deducted but is not showing in the portal.,Low,2026-01-07,Chat
Q01024,Priya Singh,Electrical Engineering,admissions,What documents are required for admission verification? Kindly provide guidance.,Low,2026-07-18,Chat
Q03316,Riya Das,Biotechnology, Technical ,I forgot my portal password and cannot log in.,High,2026-08-26,Portal
Q02743,Nitin Kumar,Electronics,Admission,Can I change my selected programme after admission?,Medium,2026-03-29,Helpdesk
Q04652,Aarav Khan,Biotechnology,technical,I am unable to access my student portal.,Medium,2026-04-23,Chat
Q04548,Rahul Singh,Information Technology,Admissions,What documents are required for admission verification?,Low,2026-07-20,Email
Q02582,Arjun Mehta,InformationTechnology,examination,What is the process for applying for revaluation?,Medium,2026-04-19,Email
Q03813,Shreya Sharma,Electrical Engineering, Hostel ,Please help. How can I contact the hostel administration?,Medium,2026-08-11,Email
Q04930,Neha Patel,civil,FEES,Please help. Can I download my fee payment receipt?,Medium,2026-03-27,Email
Q00741,Ananya Joshi,Physics, Fees ,Please help. How can I pay my semester fee online?,Medium,2026-03-10,Portal
Q03439,Nitin Kumar,Electronics,Hostel,When will the hostel allotment list be announced?,Medium,2026-01-06,Email
Q01432,Nisha Singh,Electronics,Tech,The portal is showing an error while submitting my form.,Medium,2026-05-27,Email
Q00894,Karan Patel,Electrical Engineering,FEES,Please help. Can I download my fee payment receipt?,High,2026-07-29,Chat
Q04708,Sanjay Sharma,Biotechnology,Examinations,I am unable to see my examination result. Kindly provide guidance.,Medium,2026-03-26,Helpdesk
Q01846,Aman Khan,Physics,EXAMINATION,What is the process for applying for revaluation?,High,2026-04-16,Chat
Q03569,Divya Patel,Business Administration, Technical ,I am unable to access my student portal.,LOW,2026-06-07,Portal
Q01035,Nitin Mehta,Information Technology,Accommodation,i have a problem with my hostel room facilities.,low,2026-02-13,Helpdesk
Q01991,Sneha Kumar,Computer Science, Examination ,My exam centre details are not visible in the portal.,Medium,2026-06-28,Portal
Q00986,Varun Mehta,Physics,Technical,My dashboard is not loading properly.,High,2026-03-20,Chat
Q00712,Simran Kumar,Biotechnology,examination,What is the process for applying for revaluation?,medium,2026-02-28,Helpdesk
Q03174,Sakshi Verma,Business Administration, Examination ,How can I download my hall ticket?,Medium,2026-06-04,Portal
Q04787,Aman Kumar,Information Technology,,Please help. My dashboard is not loading properly.,Medium,2026-07-11,Chat
Q01552,Neha Khan,Civil,Admission,When will the next admission merit list be published?,Low,2026-07-09,Chat
Q02330,Bhavya Das,Electronics,Examinations,My exam centre details are not visible in the portal.,Medium,2026-06-10,Chat
Q00757,Aarav Singh,Information Technology,TECHNICAL,i cannot upload my assignment due to a system error.,Medium,2026-04-14,Helpdesk
Q03631,Priya Singh,Information Technology, Technical ,The portal is showing an error while submitting my form.,Low,2026-01-13,Email
Q00185,Rohit Singh,Biotechnology,admissions,Please help. Can I change my selected programme after admission?,Low,2026-04-17,Portal
Q01309,Rohit Das,Physics,HOSTEL,I have a problem with my hostel room facilities.,Medium,2026-02-09,Chat
Q04018,Arjun Mehta,Business Administration,Fees,How can I pay my semester fee online? Kindly provide guidance.,High,2026-07-22,Helpdesk
Q03270,Arjun Joshi,Physics,HOSTEL,When will the hostel allotment list be announced?,Medium,2026-06-01,Helpdesk
Q01330,Aarav Kumar,Computer Science,technical,I am unable to access my student portal.,Medium,2026-03-11,Portal
Q04743,Harsh Khan,Biotechnology,Scholarships,How can I apply for a student scholarship?,Medium,2026-06-02,Portal
Q03234,Arjun Sharma,Mathematics,FEES,Can I download my fee payment receipt?,Medium,2026-04-27,Portal
Q01879,Tanvi Das,Mathematics,ADMISSIONS,How can I check the status of my admission application?,Low,2026-02-08,Portal
Q01821,Ankit Joshi,Computer Science, Technical ,I forgot my portal password and cannot log in.,Low,2026-05-19,Chat
Q02965,Arjun Joshi,Mechanical,Tech,I forgot my portal password and cannot log in.,High,2026-06-18,Chat
Q02219,Kavya Das,Biotechnology,technical,I am unable to access my student portal.,MEDIUM,2026-03-09,Portal
Q03574,Aditya Das, Electronics , Scholarship ,When will the scholarship results be announced? Kindly provide guidance.,Medium,2026-02-27,Portal
Q02744,Sanjay Kumar,Business Administration,EXAMINATION,How can I download my hall ticket?,High,2026-08-19,Email
Q02812,Ishaan Das,Electronics,Accommodation,When will the hostel allotment list be announced?,Low,2026-03-30,Portal
Q01997,Kavya Patel,Biotechnology,ADMISSIONS,What documents are required for admission verification?,medium,2026-04-12,Portal
Q04188,Simran Verma,Business Administration,HOSTEL,I have a problem with my hostel room facilities.,Medium,2026-08-19,Chat
Q04502,Sneha Gupta,Electronics,Exam,Please help. What is the process for applying for revaluation?,Medium,2026-04-17,Chat
Q00272,Divya Kumar,Electrical Engineering,Exam,What is the process for applying for revaluation?,Low,2026-08-02,Portal
Q02025,Tanvi Sharma,Electronics, Hostel ,I have a problem with my hostel room facilities.,High,2026-05-18,Chat
Q01951,Sakshi Kumar,Electrical Engineering,Scholarships,What documents are required for scholarship verification?,Medium,2026-08-31,Chat
Q02988,Manav Patel,Physics,Examinations,What is the process for applying for revaluation?,High,2026-06-25,Helpdesk
Q02289,Nitin Kumar,Mathematics,Fees,Can I download my fee payment receipt?,Low,2026-05-03,Portal
Q00760,Payal Khan,Biotechnology,Admission,I need help with the admission registration process.,Medium,2026-05-13,Chat
Q04647,Rahul Singh,Mathematics,Scholarships,When will the scholarship results be announced?,Medium,2026-03-15,Chat
Q00385,Kavya Khan,Civil,Fee,What is the last date for paying the semester fee?,High,2026-04-24,Email
Q04006,Aarav Sharma,Information Technology,TECHNICAL,I forgot my portal password and cannot log in.,High,2026-07-12,Portal
Q00952,Rohan Khan,Business Administration,ADMISSIONS,I need help with the admission registration process.,Medium,2026-02-27,Email
Q04917,Bhavya Mehta,Business Administration,Exam,When will the examination timetable be released? Kindly provide guidance.,Medium,2026-04-16,Helpdesk
Q04997,Harsh Das,Mechanical,Admissions,Can I change my selected programme after admission?,High,2026-08-23,Email
Q00368,Bhavya Sharma,Information Technology,scholarship,when will the scholarship results be announced?,Medium,2026-01-01,Chat
Q04565,Pooja Verma,Information Technology, Scholarship ,My scholarship application status is pending. Kindly provide guidance.,Low,2026-07-16,Chat
Q01254,Ananya Verma,Electronics,scholarship,Please help. My scholarship application status is pending.,High,2026-04-15,Email
Q02926,Shreya Verma,Physics, Hostel ,I have a problem with my hostel room facilities.,Medium,2026-05-23,Chat
Q04069,Manav Kumar,Biotechnology,HOSTEL,I have a problem with my hostel room facilities.,Low,2026-03-15,Helpdesk
Q02196,Aarav Sharma,Electronics,Admission,When will the next admission merit list be published?,Low,2026-02-21,Portal
Q00921,Manav Gupta,Business Administration,scholarship,How can I apply for a student scholarship?,Medium,2026-07-09,Helpdesk
Q03914,Priya Sharma,Information Technology,Admissions,Please help. I need help with the admission registration process.,Medium,2026-04-29,Chat
Q01069,Nisha Verma,Physics,Scholarships,When will the scholarship results be announced?,Medium,2026-06-30,Email
Q01954,Divya Mehta,Mechanical,Accommodation,I have a problem with my hostel room facilities.,Low,2026-05-05,Email
Q02389,Ananya Sharma,Electrical Engineering,FEES,is installment payment available for tuition fees?,medium,2026-01-10,Email
Q03607,Bhavya Kumar,Civil,examination,What is the process for applying for revaluation?,Medium,2026-08-30,Chat
Q04537,Meera Verma,Mathematics,technical,The portal is showing an error while submitting my form.,LOW,2026-06-13,Portal
Q02603,Priya Joshi,Civil,,When will the next admission merit list be published?,High,2026-07-27,Chat
Q05180,Tanvi Kumar,Civil, Technical ,I am unable to access my student portal.,Low,2026-07-30,Chat
Q01009,Rohit Mehta,Mathematics,examination,,Medium,2026-01-24,Email
Q05085,Simran Gupta,Physics,Admissions,What documents are required for admission verification?,Medium,2026-06-19,Helpdesk
Q00513,Shreya Khan,Mechanical, Hostel ,,Low,2026-06-04,Email
Q02287,Rohan Singh,Electrical Engineering,Examinations,What is the process for applying for revaluation?,High,2026-06-30,Chat
Q03341,Sneha Patel,Mathematics, admissions ,i need help with the admission registration process.,Low,2026-06-20,Helpdesk
Q01889,Payal Mehta,Biotechnology,SCHOLARSHIP,How can I apply for a student scholarship?,High,2026-03-22,Portal
Q00568,Shreya Sharma,BusinessAdministration,technical,The portal is showing an error while submitting my form.,High,2026-06-10,Chat
Q03349,Aarav Verma,Business Administration, Hostel ,,High,2026-05-29,Portal
Q04649,Isha Khan,Biotechnology,ADMISSIONS,how can i check the status of my admission application?,Low,2026-01-05,Helpdesk
Q00271,Aditya Gupta,Civil,technical,My dashboard is not loading properly.,Low,2026-04-11,Helpdesk
Q02657,Ananya Khan,Physics, Hostel ,I have a problem with my hostel room facilities.,Medium,2026-02-23,Portal
Q03074,Aarav Gupta,Business Administration,Technical,I am unable to access my student portal.,Low,2026-05-12,Email
Q01872,Aditya Khan,Business Administration,Technical,I forgot my portal password and cannot log in.,High,2026-06-25,Helpdesk
Q05125,Isha Joshi,Biotechnology, Scholarship ,When will the scholarship results be announced?,Medium,2026-06-16,Helpdesk
Q03572,Sanjay Sharma,Biotechnology,hostel,How can I contact the hostel administration?,Medium,2026-02-06,Portal
Q01707,Meera Sharma,Information Technology,HOSTEL,I have a problem with my hostel room facilities.,High,2026-03-10,Chat
Q02048,Harsh Patel,Biotechnology,admissions,What documents are required for admission verification? Kindly provide guidance.,Medium,2026-07-03,Portal
Q02091,Varun Mehta,Civil,EXAMINATION,How can I download my hall ticket?,Medium,2026-03-23,Chat
Q03823,Rohit Joshi,Civil,Fees,How can I pay my semester fee online?,High,2026-06-29,Email
Q05016,Aman Mehta,Information Technology,EXAMINATION,When will the examination timetable be released?,Medium,2026-03-02,Portal
Q04999,Karan Joshi,Electrical Engineering,Exam,i am unable to see my examination result.,Medium,2026-02-10,Chat
Q01451,Sanjay Gupta,Electrical Engineering,Tech,I am unable to access my student portal.,Medium,2026-04-15,Helpdesk
Q00762,Isha Sharma,Computer Science,ADMISSIONS,I need help with the admission registration process.,Low,2026-08-03,Helpdesk
Q01219,Shreya Sharma,Biotechnology,scholarship,When will the scholarship results be announced?,Medium,2026-05-01,Helpdesk
Q01705,Isha Kumar,Mechanical,Admissions,,High,2026-07-31,Helpdesk
Q02855,Yash Mehta,Electrical Engineering,Examinations,My exam centre details are not visible in the portal.,Low,2026-04-06,Portal
Q01033,Rohit Verma,Biotechnology,Accommodation,How can I contact the hostel administration?,Low,2026-03-16,Helpdesk
Q02780,Arjun Das,Mechanical,Fees,My fee payment was deducted but is not showing in the portal.,Medium,2026-08-24,Helpdesk
Q00828,Bhavya Das,Physics,Examination,When will the examination timetable be released?,Low,2026-08-19,Helpdesk
Q04518,Sanjay Verma,Electronics,Examination,What is the process for applying for revaluation?,Medium,2026-01-12,Portal
Q01704,Tanvi Singh,Information Technology,scholarship,What are the eligibility criteria for the scholarship?,High,2026-03-02,Portal
Q01688,Ankit Das,Mathematics,fees,,Low,2026-03-21,Portal
Q03694,Pooja Das,Biotechnology, Fees ,My fee payment was deducted but is not showing in the portal.,Medium,2026-02-04,Portal
Q01043,Aman Khan,Electronics,Tech,I forgot my portal password and cannot log in.,Low,2026-03-04,Helpdesk
Q01082,Tanvi Verma,Information Technology,examination,I am unable to see my examination result.,Medium,2026-04-07,Chat
Q01372,Divya Patel,Information Technology,Tech,The portal is showing an error while submitting my form. Kindly provide guidance.,Medium,2026-08-07,Portal
Q02053,Shreya Singh,Electronics,FEES,Is installment payment available for tuition fees?,High,2026-06-02,Portal
Q00876,Riya Singh,Mechanical,TECHNICAL,My dashboard is not loading properly.,Medium,2026-06-13,Email
Q04793,Shreya Mehta,Business Administration,Scholarships,My scholarship application status is pending.,Medium,2026-08-04,Portal
Q00901,Rahul Sharma,Information Technology,Scholarships,When will the scholarship results be announced?,Medium,2026-06-02,Portal
Q00871,Sanjay Das,InformationTechnology,FEES,Is installment payment available for tuition fees?,Low,2026-01-05,Email
Q03058,Priya Das,Biotechnology,Scholarship,What documents are required for scholarship verification?,Low,2026-08-12,Chat
Q04855,Bhavya Sharma,Civil,Admissions,what documents are required for admission verification?,Medium,2026-08-05,Chat
Q04057,Nisha Patel,Business Administration, Scholarship ,,Medium,2026-03-22,Chat
Q02825,Nitin Sharma,Business Administration,Hostel,What is the process for changing my hostel room?,Low,2026-06-25,Email
Q04550,Sakshi Kumar,Civil, Hostel ,what is the process for changing my hostel room?,High,2026-08-03,Helpdesk
Q02013,Aarav Patel,Civil,Examination,My exam centre details are not visible in the portal.,Medium,2026-02-06,Helpdesk
Q04682,Sakshi Kumar,Mechanical,Exam,When will the examination timetable be released?,High,2026-07-29,Email
Q00148,Nisha Sharma,Civil,hostel,When will the hostel allotment list be announced?,High,2026-07-05,Email
Q03716,Pooja Patel, Civil ,,How can I pay my semester fee online?,Medium,2026-02-04,Portal
Q02093,Nitin Das,Electronics,Tech,Please help. The portal is showing an error while submitting my form.,Medium,2026-01-06,Chat
Q00345,Harsh Singh,Civil,fees,Is installment payment available for tuition fees?,Medium,2026-04-28,Helpdesk
Q04298,Meera Joshi,Biotechnology,Fees,How can I pay my semester fee online?,Medium,2026-05-10,Helpdesk
Q01622,Meera Das,Business Administration, Hostel ,I have a problem with my hostel room facilities.,High,2026-07-13,Email
Q04809,Payal Verma,Computer Science,EXAMINATION,How can I download my hall ticket?,Medium,2026-03-17,Portal
Q01607,Pooja Khan,Electronics, Fees ,Please help. Can I download my fee payment receipt?,Medium,2026-08-14,Portal
Q04085,Ishaan Das,Electronics,Tech,I am unable to access my student portal.,High,2026-01-27,Chat
Q00618,Ishaan Mehta,Mathematics,Scholarship,,Medium,2026-03-25,Portal
Q04052,Nitin Gupta,Civil,HOSTEL,How can I apply for hostel accommodation?,Medium,2026-03-24,Email
Q01966,Nitin Das,Information Technology,hostel,,Low,2026-01-20,Email
Q01554,Yash Kumar,Mechanical,TECHNICAL,I forgot my portal password and cannot log in.,High,2026-05-19,Chat
Q04157,Nisha Das,Mechanical,Scholarship,How can I apply for a student scholarship? Kindly provide guidance.,High,2026-01-14,Portal
Q00053,Neha Sharma,Electrical Engineering,hostel,How can I contact the hostel administration?,Medium,2026-08-21,Helpdesk
Q01095,Kavya Kumar,Business Administration,Examination,,Medium,2026-07-23,Chat
Q03479,Ankit Verma,Civil,technical,I cannot upload my assignment due to a system error. Kindly provide guidance.,High,2026-03-20,Portal
Q04297,Aman Singh,Business Administration, Hostel ,When will the hostel allotment list be announced?,Medium,2026-06-06,Chat
Q03055,Varun Kumar,Business Administration,Examinations,i am unable to see my examination result.,High,2026-04-15,Email
Q03421,Rohan Khan,Computer Science,Technical,The portal is showing an error while submitting my form.,Low,2026-04-28,Chat
Q00666,Sneha Mehta,Information Technology,Accommodation,Please help. When will the hostel allotment list be announced?,Low,2026-02-22,Email
Q05137,Shreya Patel,Physics, Hostel ,How can I contact the hostel administration?,High,2026-04-06,Email
Q03985,Aman Kumar,Electronics,Scholarship,When will the scholarship results be announced?,Medium,2026-03-16,Helpdesk
Q03397,Aditya Kumar,Physics,EXAMINATION,my exam centre details are not visible in the portal.,Low,2026-08-05,Portal
Q02273,Isha Patel,Physics,,What documents are required for scholarship verification?,Medium,2026-06-28,Chat
Q03840,Aarav Sharma,Business Administration,Scholarships,My scholarship application status is pending.,low,2026-03-23,Helpdesk
Q05021,Tanvi Verma,Business Administration, Examination ,My exam centre details are not visible in the portal.,High,2026-01-14,Portal
Q01316,Nitin Singh,Biotechnology,FEES,My fee payment was deducted but is not showing in the portal.,High,2026-01-16,Chat
Q01690,Aman Patel,Physics, Fees ,How can I pay my semester fee online?,Low,2026-02-21,Chat
Q02085,Yash Kumar,Business Administration,,what documents are required for admission verification?,Medium,2026-07-10,Chat
Q03358,Kavya Kumar,Electrical Engineering, admissions ,What documents are required for admission verification?,Medium,2026-03-01,Helpdesk
Q01999,Simran Mehta,Mathematics,Examination,My exam centre details are not visible in the portal.,Low,2026-08-30,Chat
Q04602,Aarav Das,Business Administration,fees,Can I download my fee payment receipt?,Low,2026-03-25,Chat
Q00460,Aditi Das,Biotechnology,hostel,Please help. How can I apply for hostel accommodation?,Medium,2026-06-20,Helpdesk
Q00928,Sakshi Kumar,MATHEMATICS,Admission,What documents are required for admission verification?,Medium,2026-08-25,Portal
Q01536,Sakshi Mehta,Physics,,What documents are required for scholarship verification?,Medium,2026-04-27,Portal
Q02872,Nisha Khan,Biotechnology,fees,Is installment payment available for tuition fees? Kindly provide guidance.,Medium,2026-07-16,Helpdesk
Q02527,Kavya Joshi,Electronics,Scholarships,When will the scholarship results be announced?,High,2026-02-07,Chat
Q01798,Aarav Joshi,Physics, Hostel ,How can I apply for hostel accommodation?,Medium,2026-06-07,Chat
Q03784,Varun Singh,Business Administration,Scholarship,When will the scholarship results be announced?,High,2026-01-09,Email
Q00727,Sanjay Patel,Biotechnology,,How can I check the status of my admission application? Kindly provide guidance.,Low,2026-07-10,Chat
Q00563,Nitin Mehta,Computer Science, Fees ,Is installment payment available for tuition fees?,Low,2026-08-30,Portal
Q02892,Nitin Mehta,Civil,examination,I am unable to see my examination result.,Low,2026-08-05,Email
Q00920,Simran Joshi,Mechanical,examination,How can I download my hall ticket?,Medium,2026-04-06,Email
Q03938,Sneha Singh,electrical engineering,,How can I pay my semester fee online?,High,2026-04-18,Portal
Q04265,Nisha Patel,Electronics,Fees,my fee payment was deducted but is not showing in the portal.,High,2026-08-27,Helpdesk
Q01019,Manav Joshi,Mechanical, admissions ,Can I change my selected programme after admission?,Medium,2026-07-26,Helpdesk
Q02620,Riya Sharma,Business Administration,TECHNICAL,I cannot upload my assignment due to a system error.,Medium,2026-02-10,Chat
Q05189,Varun Khan,Mathematics,Examinations,My exam centre details are not visible in the portal.,Low,2026-01-29,Email
Q00204,Rahul Sharma,Biotechnology,Admissions,I need help with the admission registration process.,Medium,2026-04-01,Portal
Q04949,Manav Joshi,Computer Science,Examination,how can i download my hall ticket?,Medium,2026-06-02,Helpdesk
Q01145,Divya Singh,Electrical Engineering,Examination,,Medium,2026-05-30,Helpdesk
Q00419,Ishaan Verma,Business Administration,fees,Can I download my fee payment receipt?,High,2026-04-01,Email
Q03962,Arjun Khan,Mechanical,FEES,,Medium,2026-07-09,Helpdesk
Q02591,Tanvi Patel,Physics,EXAMINATION,I am unable to see my examination result.,Medium,2026-01-30,Email
Q04854,Priya Kumar,Mechanical,SCHOLARSHIP,What documents are required for scholarship verification?,Low,2026-04-08,Email
Q03139,Divya Patel,Computer Science,HOSTEL,Please help. How can I apply for hostel accommodation?,High,2026-08-07,Helpdesk
Q01795,Aarav Joshi,Biotechnology,Admission,Can I change my selected programme after admission?,High,2026-08-12,Chat
Q01648,Neha Das,Mechanical,Tech,The portal is showing an error while submitting my form.,Medium,2026-03-28,Portal
Q01245,Sneha Verma,Business Administration,technical,I am unable to access my student portal.,HIGH,2026-04-06,Email
Q04448,Harsh Singh,Computer Science,Examinations,Please help. When will the examination timetable be released?,Medium,2026-07-12,Helpdesk
Q03065,Payal Singh,Electronics, Fees ,,Low,2026-05-06,Chat
Q04850,Aman Verma,Biotechnology,fees,Please help. How can I pay my semester fee online?,Low,2026-03-24,Email
Q01978,Neha Patel,Electrical Engineering,SCHOLARSHIP,Please help. When will the scholarship results be announced?,High,2026-02-22,Email
Q00205,Bhavya Patel,Information Technology,Scholarship,What documents are required for scholarship verification?,High,2026-01-26,Portal
Q02540,Pooja Patel,Mathematics, Fees ,My fee payment was deducted but is not showing in the portal.,Medium,2026-02-11,Email
Q02821,Karan Patel,Electrical Engineering,Scholarships,My scholarship application status is pending.,medium,2026-02-24,Portal
Q02553,Shreya Kumar, Information Technology ,Accommodation,,Medium,2026-01-07,Portal
Q00437,Rohan Das,Physics,TECHNICAL,The portal is showing an error while submitting my form.,High,2026-08-16,Portal
Q03878,Yash Gupta,Information Technology,hostel,I have a problem with my hostel room facilities.,Low,2026-04-22,Chat
Q00181,Divya Singh,Mechanical,Fee,What is the last date for paying the semester fee?,High,2026-03-25,Portal
Q00996,Ananya Mehta,Electrical Engineering, Technical ,I forgot my portal password and cannot log in.,Medium,2026-05-28,Email
Q03866,Yash Joshi,Computer Science,TECHNICAL,My dashboard is not loading properly.,Medium,2026-07-09,Chat
Q05036,Kavya Singh,Business Administration,admissions,Can I change my selected programme after admission?,Low,2026-06-23,Helpdesk
Q04301,Ishaan Joshi,Mechanical, Fees ,Is installment payment available for tuition fees?,Low,2026-03-01,Helpdesk
Q00802,Kavya Sharma,Civil,SCHOLARSHIP,What are the eligibility criteria for the scholarship?,Low,2026-04-11,Portal
Q04890,Ananya Verma,Information Technology,Hostel,I have a problem with my hostel room facilities. Kindly provide guidance.,High,2026-08-31,Portal
Q04729,Rohan Verma,Mathematics,scholarship,How can I apply for a student scholarship? Kindly provide guidance.,Medium,2026-01-30,Helpdesk
Q00257,Shreya Verma,Electrical Engineering,Examination,How can I download my hall ticket?,Low,2026-03-30,Portal
Q02419,Aarav Das,Electronics,Scholarship,My scholarship application status is pending.,Low,2026-05-07,Portal
Q00449,Sneha Sharma,Information Technology,Technical,My dashboard is not loading properly.,Medium,2026-03-02,Portal
Q05173,Manav Khan,Mechanical,Examinations,What is the process for applying for revaluation?,High,2026-04-29,Email
Q01834,Aditi Singh,Mathematics, admissions ,How can I check the status of my admission application?,Medium,2026-06-25,Helpdesk
Q00667,Pooja Verma,Mathematics,scholarship,What are the eligibility criteria for the scholarship?,Medium,2026-02-20,Email
Q00352,Shreya Verma,Biotechnology,hostel,What is the process for changing my hostel room? Kindly provide guidance.,Medium,2026-07-06,Portal
Q02692,Sakshi Gupta,Biotechnology,Fee,Can I download my fee payment receipt?,Medium,2026-07-01,Helpdesk
Q03464,Simran Verma,Computer Science,ADMISSIONS,Please help. What documents are required for admission verification?,Medium,2026-04-14,Chat
Q00723,Aman Verma,Mechanical,ADMISSIONS,Please help. How can I check the status of my admission application?,Medium,2026-03-18,Helpdesk
Q04464,Rohit Joshi,Computer Science,Scholarships,My scholarship application status is pending.,Medium,2026-03-08,Email
Q04236,Nitin Mehta,Biotechnology,Examination,I am unable to see my examination result.,Medium,2026-02-08,Portal
Q02354,Ankit Gupta,Biotechnology,TECHNICAL,i cannot upload my assignment due to a system error.,Medium,2026-01-30,Email
Q01210,Kavya Gupta,Biotechnology,Fees,Is installment payment available for tuition fees?,High,2026-03-30,Helpdesk
Q03264,Rohit Patel,Computer Science, Technical ,I forgot my portal password and cannot log in.,High,2026-01-01,Chat
Q02798,Manav Das,Mathematics,TECHNICAL,My dashboard is not loading properly.,Low,2026-03-28,Chat
Q03566,Priya Das,Civil, Fees ,Is installment payment available for tuition fees?,Medium,2026-06-04,Portal
Q05194,Meera Patel,Business Administration, Examination ,What is the process for applying for revaluation?,High,2026-01-07,Helpdesk
Q00140,Neha Gupta,Civil,examination,When will the examination timetable be released?,High,2026-02-07,Chat
Q04009,Sakshi Mehta,Civil,Fee,My fee payment was deducted but is not showing in the portal.,Medium,2026-05-24,Portal
Q01221,Vikram Mehta,Electrical Engineering,ADMISSIONS,What documents are required for admission verification? Kindly provide guidance.,Medium,2026-03-16,Portal
Q00781,Vikram Das,Physics, Hostel ,When will the hostel allotment list be announced?,Medium,2026-01-09,Chat
Q00061,Rahul Kumar,Physics,Accommodation,I have a problem with my hostel room facilities.,High,2026-04-17,Helpdesk
Q03106,Nisha Joshi,Information Technology,Examinations,Please help. What is the process for applying for revaluation?,Low,2026-01-21,Portal
Q04871,Harsh Sharma,Mathematics,Examinations,I am unable to see my examination result.,Medium,2026-06-30,Chat
Q02061,Payal Joshi,Biotechnology, admissions ,When will the next admission merit list be published? Kindly provide guidance.,Medium,2026-08-09,Portal
Q04540,Rahul Khan,MECHANICAL,HOSTEL,How can I apply for hostel accommodation?,High,2026-06-27,Email
Q02047,Aditi Gupta,Information Technology,FEES,My fee payment was deducted but is not showing in the portal.,Medium,2026-03-27,Helpdesk
Q02259,Aditi Kumar,Electronics,HOSTEL,I have a problem with my hostel room facilities.,Medium,2026-04-21,Helpdesk
Q03146,Manav Khan,Biotechnology,SCHOLARSHIP,How can I apply for a student scholarship?,Medium,2026-01-06,Helpdesk
Q01794,Harsh Kumar,Physics,Hostel,When will the hostel allotment list be announced? Kindly provide guidance.,Medium,2026-06-09,Portal
Q02817,Isha Kumar,Business Administration, Scholarship ,Please help. What documents are required for scholarship verification?,Medium,2026-04-21,Email
Q01091,Pooja Singh,mathematics, Scholarship ,How can I apply for a student scholarship?,Medium,2026-04-22,Email
Q02099,Kavya Gupta,business administration,fees,How can I pay my semester fee online?,Low,2026-06-15,Portal
Q01990,Sanjay Sharma,Information Technology,Accommodation,How can I contact the hostel administration?,Low,2026-07-15,Chat
Q05113,Nitin Khan,Mechanical,HOSTEL,How can I contact the hostel administration?,Low,2026-05-15,Helpdesk
Q00034,Vikram Verma,Business Administration,fees,my fee payment was deducted but is not showing in the portal.,Low,2026-07-06,Email
Q03302,Yash Patel,Computer Science,Admission,What documents are required for admission verification?,Medium,2026-08-07,Email
Q03690,Rohan Joshi,Civil,scholarship,When will the scholarship results be announced?,Medium,2026-01-08,Portal
Q03552,Nisha Patel,Mathematics,fees,Is installment payment available for tuition fees?,Medium,2026-08-13,Portal
Q02860,Sakshi Singh,Information Technology,,I forgot my portal password and cannot log in.,High,2026-03-04,Chat
Q00536,Kavya Verma,Biotechnology,technical,I cannot upload my assignment due to a system error.,Medium,2026-01-10,Chat
Q00611,Rohan Khan,Biotechnology, admissions ,What documents are required for admission verification?,Medium,2026-07-31,Helpdesk
Q01083,Manav Joshi,Electronics,Scholarship,How can I apply for a student scholarship?,Low,2026-05-07,Portal
Q03129,Yash Patel,Electrical Engineering,Technical,I am unable to access my student portal.,Medium,2026-01-19,Email
Q04289,Riya Gupta,Electronics, admissions ,How can I check the status of my admission application?,Medium,2026-02-15,Email
Q00909,Ankit Patel,Business Administration,Tech,The portal is showing an error while submitting my form.,Low,2026-01-04,Helpdesk
Q03764,Riya Joshi,Mathematics, Examination ,I am unable to see my examination result.,Medium,2026-01-13,Portal
Q00156,Ishaan Sharma,Civil,Accommodation,How can I contact the hostel administration?,High,2026-07-07,Chat
Q03500,Simran Patel,Business Administration,Fees,Is installment payment available for tuition fees?,High,2026-05-26,Helpdesk
Q01757,Bhavya Sharma,Electronics,Technical,i forgot my portal password and cannot log in.,Medium,2026-01-22,Email
Q02544,Nisha Sharma,Computer Science,scholarship,My scholarship application status is pending.,Medium,2026-06-27,Email
Q00974,Manav Gupta,Mathematics,Scholarship,My scholarship application status is pending.,Low,2026-04-19,Email
Q04411,Isha Singh,Business Administration,examination,I am unable to see my examination result.,Low,2026-01-31,Helpdesk
Q04725,Arjun Mehta,Physics,FEES,what is the last date for paying the semester fee?,medium,2026-03-16,Helpdesk
Q01894,Nisha Mehta,Computer Science,HOSTEL,What is the process for changing my hostel room?,High,2026-03-22,Portal
Q01152,Rohan Joshi,Information Technology,Examination,What is the process for applying for revaluation?,Medium,2026-07-24,Chat
Q00818,Rahul Verma,Civil,Tech,I forgot my portal password and cannot log in.,Medium,2026-04-23,Portal
Q03888,Varun Das,Mathematics,EXAMINATION,,High,2026-07-25,Chat
Q05172,Priya Das,Physics,Tech,The portal is showing an error while submitting my form.,Medium,2026-02-06,Email
Q04179,Meera Joshi,Electronics,,I need help with the admission registration process.,Medium,2026-03-03,Email
Q03664,Ankit Kumar,Information Technology, admissions ,Can I change my selected programme after admission?,Medium,2026-06-08,Helpdesk
Q02158,Neha Patel,Business Administration, Scholarship ,What are the eligibility criteria for the scholarship?,Medium,2026-08-25,Chat
Q00715,Riya Khan,Business Administration,examination,i am unable to see my examination result.,Medium,2026-02-03,Email
Q02197,Nitin Patel,Civil,TECHNICAL,I forgot my portal password and cannot log in.,Medium,2026-05-23,Email
Q03050,Divya Sharma,Mechanical, admissions ,How can I check the status of my admission application? Kindly provide guidance.,Low,2026-05-02,Email
Q01925,Ananya Singh,Mathematics,TECHNICAL,My dashboard is not loading properly.,Medium,2026-07-13,Email
Q04343,Priya Verma,Physics,SCHOLARSHIP,What documents are required for scholarship verification?,Low,2026-04-21,Chat
Q00811,Payal Khan,Mathematics, Scholarship ,Please help. What documents are required for scholarship verification?,High,2026-06-17,Chat
Q00768,Sanjay Das,Information Technology,admissions,I need help with the admission registration process.,Medium,2026-04-22,Helpdesk
Q02690,Arjun Khan,Electrical Engineering,Examination,When will the examination timetable be released?,High,2026-08-03,Chat
Q00603,Varun Mehta,Information Technology,technical,I am unable to access my student portal.,Medium,2026-03-21,Portal
Q04989,Neha Patel,Mathematics, Technical ,I forgot my portal password and cannot log in.,Medium,2026-04-04,Email
Q01642,Rahul Sharma,COMPUTER SCIENCE,Fee,What is the last date for paying the semester fee?,Low,2026-07-23,Portal
Q02286,Rahul Gupta,Mechanical,Admission,What documents are required for admission verification? Kindly provide guidance.,High,2026-02-19,Chat
Q02806,Payal Sharma,Information Technology,ADMISSIONS,When will the next admission merit list be published?,Medium,2026-05-12,Email
Q03774,Arjun Khan,Electrical Engineering, Fees ,Can I download my fee payment receipt?,Medium,2026-07-31,Chat
Q00444,Ankit Mehta,Information Technology,Fees,,Low,2026-03-08,Email
Q02086,Nitin Kumar,Biotechnology,SCHOLARSHIP,What are the eligibility criteria for the scholarship?,Low,2026-03-20,Chat
Q00379,Yash Das,Electronics,SCHOLARSHIP,What documents are required for scholarship verification?,Medium,2026-03-09,Helpdesk
Q02846,Ankit Kumar,Mathematics,Examinations,What is the process for applying for revaluation? Kindly provide guidance.,Medium,2026-01-13,Email
Q03670,Nitin Das,Computer Science,Hostel,When will the hostel allotment list be announced?,Medium,2026-07-05,Portal
Q03838,Karan Verma,Information Technology,Tech,My dashboard is not loading properly.,High,2026-02-14,Portal
Q00225,Tanvi Mehta,Information Technology,ADMISSIONS,When will the next admission merit list be published?,High,2026-06-03,Email
Q00630,Shreya Patel,Business Administration, admissions ,can i change my selected programme after admission?,High,2026-07-05,Portal
Q03810,Aarav Verma,Information Technology,Admissions,what documents are required for admission verification?,Low,2026-03-09,Email
Q05069,Sneha Mehta,Civil,SCHOLARSHIP,What are the eligibility criteria for the scholarship? Kindly provide guidance.,High,2026-08-06,Helpdesk
Q02543,Simran Gupta,Biotechnology,admissions,When will the next admission merit list be published?,HIGH,2026-06-11,Portal
Q01746,Simran Joshi,Mathematics, admissions ,Can I change my selected programme after admission?,Medium,2026-07-22,Portal
Q02585,Aman Kumar,Information Technology,EXAMINATION,What is the process for applying for revaluation?,High,2026-07-08,Helpdesk
Q04329,Riya Khan,Civil,technical,I cannot upload my assignment due to a system error.,Medium,2026-06-02,Chat
Q01388,Nitin Gupta,Mathematics,FEES,Please help. What is the last date for paying the semester fee?,Medium,2026-05-26,Helpdesk
Q04794,Harsh Verma,Electrical Engineering,FEES,What is the last date for paying the semester fee?,Low,2026-01-05,Helpdesk
Q03780,Nitin Mehta,Electronics,admissions,When will the next admission merit list be published?,High,2026-06-15,Email
Q00632,Simran Khan,Computer Science,Accommodation,How can I apply for hostel accommodation?,High,2026-06-02,Portal
Q01657,Sanjay Verma,Information Technology,Exam,what is the process for applying for revaluation?,Low,2026-01-11,Email
Q00029,Ananya Sharma,Mathematics,fees,How can I pay my semester fee online?,Medium,2026-04-11,Portal
Q00899,Neha Singh,Civil, Scholarship ,How can I apply for a student scholarship?,Medium,2026-02-16,Chat
Q02561,Karan Mehta,Physics,TECHNICAL,I am unable to access my student portal.,Medium,2026-07-20,Email
Q03087,Kavya Sharma,Business Administration, Technical ,My dashboard is not loading properly.,Medium,2026-02-13,Chat
Q01656,Priya Joshi,Mathematics, Hostel ,What is the process for changing my hostel room?,Medium,2026-07-03,Portal
Q03133,Rohan Das,Information Technology, admissions ,Please help. How can I check the status of my admission application?,Low,2026-06-15,Email
Q02223,Yash Patel,Physics,technical,I am unable to access my student portal.,Medium,2026-02-08,Email
Q03196,Riya Das,Physics,EXAMINATION,What is the process for applying for revaluation?,Medium,2026-05-16,Helpdesk
Q00290,Harsh Das,Information Technology,Scholarship,How can I apply for a student scholarship?,Medium,2026-08-17,Email
Q03860,Simran Kumar,Physics,Hostel,How can I apply for hostel accommodation?,Low,2026-07-13,Email
Q00285,Ananya Verma,Computer Science,scholarship,What are the eligibility criteria for the scholarship? Kindly provide guidance.,Medium,2026-01-13,Portal
Q04047,Nisha Gupta,Civil,FEES,is installment payment available for tuition fees?,Medium,2026-01-04,Email
Q02642,Riya Das,Electronics, Fees ,How can I pay my semester fee online? Kindly provide guidance.,LOW,2026-03-10,Portal
Q05021,Tanvi Verma,Business Administration, Examination ,My exam centre details are not visible in the portal.,High,2026-01-14,Portal
Q03456,Karan Gupta,Information Technology,SCHOLARSHIP,How can I apply for a student scholarship?,High,2026-02-01,Chat
Q03346,Riya Gupta,Electronics,Scholarships,My scholarship application status is pending.,High,2026-07-07,Helpdesk
Q02812,Ishaan Das,Electronics,Accommodation,When will the hostel allotment list be announced?,Low,2026-03-30,Portal
Q01514,Divya Kumar,Physics,Technical,i forgot my portal password and cannot log in.,Medium,2026-04-12,Helpdesk
Q01378,Rahul Khan,Electrical Engineering,examination,How can I download my hall ticket?,Low,2026-05-12,Chat
Q00844,Sneha Patel,Civil,Fees,My fee payment was deducted but is not showing in the portal.,Medium,2026-05-10,Chat
Q01066,Aditya Singh,Business Administration,SCHOLARSHIP,My scholarship application status is pending.,Medium,2026-06-12,Chat
Q02138,Yash Patel,Electrical Engineering,admissions,Please help. I need help with the admission registration process.,High,2026-06-05,Chat
Q04553,Vikram Verma,Physics,admissions,i need help with the admission registration process.,High,2026-02-16,Helpdesk
Q00981,Karan Verma,Biotechnology,,Can I change my selected programme after admission? Kindly provide guidance.,Medium,2026-02-26,Helpdesk
Q02849,Varun Patel,Mechanical, Fees ,How can I pay my semester fee online? Kindly provide guidance.,Medium,2026-06-28,Helpdesk
Q03803,Rohit Verma,Physics,,I am unable to see my examination result.,Medium,2026-05-22,Email
Q03173,Harsh Khan,Electrical Engineering,Hostel,I have a problem with my hostel room facilities.,Medium,2026-08-18,Chat
Q01830,Payal Gupta,Civil, Fees ,,Medium,2026-07-28,Email
Q00330,Sakshi Patel,Mechanical, admissions ,Please help. How can I check the status of my admission application?,Medium,2026-08-07,Portal
Q00202,Divya Verma,Mechanical,ADMISSIONS,I need help with the admission registration process.,High,2026-04-24,Portal
Q04990,Tanvi Verma,Electrical Engineering, admissions ,,Medium,2026-03-06,Email
Q01797,Rohan Khan,Electrical Engineering,Fees,Can I download my fee payment receipt?,Medium,2026-05-02,Chat
Q04422,Riya Kumar,Mathematics,Fee,How can I pay my semester fee online?,Medium,2026-04-06,Chat
Q03194,Rohit Patel,Physics,FEES,Can I download my fee payment receipt?,High,2026-08-07,Chat
Q01008,Aarav Mehta,Computer Science,,What are the eligibility criteria for the scholarship?,Low,2026-01-02,Helpdesk
Q00809,Ananya Mehta,Computer Science,examination,When will the examination timetable be released?,Medium,2026-01-17,Helpdesk
Q03090,Sakshi Mehta,Physics,Admissions,Can I change my selected programme after admission? Kindly provide guidance.,Medium,2026-07-22,Email
Q04739,Aditya Joshi,Electrical Engineering,scholarship,What are the eligibility criteria for the scholarship?,Low,2026-01-07,Portal
Q02337,Nitin Patel,Civil,Scholarship,Please help. What documents are required for scholarship verification?,Low,2026-04-21,Helpdesk
Q04803,Rohit Joshi,Information Technology, Hostel ,I have a problem with my hostel room facilities.,High,2026-06-24,Helpdesk
Q01116,Rohan Mehta,Electronics,HOSTEL,How can I apply for hostel accommodation?,high,2026-03-19,Email
Q04081,Varun Patel,Physics,technical,I am unable to access my student portal.,High,2026-07-10,Portal
Q01880,Rohan Patel,Mechanical,SCHOLARSHIP,My scholarship application status is pending. Kindly provide guidance.,Medium,2026-05-12,Chat
Q01107,Ankit Patel,Information Technology,Fee,How can I pay my semester fee online?,High,2026-02-16,Helpdesk
Q03600,Bhavya Sharma,Business Administration,Scholarship,What are the eligibility criteria for the scholarship?,Medium,2026-08-12,Email
Q04126,Rohit Mehta,Electronics,Admissions,When will the next admission merit list be published?,Medium,2026-02-07,Helpdesk
Q02385,Harsh Verma,Computer Science,EXAMINATION,I am unable to see my examination result.,Medium,2026-03-05,Portal
Q02515,Ananya Singh,Business Administration, admissions ,I need help with the admission registration process.,medium,2026-08-20,Helpdesk
Q04326,Aarav Singh,Electrical Engineering, Technical ,the portal is showing an error while submitting my form.,High,2026-05-18,Portal
Q00602,Vikram Patel,Electronics,Accommodation,How can I contact the hostel administration?,Low,2026-07-20,Chat
Q00790,Rahul Sharma,Information Technology,Scholarships,,Medium,2026-03-17,Email
Q01938,Ankit Joshi,Civil,admissions,How can I check the status of my admission application?,Low,2026-07-31,Chat
Q04720,Priya Verma,Civil, Technical ,The portal is showing an error while submitting my form.,High,2026-07-08,Portal
Q04691,Varun Khan,Computer Science,Admissions,How can I check the status of my admission application?,High,2026-01-17,Email
Q03704,Harsh Mehta,Physics,technical,My dashboard is not loading properly.,Medium,2026-05-07,Chat
Q03399,Rohan Kumar,Information Technology,HOSTEL,What is the process for changing my hostel room?,High,2026-03-06,Chat
Q02081,Yash Joshi,Mathematics,admissions,How can I check the status of my admission application?,high,2026-04-11,Helpdesk
Q02411,Varun Gupta,Electrical Engineering,SCHOLARSHIP,What are the eligibility criteria for the scholarship?,Low,2026-01-18,Helpdesk
Q04752,Rohit Das,Civil,Technical,Please help. My dashboard is not loading properly.,Medium,2026-05-02,Helpdesk
Q03812,Aman Joshi,Biotechnology,Fee,My fee payment was deducted but is not showing in the portal.,High,2026-05-14,Helpdesk
Q03130,Sakshi Patel,Physics,HOSTEL,What is the process for changing my hostel room?,Medium,2026-05-30,Chat
Q00446,Rohan Joshi,Biotechnology,Technical,I am unable to access my student portal.,High,2026-02-06,Helpdesk
Q02314,Varun Khan,Business Administration,TECHNICAL,i forgot my portal password and cannot log in.,Medium,2026-07-03,Portal
Q02350,Ishaan Verma,Civil,Admissions,How can I check the status of my admission application? Kindly provide guidance.,Medium,2026-02-28,Helpdesk
Q04709,Isha Gupta,Computer Science,TECHNICAL,my dashboard is not loading properly.,Low,2026-01-24,Portal
Q02902,Bhavya Gupta,Electrical Engineering,admissions,How can I check the status of my admission application?,Medium,2026-08-28,Helpdesk
Q01580,Ankit Joshi,Electronics,scholarship,My scholarship application status is pending.,High,2026-07-07,Chat
Q03801,Meera Patel,Electronics,Examinations,Please help. How can I download my hall ticket?,Medium,2026-08-08,Portal
Q02713,Isha Patel,Physics,fees,My fee payment was deducted but is not showing in the portal.,Medium,2026-05-14,Email
Q00030,Neha Das,Physics,EXAMINATION,My exam centre details are not visible in the portal.,High,2026-02-05,Email
Q02073,Kavya Mehta,Civil,Fees,Can I download my fee payment receipt?,High,2026-05-06,Email
Q04260,Nisha Khan,Physics,ADMISSIONS,What documents are required for admission verification?,Medium,2026-08-06,Chat
Q04369,Payal Joshi,Electrical Engineering,HOSTEL,How can I apply for hostel accommodation?,Medium,2026-08-14,Email
Q00463,Aditi Das,Information Technology,Scholarship,what are the eligibility criteria for the scholarship?,Medium,2026-06-19,Chat
Q00168,Yash Joshi,Civil, Hostel ,I have a problem with my hostel room facilities.,Medium,2026-06-10,Chat
Q03593,Tanvi Joshi,Mechanical, Examination ,I am unable to see my examination result. Kindly provide guidance.,High,2026-06-03,Helpdesk
Q04666,Ishaan Singh,Electronics,scholarship,My scholarship application status is pending.,Medium,2026-04-03,Portal
Q03708,Neha Verma,Electrical Engineering,Accommodation,I have a problem with my hostel room facilities.,High,2026-07-18,Portal
Q05081,Riya Joshi,Civil,,Please help. My scholarship application status is pending.,Medium,2026-02-13,Portal
Q01899,Nitin Patel,Civil,SCHOLARSHIP,What are the eligibility criteria for the scholarship? Kindly provide guidance.,High,2026-01-05,Portal
Q02440,Karan Gupta,Mathematics,Fee,Is installment payment available for tuition fees?,Medium,2026-02-10,Helpdesk
Q01424,Isha Gupta,Electronics,Fee,Is installment payment available for tuition fees?,High,2026-08-25,Email
Q01028,Neha Verma,Biotechnology,Examination,What is the process for applying for revaluation?,Medium,2026-05-19,Email
Q04347,Varun Joshi,Civil, Fees ,Can I download my fee payment receipt?,Medium,2026-04-29,Helpdesk
Q04673,Arjun Joshi,Civil,Admission,What documents are required for admission verification?,Medium,2026-05-28,Helpdesk
Q02626,Arjun Joshi,Biotechnology,Fee,Please help. Can I download my fee payment receipt?,Low,2026-06-26,Email
Q00363,Rohit Joshi,Mathematics,Fees,Can I download my fee payment receipt? Kindly provide guidance.,Low,2026-03-24,Helpdesk
Q00424,Kavya Singh,Computer Science,Examinations,How can I download my hall ticket?,High,2026-02-27,Email
Q00822,Varun Das,Physics, Scholarship ,What are the eligibility criteria for the scholarship?,Medium,2026-03-29,Chat
Q01532,Shreya Gupta,Business Administration,Fee,is installment payment available for tuition fees?,Low,2026-07-08,Email
Q04603,Manav Mehta,Computer Science,HOSTEL,How can I apply for hostel accommodation?,Low,2026-04-15,Portal
Q04745,Isha Joshi,Mechanical,examination,I am unable to see my examination result.,Medium,2026-03-13,Email
Q02325,Vikram Gupta,Mechanical, admissions ,can i change my selected programme after admission?,High,2026-01-05,Helpdesk
Q01588,Divya Singh,Mechanical,Exam,My exam centre details are not visible in the portal.,Low,2026-02-06,Email
Q04516,Ankit Joshi,Physics,HOSTEL,i have a problem with my hostel room facilities.,Medium,2026-06-20,Helpdesk
Q02065,Harsh Das,Business Administration,examination,my exam centre details are not visible in the portal.,Low,2026-06-29,Chat
Q00671,Bhavya Mehta,Civil,examination,I am unable to see my examination result. Kindly provide guidance.,Low,2026-05-14,Helpdesk
Q00485,Priya Joshi,Biotechnology, Scholarship ,What documents are required for scholarship verification?,High,2026-07-10,Helpdesk
Q03547,Isha Das,Mechanical,technical,The portal is showing an error while submitting my form.,High,2026-02-06,Helpdesk
Q02432,Aditya Das,Business Administration,Examination,,Medium,2026-03-07,Helpdesk
Q00571,Vikram Mehta,Mechanical,Examination,Please help. How can I download my hall ticket?,Medium,2026-02-21,Helpdesk
Q04929,Rohit Khan,Mechanical, Hostel ,How can I contact the hostel administration?,High,2026-04-20,Email
Q05196,Ankit Joshi,Civil, Fees ,My fee payment was deducted but is not showing in the portal.,Medium,2026-06-09,Portal
Q05072,Karan Sharma,Business Administration, Technical ,The portal is showing an error while submitting my form.,Medium,2026-04-22,Helpdesk
Q00875,Rahul Verma,Electrical Engineering,Examination,What is the process for applying for revaluation?,High,2026-03-08,Portal
Q03168,Simran Sharma,Information Technology,Tech,The portal is showing an error while submitting my form.,Medium,2026-05-18,Helpdesk
Q01454,Tanvi Khan,Civil, Fees ,What is the last date for paying the semester fee? Kindly provide guidance.,Medium,2026-08-15,Chat
Q03132,Sakshi Gupta,Electronics,scholarship,How can I apply for a student scholarship?,medium,2026-02-23,Email
Q04976,Nitin Patel,Electrical Engineering,Examinations,My exam centre details are not visible in the portal.,Medium,2026-07-28,Portal
Q02810,Tanvi Singh,Computer Science,Examination,What is the process for applying for revaluation?,Medium,2026-07-17,Chat
Q01383,Ankit Gupta,Mathematics,FEES,What is the last date for paying the semester fee? Kindly provide guidance.,High,2026-01-27,Chat
Q01229,Aditi Gupta,Information Technology, Scholarship ,How can I apply for a student scholarship? Kindly provide guidance.,Medium,2026-07-09,Chat
Q03308,Shreya Joshi,Business Administration,Fees,My fee payment was deducted but is not showing in the portal.,Low,2026-04-25,Helpdesk
Q01997,Kavya Patel,Biotechnology,ADMISSIONS,What documents are required for admission verification?,medium,2026-04-12,Portal
Q01365,Varun Gupta,Business Administration,scholarship,What documents are required for scholarship verification?,Medium,2026-03-04,Portal
Q01662,Rohan Khan,Mechanical,Exam,I am unable to see my examination result.,High,2026-02-07,Portal
Q03855,Arjun Mehta,Civil, Hostel ,How can I apply for hostel accommodation?,Low,2026-01-23,Portal
Q03684,Ankit Patel,Civil,Technical,I am unable to access my student portal.,Low,2026-01-02,Chat
Q04217,Tanvi Gupta,InformationTechnology,Scholarship,Please help. My scholarship application status is pending.,Low,2026-08-03,Email
Q01299,Simran Singh,Electronics,HOSTEL,When will the hostel allotment list be announced?,Low,2026-04-23,Chat
Q04754,Aarav Das,Business Administration,Scholarships,Please help. How can I apply for a student scholarship?,Medium,2026-07-08,Portal
Q02231,Rahul Khan,Electrical Engineering,Examinations,I am unable to see my examination result.,high,2026-05-25,Chat
Q01097,Rohan Sharma,Biotechnology,HOSTEL,How can I contact the hostel administration?,High,2026-04-15,Email
Q03291,Tanvi Verma,Business Administration,ADMISSIONS,When will the next admission merit list be published?,Medium,2026-06-07,Helpdesk
Q02323,Tanvi Joshi,Business Administration,FEES,My fee payment was deducted but is not showing in the portal.,Medium,2026-01-19,Helpdesk
Q03806,Varun Patel,Civil,FEES,What is the last date for paying the semester fee?,Low,2026-08-04,Portal
Q01781,Vikram Patel,Computer Science,ADMISSIONS,I need help with the admission registration process. Kindly provide guidance.,Low,2026-03-31,Chat
Q04080,Isha Singh,Mechanical, admissions ,I need help with the admission registration process.,Low,2026-05-09,Portal
Q03540,Meera Patel,Biotechnology,admissions,When will the next admission merit list be published?,Medium,2026-01-05,Helpdesk
Q03275,Manav Das,Biotechnology, Scholarship ,What are the eligibility criteria for the scholarship?,High,2026-02-11,Portal
Q02203,Sanjay Sharma,civil,Scholarship,What are the eligibility criteria for the scholarship?,Medium,2026-04-24,Email
Q03797,Priya Kumar,Biotechnology, Examination ,What is the process for applying for revaluation?,High,2026-08-31,Email
Q01167,Varun Joshi,Electronics,HOSTEL,When will the hostel allotment list be announced?,Medium,2026-03-20,Helpdesk
Q01950,Nisha Singh,Mathematics,Scholarship,How can I apply for a student scholarship?,High,2026-07-21,Portal
Q03723,Priya Kumar,Computer Science,Fees,My fee payment was deducted but is not showing in the portal.,Low,2026-06-26,Portal
Q00659,Pooja Sharma,Physics,scholarship,My scholarship application status is pending.,Medium,2026-04-06,Email
Q05017,Meera Khan,Mechanical,examination,I am unable to see my examination result.,Low,2026-07-16,Portal
Q04485,Isha Patel,Information Technology,Admissions,I need help with the admission registration process.,Low,2026-07-02,Helpdesk
Q02108,Neha Joshi,Electronics,Examinations,i am unable to see my examination result.,Low,2026-02-24,Chat
Q02524,Nitin Mehta,Mechanical,Scholarship,My scholarship application status is pending.,Low,2026-06-11,Chat
Q03654,Ankit Gupta,Civil,HOSTEL,what is the process for changing my hostel room?,Low,2026-05-29,Portal
Q01228,Isha Das,Computer Science, Technical ,my dashboard is not loading properly.,High,2026-06-04,Email
Q01264,Meera Patel,Electrical Engineering, Hostel ,How can I contact the hostel administration?,Medium,2026-06-26,Chat
Q01558,Aditi Singh,Electronics,Fees,My fee payment was deducted but is not showing in the portal.,Low,2026-03-21,Chat
Q05185,Varun Patel,Information Technology,Hostel,When will the hostel allotment list be announced?,Medium,2026-04-09,Email
Q02462,Aarav Gupta,Civil,ADMISSIONS,When will the next admission merit list be published?,Medium,2026-06-10,Email
Q04299,Nitin Gupta,Electronics,TECHNICAL,My dashboard is not loading properly.,Low,2026-03-12,Helpdesk
Q01593,Harsh Joshi,Computer Science,technical,I cannot upload my assignment due to a system error.,Medium,2026-07-09,Portal
Q02622,Aditi Sharma,Information Technology, Hostel ,What is the process for changing my hostel room?,medium,2026-03-17,Email
Q01354,Sakshi Patel,Biotechnology,Examination,I am unable to see my examination result. Kindly provide guidance.,Medium,2026-07-08,Email
Q04614,Arjun Mehta,Business Administration,HOSTEL,i have a problem with my hostel room facilities.,Medium,2026-05-28,Email
Q04195,Kavya Joshi,Information Technology, Hostel ,How can I apply for hostel accommodation?,Medium,2026-06-15,Chat
Q00583,Meera Das,Electronics, Technical ,My dashboard is not loading properly.,Medium,2026-06-29,Chat
Q04137,Sneha Gupta,Electrical Engineering,Technical,I am unable to access my student portal. Kindly provide guidance.,Medium,2026-03-13,Email
Q05070,Sakshi Verma,Business Administration,Admission,What documents are required for admission verification?,Medium,2026-05-28,Chat
Q03433,Aarav Gupta,Computer Science,Admissions,When will the next admission merit list be published?,Medium,2026-03-27,Portal
Q02092,Divya Sharma,Computer Science,hostel,When will the hostel allotment list be announced?,Medium,2026-02-07,Portal
Q01901,Priya Das,Business Administration,admissions,,High,2026-08-08,Portal
Q01643,Varun Verma,Physics,Hostel,When will the hostel allotment list be announced? Kindly provide guidance.,Medium,2026-03-19,Helpdesk
Q02190,Shreya Khan,Mechanical,Tech,I am unable to access my student portal.,Medium,2026-01-09,Email
Q05033,Payal Das,Biotechnology, Scholarship ,,High,2026-03-30,Portal
Q02433,Manav Verma,Electrical Engineering,SCHOLARSHIP,What documents are required for scholarship verification?,Medium,2026-05-09,Helpdesk
Q02222,Manav Verma,Electronics, Hostel ,When will the hostel allotment list be announced?,Medium,2026-07-29,Portal
Q00660,Harsh Gupta,Civil, Technical ,I forgot my portal password and cannot log in.,Medium,2026-02-04,Chat
Q03340,Nisha Khan,Mechanical, Scholarship ,What documents are required for scholarship verification?,Low,2026-05-28,Helpdesk
Q02195,Simran Patel,Mathematics,SCHOLARSHIP,What documents are required for scholarship verification?,Low,2026-06-13,Portal
Q00155,Varun Singh,Computer Science,Accommodation,I have a problem with my hostel room facilities.,Medium,2026-03-10,Portal
Q02258,Simran Gupta,Business Administration,FEES,What is the last date for paying the semester fee?,High,2026-02-27,Email
Q02905,Rohit Das,Electrical Engineering,Examinations,When will the examination timetable be released?,Medium,2026-04-27,Portal
Q03973,Simran Das,Business Administration,Admissions,What documents are required for admission verification?,low,2026-04-28,Chat
Q01222,Tanvi Kumar,Biotechnology,ADMISSIONS,What documents are required for admission verification?,High,2026-03-27,Email
Q02245,Rohit Mehta,Biotechnology, admissions ,I need help with the admission registration process.,High,2026-03-31,Chat
Q01930,Divya Gupta,Information Technology,HOSTEL,When will the hostel allotment list be announced?,Low,2026-05-12,Chat
Q04393,Aman Mehta,Information Technology,ADMISSIONS,How can I check the status of my admission application?,High,2026-01-09,Helpdesk
Q01258,Rahul Singh,Biotechnology,Fee,How can I pay my semester fee online?,Low,2026-01-31,Portal
Q02283,Nisha Patel,Information Technology,Exam,I am unable to see my examination result.,Medium,2026-08-02,Portal
Q03998,Riya Gupta,Business Administration, Technical ,,Low,2026-02-14,Email
Q01175,Nisha Kumar,Business Administration,Examinations,Please help. I am unable to see my examination result.,High,2026-07-10,Helpdesk
Q01068,Rohan Kumar,Electrical Engineering,Hostel,I have a problem with my hostel room facilities.,High,2026-02-19,Chat
Q02184,Karan Joshi,Electrical Engineering, admissions ,What documents are required for admission verification?,Medium,2026-07-07,Portal
Q01515,Kavya Das,Civil,fees,Can I download my fee payment receipt?,High,2026-07-24,Portal
Q00478,Rohit Patel,Mathematics,EXAMINATION,My exam centre details are not visible in the portal.,low,2026-05-12,Email
Q02737,Riya Verma,Mathematics,Tech,My dashboard is not loading properly.,Medium,2026-08-07,Email
Q02936,Ishaan Singh,Electrical Engineering,fees,My fee payment was deducted but is not showing in the portal.,High,2026-04-07,Chat
Q04501,Nisha Mehta,Information Technology, Scholarship ,What are the eligibility criteria for the scholarship?,Low,2026-01-13,Helpdesk
Q03167,Aarav Kumar,Physics,SCHOLARSHIP,How can I apply for a student scholarship?,High,2026-04-17,Helpdesk
Q01965,Bhavya Kumar,Information Technology,HOSTEL,When will the hostel allotment list be announced?,Medium,2026-07-03,Email
Q01632,Meera Gupta,Computer Science, Scholarship ,what are the eligibility criteria for the scholarship?,Low,2026-04-16,Email
Q05067,Arjun Sharma,Biotechnology,Hostel,Please help. How can I contact the hostel administration?,Medium,2026-03-24,Portal
Q01230,Sanjay Verma,Mechanical,examination,When will the examination timetable be released?,Medium,2026-03-11,Chat
Q04827,Varun Verma,Electronics, admissions ,When will the next admission merit list be published?,High,2026-05-12,Email
Q04806,Sanjay Sharma,Mechanical,hostel,I have a problem with my hostel room facilities.,Medium,2026-02-25,Portal
Q00217,Aditi Gupta,Business Administration, admissions ,I need help with the admission registration process.,Low,2026-03-01,Helpdesk
Q02118,Karan Singh, Biotechnology ,Tech,I cannot upload my assignment due to a system error.,Medium,2026-02-26,Portal
Q03005,Divya Joshi,Information Technology,Scholarships,how can i apply for a student scholarship?,High ,2026-01-07,Chat
Q00858,Riya Khan,Mathematics, Fees ,My fee payment was deducted but is not showing in the portal.,Low,2026-05-06,Portal
Q00201,Varun Verma,Mathematics,,Please help. My dashboard is not loading properly.,High,2026-06-10,Portal
Q02189,Divya Khan,Physics,admissions,Please help. I need help with the admission registration process.,Medium,2026-08-04,Chat
Q01415,Priya Mehta,Electronics,SCHOLARSHIP,When will the scholarship results be announced?,Medium,2026-08-10,Email
Q02888,Ananya Joshi,Electrical Engineering,Examination,What is the process for applying for revaluation?,High,2026-08-12,Portal
Q04837,Sneha Das,Physics,scholarship,what documents are required for scholarship verification?,Low,2026-07-14,Email
Q04552,Bhavya Verma,Biotechnology,Examinations,My exam centre details are not visible in the portal.,High,2026-01-02,Portal
Q02822,Kavya Khan,Business Administration,hostel,when will the hostel allotment list be announced?,Medium,2026-05-07,Portal
Q02742,Bhavya Patel,Civil, admissions ,What documents are required for admission verification?,High,2026-05-31,Chat
Q04557,Priya Sharma,Business Administration,hostel,Please help. When will the hostel allotment list be announced?,Medium,2026-08-01,Portal
Q00980,Bhavya Verma,Mathematics,Fees,Can I download my fee payment receipt?,Medium,2026-05-21,Helpdesk
Q03909,Vikram Sharma,Physics,ADMISSIONS,When will the next admission merit list be published?,High,2026-04-17,Portal
Q02910,Tanvi Mehta,Electrical Engineering,ADMISSIONS,I need help with the admission registration process.,Medium,2026-08-29,Chat
Q01923,Vikram Verma,Electrical Engineering, Technical ,Please help. I forgot my portal password and cannot log in.,Medium,2026-06-16,Helpdesk
Q03502,Tanvi Das,Information Technology,hostel,When will the hostel allotment list be announced?,Low,2026-01-23,Portal
Q02518,Rohan Mehta,INFORMATION TECHNOLOGY,HOSTEL,When will the hostel allotment list be announced?,Medium,2026-05-22,Email
Q03515,Aditi Mehta,Mechanical,Scholarship,When will the scholarship results be announced? Kindly provide guidance.,Low,2026-01-13,Chat
Q00496,Aditya Mehta,Information Technology, admissions ,What documents are required for admission verification?,Low,2026-03-08,Portal
Q00742,Varun Kumar,Mechanical,,What documents are required for scholarship verification?,High,2026-08-23,Helpdesk
Q01234,Neha Verma,Mathematics,ADMISSIONS,Can I change my selected programme after admission? Kindly provide guidance.,Medium,2026-07-30,Helpdesk
Q02708,Rohan Kumar,Mathematics,technical,,Low,2026-07-09,Helpdesk
Q03568,Isha Joshi,COMPUTER SCIENCE,ADMISSIONS,Please help. How can I check the status of my admission application?,Medium,2026-07-03,Portal
Q02070,Riya Gupta,Electrical Engineering,Examinations,I am unable to see my examination result.,Low,2026-07-11,Helpdesk
Q00063,Ananya Sharma,Information Technology, Hostel ,When will the hostel allotment list be announced?,Low,2026-03-24,Helpdesk
Q02198,Pooja Gupta,Electrical Engineering,Scholarship,What are the eligibility criteria for the scholarship?,High,2026-03-18,Chat
Q03476,Varun Gupta,Electrical Engineering,examination,My exam centre details are not visible in the portal.,Low,2026-04-07,Helpdesk
Q05121,Nitin Gupta,Electronics,Scholarships,When will the scholarship results be announced?,Low,2026-06-27,Portal
Q04034,Harsh Sharma,Information Technology,,When will the hostel allotment list be announced?,High,2026-07-01,Email
Q03195,Ananya Khan,Business Administration,EXAMINATION,What is the process for applying for revaluation?,high,2026-08-03,Helpdesk
Q03941,Nisha Singh,Physics,Scholarships,My scholarship application status is pending.,Medium,2026-02-22,Portal
Q04123,Pooja Sharma,Civil,SCHOLARSHIP,What documents are required for scholarship verification?,Medium,2026-07-06,Portal
Q02097,Payal Das,Civil,Examinations,When will the examination timetable be released?,high,2026-01-23,Chat
Q01260,Arjun Gupta,Computer Science, Technical ,My dashboard is not loading properly. Kindly provide guidance.,Medium,2026-08-21,Chat
Q00281,Simran Patel,Mathematics, admissions ,How can I check the status of my admission application?,high,2026-04-20,Email
Q04129,Ankit Kumar,Civil,Technical,The portal is showing an error while submitting my form.,Low,2026-06-06,Chat
Q02776,Ishaan Das,Electrical Engineering,Technical,I am unable to access my student portal.,Medium,2026-03-09,Chat
Q01374,Ishaan Kumar,information technology,fees,Can I download my fee payment receipt?,low,2026-07-01,Chat
Q03553,Yash Das,Mechanical,ADMISSIONS,what documents are required for admission verification?,Low,2026-05-14,Portal
Q04275,Varun Singh,Mathematics, Technical ,Please help. The portal is showing an error while submitting my form.,Low,2026-03-27,Helpdesk
Q02614,Rohit Gupta,Mechanical, Technical ,The portal is showing an error while submitting my form.,High ,2026-04-18,Chat
Q02120,Sneha Patel,Biotechnology,TECHNICAL,The portal is showing an error while submitting my form.,Medium,2026-03-12,Portal
Q02787,Simran Kumar,Physics,Scholarships,When will the scholarship results be announced?,Medium,2026-06-30,Chat
Q01068,Rohan Kumar,Electrical Engineering,Hostel,I have a problem with my hostel room facilities.,High,2026-02-19,Chat
Q03795,Rahul Verma,Mathematics,Admission,When will the next admission merit list be published?,Medium,2026-02-19,Chat
Q02227,Sakshi Patel,Mechanical,fees,Is installment payment available for tuition fees?,High,2026-02-14,Chat
Q03635,Neha Verma,Information Technology, Fees ,Please help. What is the last date for paying the semester fee?,High,2026-08-23,Helpdesk
Q03853,Sanjay Khan,Mathematics,Technical,I cannot upload my assignment due to a system error.,Medium,2026-05-15,Chat
Q01528,Varun Khan,Electrical Engineering,SCHOLARSHIP,What are the eligibility criteria for the scholarship?,Medium,2026-08-21,Email
Q03695,Varun Kumar,Biotechnology,TECHNICAL,My dashboard is not loading properly.,Medium,2026-02-23,Chat
Q00338,Neha Mehta,Physics,technical,I forgot my portal password and cannot log in.,Medium,2026-05-29,Email
Q02109,Bhavya Mehta,Information Technology,scholarship,How can I apply for a student scholarship?,Medium,2026-03-20,Helpdesk
Q03054,Priya Mehta,Civil,Accommodation,I have a problem with my hostel room facilities.,Low,2026-08-14,Helpdesk
Q00588,Rahul Singh,Computer Science,examination,I am unable to see my examination result.,Medium,2026-02-10,Email
Q02502,Rohan Sharma,Mechanical,Tech,The portal is showing an error while submitting my form.,Medium,2026-01-15,Portal
Q00507,Divya Das,Mathematics,Accommodation,Please help. How can I contact the hostel administration?,High,2026-02-02,Email
Q01617,Nisha Khan,Mechanical,Admission,Can I change my selected programme after admission?,High,2026-07-07,Helpdesk
Q04339,Riya Mehta,Electrical Engineering,Tech,I cannot upload my assignment due to a system error.,Medium,2026-06-19,Email
Q00918,Tanvi Joshi,Civil,Admissions,I need help with the admission registration process.,Medium,2026-08-05,Chat
Q00304,Sanjay Gupta,Electrical Engineering, Scholarship ,What are the eligibility criteria for the scholarship? Kindly provide guidance.,Low,2026-01-15,Helpdesk
Q02519,Meera Patel,Mechanical,Exam,What is the process for applying for revaluation?,High,2026-05-16,Helpdesk
Q03030,Aditya Mehta,Business Administration,ADMISSIONS,When will the next admission merit list be published? Kindly provide guidance.,Medium,2026-04-22,Helpdesk
Q01110,Aman Sharma,Electrical Engineering, Hostel ,When will the hostel allotment list be announced?,High,2026-07-02,Helpdesk
Q04363,Divya Kumar,Physics,HOSTEL,I have a problem with my hostel room facilities.,Medium,2026-01-10,Portal
Q00118,Meera Singh,Information Technology,HOSTEL,How can I contact the hostel administration? Kindly provide guidance.,Medium,2026-03-08,Email
Q01176,Priya Joshi,Mathematics, Technical ,i forgot my portal password and cannot log in.,High,2026-04-24,Helpdesk
Q02696,Aditi Sharma,Computer Science,Accommodation,When will the hostel allotment list be announced?,Low,2026-02-13,Helpdesk
Q02413,Ishaan Verma,Information Technology,Scholarships,What documents are required for scholarship verification?,Medium,2026-07-09,Portal
Q04598,Karan Mehta,Mathematics,hostel,How can I apply for hostel accommodation? Kindly provide guidance.,Medium,2026-04-14,Helpdesk
Q01086,Arjun Verma,Computer Science, Scholarship ,What documents are required for scholarship verification?,Low,2026-07-27,Helpdesk
Q04912,Varun Sharma,Biotechnology, admissions ,What documents are required for admission verification?,High,2026-04-23,Helpdesk
Q03027,Yash Sharma,Business Administration,ADMISSIONS,I need help with the admission registration process. Kindly provide guidance.,Medium,2026-08-06,Helpdesk
Q03683,Vikram Kumar,Electrical Engineering,Scholarships,,High,2026-06-27,Chat
Q01050,Rohit Khan,Electronics,Technical,My dashboard is not loading properly. Kindly provide guidance.,High,2026-05-30,Helpdesk
Q02576,Bhavya Khan,Mechanical,technical,Please help. I cannot upload my assignment due to a system error.,Medium,2026-01-01,Helpdesk
Q01555,Sakshi Joshi,Information Technology,HOSTEL,how can i contact the hostel administration?,Medium,2026-04-22,Portal
Q03874,Payal Kumar,Information Technology,technical,I am unable to access my student portal.,low,2026-06-19,Portal
Q00181,Divya Singh,Mechanical,Fee,What is the last date for paying the semester fee?,High,2026-03-25,Portal
Q03826,Tanvi Kumar,Business Administration,scholarship,What documents are required for scholarship verification?,Medium,2026-04-15,Chat
Q05109,Harsh Patel,Information Technology,Accommodation,I have a problem with my hostel room facilities.,High,2026-03-22,Email
Q00483,Yash Patel,Information Technology,Fee,What is the last date for paying the semester fee?,LOW,2026-05-08,Chat
Q04216,Rohan Kumar,Electrical Engineering,examination,When will the examination timetable be released?,Medium,2026-06-28,Helpdesk
Q01913,Nitin Patel,Electrical Engineering,Fee,Is installment payment available for tuition fees?,Low,2026-07-24,Portal
Q00695,Harsh Patel,Biotechnology,FEES,What is the last date for paying the semester fee?,Low,2026-05-07,Email
Q02276,Simran Patel,Electronics,HOSTEL,Please help. How can I apply for hostel accommodation?,Medium,2026-07-30,Helpdesk
Q03262,Ananya Das,Physics,technical,I am unable to access my student portal.,Medium,2026-02-24,Chat
Q02883,Manav Gupta,Physics,scholarship,How can I apply for a student scholarship?,High,2026-03-15,Portal
Q02437,Meera Patel,Business Administration,hostel,How can I contact the hostel administration?,High,2026-01-09,Portal
Q00806,Ankit Joshi,Electronics, Examination ,When will the examination timetable be released?,High,2026-06-30,Helpdesk
Q01635,Karan Khan,Physics,Accommodation,I have a problem with my hostel room facilities.,Low,2026-03-21,Portal
Q01701,Meera Joshi,Information Technology,Fees,what is the last date for paying the semester fee?,Low,2026-08-27,Portal
Q01920,Pooja Patel,Business Administration,fees,Can I download my fee payment receipt?,High,2026-03-03,Email
Q02823,Payal Patel,Electronics,scholarship,,Medium,2026-03-09,Chat
Q00937,Tanvi Verma,Electronics,admissions,How can I check the status of my admission application?,Medium,2026-01-21,Helpdesk
Q02014,Payal Joshi,Mechanical,examination,What is the process for applying for revaluation?,Low,2026-02-12,Chat
Q04653,Priya Das,Physics,Fees,Please help. Is installment payment available for tuition fees?,Medium,2026-02-06,Email
Q03819,Sneha Das,Biotechnology,TECHNICAL,i am unable to access my student portal.,Medium,2026-01-20,Email
Q01584,Ananya Patel,Physics, Examination ,How can I download my hall ticket?,Medium,2026-04-26,Email
Q02229,Varun Patel,Civil,Examinations,What is the process for applying for revaluation?,Low,2026-05-11,Email
Q02471,Rohit Khan,Biotechnology, admissions ,What documents are required for admission verification?,Medium,2026-03-17,Chat
Q03726,Meera Singh,Business Administration,Admissions,Can I change my selected programme after admission?,Medium,2026-05-22,Chat
Q01224,Ananya Joshi,Mathematics, Fees ,How can I pay my semester fee online?,Medium,2026-06-22,Chat
Q01399,Nisha Sharma,Physics,Accommodation,When will the hostel allotment list be announced?,Medium,2026-06-07,Portal
Q02241,Tanvi Mehta,Civil, Fees ,How can I pay my semester fee online?,Low,2026-04-13,Helpdesk
Q01702,Vikram Verma,Electronics,scholarship,My scholarship application status is pending.,Medium,2026-02-09,Email
Q04735,Vikram Singh,Physics,Accommodation,How can I apply for hostel accommodation?,High,2026-05-18,Portal
Q02360,Ishaan Joshi,Computer Science,Examination,What is the process for applying for revaluation?,Medium,2026-04-02,Chat
Q01484,Meera Sharma,Electrical Engineering,SCHOLARSHIP,What are the eligibility criteria for the scholarship?,High,2026-01-19,Chat
Q04998,Rahul Verma,Electronics,Hostel,how can i apply for hostel accommodation?,Low,2026-06-21,Helpdesk
Q03646,Sakshi Singh,Electrical Engineering,scholarship,What documents are required for scholarship verification? Kindly provide guidance.,Medium,2026-03-06,Helpdesk
Q01317,Priya Sharma,Electronics,Examination,My exam centre details are not visible in the portal.,Medium,2026-07-02,Email
Q03044,Harsh Khan,Mathematics,fees,My fee payment was deducted but is not showing in the portal.,Medium,2026-07-09,Chat
Q00714,Yash Gupta,Physics,scholarship,What documents are required for scholarship verification? Kindly provide guidance.,Medium,2026-06-25,Chat
Q03032,Payal Joshi,information technology,EXAMINATION,Please help. My exam centre details are not visible in the portal.,Medium,2026-03-21,Email
Q02050,Aman Kumar,computer science,technical,I am unable to access my student portal.,High,2026-02-28,Email
Q03454,Meera Das,Information Technology,,Please help. My scholarship application status is pending.,Medium,2026-07-20,Portal
Q00556,Arjun Patel,Information Technology,Fee,My fee payment was deducted but is not showing in the portal.,Medium,2026-08-04,Chat
Q05071,Ananya Sharma,Biotechnology,Accommodation,How can I apply for hostel accommodation?,Medium,2026-08-23,Portal
Q01071,Tanvi Kumar,Business Administration,TECHNICAL,I forgot my portal password and cannot log in. Kindly provide guidance.,Medium,2026-04-24,Helpdesk
Q00414,Meera Patel,Mathematics,,I am unable to see my examination result.,Low,2026-01-25,Chat
Q01941,Ankit Verma,Civil,Fees,How can I pay my semester fee online?,Low,2026-04-03,Helpdesk
Q02451,Nitin Sharma,Information Technology, Technical ,I am unable to access my student portal.,Low,2026-06-10,Helpdesk
Q04794,Harsh Verma,Electrical Engineering,FEES,What is the last date for paying the semester fee?,Low,2026-01-05,Helpdesk
Q02963,Meera Gupta,Physics,Hostel,Please help. I have a problem with my hostel room facilities.,Low,2026-08-27,Email
Q02741,Sakshi Joshi,Electronics,Accommodation,when will the hostel allotment list be announced?,Medium,2026-04-11,Portal
Q04699,Priya Das,Electrical Engineering,Scholarships,My scholarship application status is pending.,Medium,2026-01-07,Helpdesk
Q01592,Ankit Singh,Computer Science,,what documents are required for admission verification?,Medium,2026-07-04,Helpdesk
Q02640,Yash Das,Mathematics,Technical,Please help. I am unable to access my student portal.,Low,2026-01-18,Helpdesk
Q02831,Tanvi Gupta,Civil, Scholarship ,When will the scholarship results be announced?,Medium,2026-02-26,Chat
Q03092,Simran Singh,Mechanical, Scholarship ,How can I apply for a student scholarship? Kindly provide guidance.,Medium,2026-07-08,Portal
Q01280,Rohan Patel,Business Administration,Admissions,How can I check the status of my admission application?,Medium,2026-06-29,Email
Q00655,Riya Das,Physics, Hostel ,How can I apply for hostel accommodation?,Medium,2026-06-30,Portal
Q03778,Karan Gupta,Physics, Hostel ,How can I contact the hostel administration?,Low,2026-07-29,Portal
Q04121,Ankit Verma,Information Technology,Accommodation,How can I apply for hostel accommodation?,Medium,2026-04-26,Portal
Q04651,Pooja Joshi,Biotechnology,Admission,How can I check the status of my admission application?,Medium,2026-02-12,Chat
Q04512,Riya Verma,Physics,,I am unable to see my examination result.,Low,2026-04-28,Chat
Q00494,Varun Patel,Information Technology,FEES,My fee payment was deducted but is not showing in the portal.,Medium,2026-07-07,Chat
Q01706,Aditya Sharma,Mechanical, Fees ,What is the last date for paying the semester fee?,Medium,2026-02-12,Email
Q01341,Payal Mehta,Biotechnology,Hostel,When will the hostel allotment list be announced?,High,2026-08-03,Portal
Q03445,Kavya Kumar,Computer Science,technical,I am unable to access my student portal. Kindly provide guidance.,Medium,2026-03-19,Helpdesk
Q03957,Shreya Khan,Electrical Engineering, admissions ,when will the next admission merit list be published?,High,2026-07-27,Portal
Q03477,Kavya Patel,Biotechnology, Hostel ,How can I contact the hostel administration? Kindly provide guidance.,Medium,2026-04-06,Email
Q04149,Sanjay Patel,Biotechnology, Hostel ,How can I contact the hostel administration?,Low,2026-08-02,Email
Q03861,Sanjay Verma,Mechanical,Accommodation,How can I apply for hostel accommodation?,High,2026-06-25,Portal
Q00595,Isha Patel,Information Technology, admissions ,Can I change my selected programme after admission?,Low,2026-08-19,Email
Q02732,Ishaan Khan,Biotechnology,FEES,What is the last date for paying the semester fee?,Medium,2026-05-02,Portal
Q02577,Aarav Kumar,Information Technology,Fees,Please help. How can I pay my semester fee online?,Medium,2026-01-26,Helpdesk
Q02517,Aditi Patel,Physics,Tech,I am unable to access my student portal.,Medium,2026-05-15,Portal
Q04025,Karan Patel,Mathematics,FEES,What is the last date for paying the semester fee?,Low,2026-08-20,Portal
Q04292,Pooja Joshi,Civil,Fee,Is installment payment available for tuition fees?,Medium,2026-03-26,Portal
Q03209,Ishaan Singh,Civil,FEES,What is the last date for paying the semester fee?,Low,2026-05-12,Portal
Q01904,Simran Patel,Electronics, Examination ,What is the process for applying for revaluation?,Medium,2026-06-15,Email
Q03686,Shreya Kumar,Mathematics,Exam,i am unable to see my examination result.,Medium,2026-08-13,Email
Q02695,Rahul Kumar,Mechanical, Scholarship ,When will the scholarship results be announced?,High,2026-02-20,Helpdesk
Q03594,Ananya Verma, Physics , Technical ,I cannot upload my assignment due to a system error.,High,2026-07-07,Portal
Q04984,Harsh Singh,Information Technology, Examination ,What is the process for applying for revaluation?,High,2026-03-16,Email
Q04414,Rahul Joshi,Mathematics,Fees,My fee payment was deducted but is not showing in the portal.,Medium,2026-01-09,Chat
Q00261,Aditi Khan,Business Administration,Fee,How can I pay my semester fee online?,Medium,2026-08-08,Chat
Q02438,Ananya Kumar,Biotechnology,Technical,The portal is showing an error while submitting my form.,High,2026-01-25,Helpdesk
Q00467,Aditi Mehta,BUSINESS ADMINISTRATION,Exam,I am unable to see my examination result.,High,2026-06-07,Chat
Q02324,Isha Patel,Civil,scholarship,How can I apply for a student scholarship?,Low,2026-07-15,Portal
Q01304,Sanjay Singh,Information Technology,EXAMINATION,What is the process for applying for revaluation?,Medium,2026-08-03,Chat
Q05074,Meera Kumar,Electronics, Technical ,The portal is showing an error while submitting my form.,Low,2026-08-06,Email
Q02826,Ishaan Das,Electrical Engineering,fees,How can I pay my semester fee online?,High,2026-04-01,Helpdesk
Q02238,Rohan Singh,Physics,,I forgot my portal password and cannot log in.,Medium,2026-04-28,Chat
Q02332,Shreya Kumar,Electronics,Fee,Please help. My fee payment was deducted but is not showing in the portal.,Low,2026-07-08,Chat
Q04758,Isha Gupta,Civil, Examination ,How can I download my hall ticket?,High,2026-07-02,Portal
Q00410,Payal Khan,Mathematics,fees,Can I download my fee payment receipt?,Low,2026-01-19,Portal
Q03304,Aditya Singh,Physics,Hostel,Please help. What is the process for changing my hostel room?,High,2026-04-07,Portal
Q04994,Aditya Singh,Mathematics,Tech,Please help. I forgot my portal password and cannot log in.,Medium,2026-04-04,Helpdesk
Q03318,Payal Khan,Business Administration,hostel,when will the hostel allotment list be announced?,High,2026-07-29,Portal
Q03327,Riya Sharma,Electronics,fees,What is the last date for paying the semester fee?,Medium,2026-07-21,Chat
Q01754,Aditya Mehta,Civil, Hostel ,When will the hostel allotment list be announced?,Low,2026-06-24,Email
Q02761,Sanjay Verma,Biotechnology, Examination ,What is the process for applying for revaluation?,Medium,2026-02-09,Chat
Q00546,Bhavya Verma,Biotechnology, Scholarship ,How can I apply for a student scholarship? Kindly provide guidance.,High,2026-04-10,Email
Q04076,Isha Das,Electrical Engineering,Tech,The portal is showing an error while submitting my form.,High,2026-07-12,Helpdesk
Q03517,Bhavya Kumar,Civil, Technical ,I am unable to access my student portal.,High,2026-08-23,Chat
Q04935,Rohan Joshi,Mechanical,Exam,I am unable to see my examination result.,High,2026-06-11,Chat
Q04411,Isha Singh,Physics,examination,I am unable to see my examination result.,Medium,2026-05-03,Helpdesk
Q02295,Ishaan Khan,Information Technology,Scholarships,What are the eligibility criteria for the scholarship?,Low,2026-06-05,Portal
Q02761,Sanjay Verma,Biotechnology, Examination ,What is the process for applying for revaluation?,Medium,2026-02-09,Chat
Q05156,Karan Mehta,Biotechnology,Admission,How can I check the status of my admission application? Kindly provide guidance.,Medium,2026-07-03,Portal
Q01914,Bhavya Verma,Information Technology,Tech,My dashboard is not loading properly.,Medium,2026-08-16,Portal
Q02254,Nisha Joshi,Computer Science,Accommodation,,Low,2026-04-25,Portal
Q04852,Riya Singh,Biotechnology,fees,Can I download my fee payment receipt?,Low,2026-01-06,Portal
Q01013,Sneha Sharma,Electronics,admissions,Can I change my selected programme after admission?,Low,2026-07-19,Chat
Q05120,Rahul Gupta,Biotechnology,Examination,When will the examination timetable be released?,High,2026-08-03,Email
Q01085,Riya Gupta,Computer Science,Examination,i am unable to see my examination result.,Medium,2026-05-20,Helpdesk
Q03306,Ishaan Khan,Biotechnology,Examinations,When will the examination timetable be released?,Low,2026-01-01,Helpdesk
Q03116,Sanjay Das,Mathematics,EXAMINATION,I am unable to see my examination result. Kindly provide guidance.,Medium,2026-07-25,Chat
Q00191,Payal Mehta,Mechanical,Scholarships,What are the eligibility criteria for the scholarship?,Medium,2026-03-08,Chat
Q02791,Sanjay Patel,Mechanical, Technical ,I cannot upload my assignment due to a system error.,Medium,2026-05-12,Portal
Q01123,Rohit Joshi,Biotechnology,Admission,Can I change my selected programme after admission?,High,2026-03-19,Chat
Q04504,Priya Mehta,Mechanical,technical,I forgot my portal password and cannot log in.,Low,2026-06-01,Portal
Q01450,Bhavya Gupta,Electronics,Fee,How can I pay my semester fee online?,High,2026-06-28,Helpdesk
Q03999,Rahul Sharma,Civil,Tech,I forgot my portal password and cannot log in.,Medium,2026-02-27,Email
Q02304,Priya Patel,Computer Science,SCHOLARSHIP,What documents are required for scholarship verification?,Low,2026-05-06,Portal
Q02621,Yash Joshi,Mechanical, Hostel ,I have a problem with my hostel room facilities.,Medium,2026-02-23,Helpdesk
Q00856,Vikram Das,Mechanical,TECHNICAL,I forgot my portal password and cannot log in.,High,2026-04-22,Chat
Q03360,Aditi Mehta,Mathematics,Admissions,When will the next admission merit list be published?,Low,2026-06-04,Email
Q04227,Aman Patel,Mechanical,Examination,When will the examination timetable be released?,Medium,2026-04-09,Email
Q04801,Arjun Kumar,Civil,,Please help. What documents are required for admission verification?,Medium,2026-08-17,Portal
Q01365,Varun Gupta,Business Administration,scholarship,What documents are required for scholarship verification?,Medium,2026-03-04,Portal
Q02649,Rahul Kumar,Information Technology,FEES,Can I download my fee payment receipt?,Medium,2026-07-25,Chat
Q01619,Karan Gupta,Electronics,Examination,My exam centre details are not visible in the portal.,High,2026-04-26,Chat
Q01685,Rahul Sharma,Physics,Technical,My dashboard is not loading properly.,High,2026-06-16,Email
Q03779,Meera Mehta,Mechanical,Fees,My fee payment was deducted but is not showing in the portal.,Medium,2026-02-26,Helpdesk
Q04282,Yash Verma,Biotechnology,Hostel,How can I contact the hostel administration? Kindly provide guidance.,Medium,2026-03-17,Chat
Q00771,Nitin Sharma,Information Technology,admissions,when will the next admission merit list be published?,High,2026-01-23,Portal
Q00766,Ishaan Verma,Civil,Scholarship,,High,2026-01-28,Email
Q01027,Varun Singh,Civil,EXAMINATION,How can I download my hall ticket? Kindly provide guidance.,Low,2026-04-12,Email
Q00997,Aman Das,Electronics,hostel,How can I apply for hostel accommodation?,Medium,2026-06-30,Email
Q01602,Tanvi Verma,Physics, Hostel ,How can I contact the hostel administration?,High,2026-06-25,Email
Q01340,Rohan Singh,Business Administration, Technical ,Please help. I am unable to access my student portal.,Medium,2026-08-08,Email
Q01905,Aman Das,Physics,Technical,,High,2026-05-24,Helpdesk
Q00747,Sakshi Khan,Physics,Examinations,My exam centre details are not visible in the portal.,High,2026-06-09,Chat
Q02645,Simran Verma,Civil, Examination ,When will the examination timetable be released?,High,2026-04-15,Portal
Q05020,Ananya Verma,Mechanical,ADMISSIONS,I need help with the admission registration process.,Medium,2026-01-03,Portal
Q00852,Sanjay Kumar,Civil,EXAMINATION,I am unable to see my examination result.,High,2026-02-24,Helpdesk
Q01612,Aarav Mehta,Civil, Hostel ,How can I apply for hostel accommodation?,Medium,2026-01-26,Chat
Q01361,Aarav Singh,Civil,Scholarships,How can I apply for a student scholarship?,Low,2026-04-19,Helpdesk
Q04676,Bhavya Patel,Biotechnology,examination,When will the examination timetable be released?,High,2026-07-10,Email
Q01352,Rohit Patel,Civil,FEES,my fee payment was deducted but is not showing in the portal.,Medium,2026-06-08,Chat
Q01267,Simran Das,Electrical Engineering,Admissions,Can I change my selected programme after admission?,Low,2026-01-06,Portal
Q00571,Vikram Mehta,Biotechnology,Examination,Please help. How can I download my hall ticket?,High,2026-06-30,Helpdesk
Q00082,Meera Sharma, Computer Science ,TECHNICAL,I am unable to access my student portal.,Medium,2026-05-25,Email
Q00693,Shreya Kumar,Computer Science,Technical,I am unable to access my student portal.,Medium,2026-05-19,Chat
Q03614,Sneha Kumar, Mathematics ,Tech,i forgot my portal password and cannot log in.,Medium,2026-05-10,Portal
Q04233,Neha Gupta,Computer Science, Hostel ,When will the hostel allotment list be announced?,Low,2026-06-06,Portal
Q05141,Nisha Gupta,Electrical Engineering, Examination ,What is the process for applying for revaluation?,Low,2026-03-26,Portal
Q03702,Nitin Das,Information Technology,EXAMINATION,When will the examination timetable be released?,Medium,2026-04-28,Portal
Q00084,Ananya Verma,Electrical Engineering,HOSTEL,How can I apply for hostel accommodation?,Low,2026-06-20,Email
Q03460,Sakshi Singh,Business Administration,ADMISSIONS,I need help with the admission registration process.,Medium,2026-05-26,Helpdesk
Q03610,Isha Sharma,Electronics,scholarship,How can I apply for a student scholarship? Kindly provide guidance.,Low,2026-04-28,Helpdesk
Q00071,Manav Patel,Electrical Engineering,admissions,When will the next admission merit list be published?,High,2026-03-27,Email
Q03231,Rohit Khan,Business Administration,Hostel,I have a problem with my hostel room facilities.,High,2026-02-09,Portal
Q04932,Ankit Gupta,Electrical Engineering,FEES,Please help. Is installment payment available for tuition fees?,Low,2026-02-02,Email
Q03835,Kavya Patel,Business Administration,Exam,When will the examination timetable be released?,High ,2026-08-31,Email
Q00073,Neha Sharma,Information Technology,Hostel,How can I apply for hostel accommodation?,Medium,2026-07-31,Email
Q01493,Tanvi Singh,Business Administration,scholarship,My scholarship application status is pending.,Medium,2026-04-07,Portal
Q04120,Manav Kumar,Electrical Engineering,EXAMINATION,I am unable to see my examination result.,Low,2026-07-15,Email
Q04170,Payal Verma,Mechanical,Fee,,Medium,2026-07-28,Email
Q03021,Nisha Gupta,Business Administration,fees,What is the last date for paying the semester fee?,Low,2026-03-31,Email
Q02239,Shreya Patel,Mathematics, Fees ,is installment payment available for tuition fees?,Medium,2026-08-09,Helpdesk
Q04044,Varun Das,Biotechnology,Scholarship,What documents are required for scholarship verification? Kindly provide guidance.,Medium,2026-03-28,Portal
Q04461,Vikram Patel,Information Technology,Technical,,Medium,2026-02-01,Helpdesk
Q03188,Bhavya Mehta,Mechanical, Examination ,My exam centre details are not visible in the portal.,Low,2026-07-16,Email
Q03521,Karan Das,Mechanical, admissions ,what documents are required for admission verification?,Low,2026-02-13,Email
Q04205,Isha Kumar,Mathematics, Examination ,When will the examination timetable be released?,High,2026-06-12,Chat
Q04521,Aman Mehta, Physics ,Examinations,When will the examination timetable be released?,Medium,2026-07-08,Portal
Q05004,Sneha Kumar,Mathematics,TECHNICAL,My dashboard is not loading properly.,High,2026-04-01,Chat
Q04696,Ananya Das,Mechanical,Scholarship,When will the scholarship results be announced?,Medium,2026-07-04,Helpdesk
Q00244,Aarav Kumar,Biotechnology, Hostel ,What is the process for changing my hostel room?,High,2026-07-02,Helpdesk
Q04612,Sneha Mehta,Mathematics,,What is the process for changing my hostel room?,High,2026-07-19,Portal
Q00197,Kavya Sharma,Biotechnology,ADMISSIONS,Can I change my selected programme after admission?,Medium,2026-05-10,Portal
Q02957,Meera Khan,Physics,fees,Can I download my fee payment receipt?,Medium,2026-07-25,Helpdesk
Q00365,Neha Das,Information Technology,Admission,Please help. I need help with the admission registration process.,High,2026-03-02,Chat
Q00886,Tanvi Singh,Physics,TECHNICAL,i forgot my portal password and cannot log in.,High,2026-06-27,Helpdesk
Q03246,Ishaan Das,Civil,Scholarship,My scholarship application status is pending.,Medium,2026-07-26,Helpdesk
Q04111,Tanvi Mehta,Electronics,HOSTEL,How can I apply for hostel accommodation?,Low,2026-08-18,Portal
Q04772,Sakshi Das,Civil,HOSTEL,Please help. How can I contact the hostel administration?,Medium,2026-04-11,Chat
Q04965,Neha Gupta,Civil,ADMISSIONS,How can I check the status of my admission application?,Medium,2026-05-05,Helpdesk
Q04777,Sneha Kumar,Physics,SCHOLARSHIP,How can I apply for a student scholarship?,Low,2026-06-20,Portal
Q04690,Aditi Kumar,Business Administration,Exam,My exam centre details are not visible in the portal.,Medium,2026-06-13,Portal
Q04692,Ananya Sharma,Business Administration,EXAMINATION,When will the examination timetable be released?,Medium,2026-02-23,Email
Q01275,Varun Sharma,Electronics,fees,Can I download my fee payment receipt?,Low,2026-01-08,Portal
Q01922,Yash Sharma,Business Administration,scholarship,What are the eligibility criteria for the scholarship?,Medium,2026-05-20,Chat
Q03025,Meera Verma,Electrical Engineering,Scholarships,My scholarship application status is pending.,High,2026-06-22,Email
Q00415,Pooja Das,Computer Science,Accommodation,Please help. What is the process for changing my hostel room?,High,2026-07-30,Chat
Q04258,Ankit Sharma,Physics,Accommodation,When will the hostel allotment list be announced?,Medium,2026-04-25,Email
Q02705,Aditi Sharma,Electronics,SCHOLARSHIP,What are the eligibility criteria for the scholarship?,Medium,2026-08-12,Portal
Q01805,Aarav Singh,Business Administration,Scholarships,What are the eligibility criteria for the scholarship? Kindly provide guidance.,Low,2026-07-01,Email
Q04775,Ankit Mehta,Computer Science,Fee,Is installment payment available for tuition fees?,Low,2026-08-31,Email
Q03497,Riya Das,Business Administration, admissions ,Can I change my selected programme after admission?,High,2026-02-01,Chat
Q01324,Vikram Singh,Electrical Engineering, Examination ,What is the process for applying for revaluation?,Low,2026-08-29,Chat
Q02777,Bhavya Khan,Electronics,Technical,My dashboard is not loading properly.,High,2026-03-18,Email
Q01326,Isha Gupta,Mathematics,FEES,Please help. My fee payment was deducted but is not showing in the portal.,Medium,2026-01-23,Email
Q01499,Harsh Joshi,Physics,Admission,How can I check the status of my admission application?,High,2026-03-13,Helpdesk
Q03740,Aditi Singh,Computer Science,Hostel,When will the hostel allotment list be announced?,Low,2026-06-19,Email
Q00329,Divya Joshi,Civil,Hostel,What is the process for changing my hostel room?,Low,2026-04-27,Chat
Q01551,Aditya Sharma,Information Technology,FEES,how can i pay my semester fee online?,High,2026-01-08,Email
Q05140,Divya Patel,Mathematics,HOSTEL,What is the process for changing my hostel room?,Low,2026-07-02,Portal
Q00924,Rohan Khan,Civil, Technical ,my dashboard is not loading properly.,Medium,2026-08-17,Email
Q00307,Aarav Patel,Civil, Examination ,What is the process for applying for revaluation?,Medium,2026-01-22,Email
Q02688,Nisha Das,Biotechnology, Technical ,Please help. My dashboard is not loading properly.,Medium,2026-07-15,Portal
Q04426,Sneha Mehta,Mechanical,Fee,Please help. How can I pay my semester fee online?,Medium,2026-06-29,Helpdesk
Q01523,Arjun Khan,Business Administration, Fees ,Can I download my fee payment receipt?,Medium,2026-06-02,Helpdesk
Q00127,Rohan Verma,Electronics, Technical ,My dashboard is not loading properly.,Medium,2026-01-08,Portal
Q00256,Payal Patel,Civil,Fee,Can I download my fee payment receipt?,Low,2026-05-28,Chat
Q00167,Tanvi Verma,Biotechnology,,Is installment payment available for tuition fees?,Low,2026-08-20,Chat
Q02497,Sakshi Patel,Mathematics,HOSTEL,When will the hostel allotment list be announced?,High,2026-08-12,Email
Q01214,Aarav Singh,Information Technology,Technical,Please help. I am unable to access my student portal.,Medium,2026-05-03,Helpdesk
Q01041,Ananya Sharma,Physics,Examinations,I am unable to see my examination result.,High,2026-01-05,Email
Q01856,Ishaan Mehta,Biotechnology,hostel,,High,2026-08-06,Chat
Q03283,Ishaan Kumar,Mathematics,HOSTEL,How can I contact the hostel administration?,Low,2026-07-23,Portal
Q01890,Vikram Singh,Physics, Scholarship ,My scholarship application status is pending.,High,2026-02-19,Chat
Q02706,Manav Patel,Electronics,technical,My dashboard is not loading properly.,Low,2026-02-24,Email
Q03627,Nitin Mehta,Electronics,Admissions,When will the next admission merit list be published?,High,2026-07-13,Email
Q02758,Priya Sharma,Biotechnology, Hostel ,How can I contact the hostel administration? Kindly provide guidance.,Medium,2026-03-12,Helpdesk
Q02012,Priya Singh,Civil, Scholarship ,My scholarship application status is pending. Kindly provide guidance.,Medium,2026-01-23,Portal
Q04922,Tanvi Patel,Civil,examination,When will the examination timetable be released? Kindly provide guidance.,Low,2026-03-04,Email
Q03310,Aman Joshi,Civil,Admissions,How can I check the status of my admission application?,High,2026-05-23,Chat
Q04468,Payal Singh,Civil,technical,The portal is showing an error while submitting my form. Kindly provide guidance.,Medium,2026-08-30,Email
Q02598,Neha Patel,Physics,FEES,how can i pay my semester fee online?,HIGH,2026-01-25,Chat
Q03673,Riya Khan,Electrical Engineering,Examination,I am unable to see my examination result.,Medium,2026-01-05,Email
Q03603,Rohit Mehta,Business Administration, Scholarship ,What are the eligibility criteria for the scholarship?,Medium,2026-02-13,Portal
Q01200,Arjun Joshi,Electrical Engineering, Examination ,What is the process for applying for revaluation?,Low,2026-08-17,Helpdesk
Q03060,Arjun Singh,Civil,SCHOLARSHIP,Please help. My scholarship application status is pending.,Medium,2026-08-09,Chat
Q02830,Aditi Verma,Business Administration, Hostel ,How can I contact the hostel administration?,Medium,2026-01-01,Chat
Q02347,Sneha Mehta,Physics,Accommodation,What is the process for changing my hostel room?,Medium,2026-08-25,Helpdesk
Q02103,Karan Singh,Mathematics,Accommodation,I have a problem with my hostel room facilities.,Medium,2026-07-28,Chat
Q02043,Nitin Kumar,Mechanical, Examination ,When will the examination timetable be released?,Medium,2026-07-12,Portal
Q04563,Isha Kumar,Business Administration,Tech,Please help. I cannot upload my assignment due to a system error.,Medium,2026-06-02,Helpdesk
Q00179,Aditya Singh,Computer Science,Fees,Can I download my fee payment receipt?,High,2026-04-07,Email
Q01102,Shreya Verma,Computer Science,Tech,i cannot upload my assignment due to a system error.,Low,2026-08-19,Email
Q02749,Aditya Gupta,Electronics,TECHNICAL,I forgot my portal password and cannot log in.,Medium,2026-06-25,Portal
Q03114,Karan Das,Mathematics, Technical ,The portal is showing an error while submitting my form.,Medium,2026-07-28,Email
Q00972,Kavya Joshi,Physics,HOSTEL,How can I apply for hostel accommodation?,Medium,2026-01-23,Portal
Q03611,Sneha Das,Physics,hostel,I have a problem with my hostel room facilities.,Low,2026-06-27,Email
Q01039,Aditya Mehta,Mechanical, Scholarship ,my scholarship application status is pending.,low,2026-01-01,Helpdesk
Q01482,Nitin Das,Information Technology,SCHOLARSHIP,What documents are required for scholarship verification?,High,2026-06-05,Portal
Q01706,Aditya Sharma,Mechanical, Fees ,What is the last date for paying the semester fee?,Medium,2026-02-12,Email
Q03319,Sneha Joshi,Mathematics,HOSTEL,How can I contact the hostel administration?,Low,2026-08-17,Portal
Q04379,Payal Das,Mathematics,,How can I apply for hostel accommodation?,Low,2026-08-08,Helpdesk
Q03643,Divya Sharma,Civil,,What documents are required for scholarship verification?,High,2026-08-22,Portal
Q04390,Priya Patel,Mechanical, Scholarship ,What are the eligibility criteria for the scholarship?,Medium,2026-02-16,Chat
Q02945,Sanjay Sharma,Electrical Engineering,hostel,I have a problem with my hostel room facilities.,High,2026-02-19,Helpdesk
Q01541,Arjun Verma,Computer Science,Examination,How can I download my hall ticket?,Low,2026-06-21,Email
Q02493,Varun Das,Electronics, Hostel ,When will the hostel allotment list be announced?,Medium,2026-08-27,Helpdesk
Q01010,Aditya Sharma,Civil, Technical ,My dashboard is not loading properly.,Low,2026-08-13,Portal
Q00851,Sakshi Khan,Computer Science,Technical,I am unable to access my student portal.,High,2026-08-28,Portal
Q03620,Yash Khan,Mechanical, Examination ,I am unable to see my examination result.,Low,2026-05-29,Portal
Q04406,Sakshi Mehta,Electronics, Hostel ,How can I contact the hostel administration?,High,2026-03-21,Email
Q02549,Nisha Verma,Information Technology,HOSTEL,How can I contact the hostel administration?,Medium,2026-02-10,Helpdesk
Q00238,Sneha Khan,Mathematics,Scholarships,What are the eligibility criteria for the scholarship?,Low,2026-05-25,Portal
Q05171,Ishaan Singh,Information Technology,examination,what is the process for applying for revaluation?,Medium,2026-02-16,Helpdesk
Q02303,Sneha Kumar,Business Administration, Examination ,How can I download my hall ticket?,High,2026-06-10,Email
Q01663,Arjun Verma,Biotechnology,Scholarship,When will the scholarship results be announced?,Medium,2026-07-15,Email
Q02649,Rahul Kumar,Information Technology,FEES,Can I download my fee payment receipt?,Medium,2026-07-25,Chat
Q03644,Rohan Mehta,Electronics,Examination,What is the process for applying for revaluation? Kindly provide guidance.,LOW,2026-04-26,Portal
Q04185,Ankit Singh,Physics, Examination ,when will the examination timetable be released?,Medium,2026-01-19,Portal
Q00488,Simran Khan,Business Administration,Fees,How can I pay my semester fee online?,High,2026-03-16,Helpdesk
Q05139,Divya Joshi,Mathematics,hostel,Please help. How can I apply for hostel accommodation?,Medium,2026-05-18,Chat
Q02783,Rohan Sharma,Information Technology,Technical,i forgot my portal password and cannot log in.,Low,2026-07-08,Chat
Q04988,Arjun Khan,Information Technology,Accommodation,Please help. What is the process for changing my hostel room?,High,2026-03-18,Portal
Q04924,Sakshi Sharma,Mechanical,hostel,I have a problem with my hostel room facilities.,Medium,2026-08-18,Email
Q00912,Vikram Das,Computer Science,Accommodation,when will the hostel allotment list be announced?,high,2026-01-12,Portal
Q01546,Aarav Das,Mechanical,Scholarships,What documents are required for scholarship verification?,High,2026-03-29,Portal
Q03704,Harsh Mehta,Mathematics,technical,My dashboard is not loading properly.,Low,2026-01-07,Chat
Q00652,Isha Mehta,Mechanical,Scholarships,when will the scholarship results be announced?,Medium,2026-08-27,Helpdesk
Q01627,Ishaan Verma,Mechanical,Exam,Please help. How can I download my hall ticket?,Medium,2026-04-13,Email
Q01692,Yash Joshi,Civil,HOSTEL,How can I apply for hostel accommodation?,Medium,2026-06-20,Chat
Q01505,Yash Patel,Electrical Engineering,HOSTEL,What is the process for changing my hostel room? Kindly provide guidance.,High,2026-08-13,Chat
Q03006,Pooja Singh,Electronics,Examination,When will the examination timetable be released?,Low,2026-03-04,Email
Q02699,Yash Mehta,Biotechnology,fees,My fee payment was deducted but is not showing in the portal.,HIGH,2026-02-06,Helpdesk
Q01428,Sanjay Mehta,Electrical Engineering,Admissions,When will the next admission merit list be published?,Low,2026-08-10,Chat
Q03660,Sakshi Kumar,Civil,Scholarship,My scholarship application status is pending.,High,2026-08-01,Helpdesk
Q01646,Priya Khan,Mathematics,Tech,I am unable to access my student portal.,High,2026-07-30,Email
Q01858,Sakshi Verma,Computer Science,examination,I am unable to see my examination result.,Low,2026-04-20,Chat
Q04408,Simran Khan,Electrical Engineering,Examination,My exam centre details are not visible in the portal.,Medium,2026-04-13,Portal
Q00841,Varun Das,Civil,Hostel,I have a problem with my hostel room facilities.,High,2026-03-21,Email
Q00291,Aman Sharma,Biotechnology,admissions,I need help with the admission registration process.,Medium,2026-05-10,Email
Q02490,Pooja Kumar,Computer Science, admissions ,When will the next admission merit list be published?,Medium,2026-07-06,Chat
Q01823,Bhavya Gupta,Mathematics, Fees ,Is installment payment available for tuition fees?,Medium,2026-03-06,Portal
Q02164,Riya Das,Computer Science,Fee,,Medium,2026-01-08,Chat
Q03033,Bhavya Singh,Electronics,admissions,Can I change my selected programme after admission?,Low,2026-02-19,Chat
Q05103,Rohit Mehta,Physics,,Please help. I cannot upload my assignment due to a system error.,Medium,2026-06-09,Email
Q00675,Aarav Singh,Civil,Fee,My fee payment was deducted but is not showing in the portal.,Medium,2026-05-21,Email
Q04010,Neha Gupta,Computer Science,Admissions,When will the next admission merit list be published?,High,2026-07-09,Email
Q00817,Riya Singh,Information Technology,scholarship,When will the scholarship results be announced?,Low,2026-02-21,Helpdesk
Q03851,Manav Kumar,Business Administration,technical,My dashboard is not loading properly.,Medium,2026-05-20,Email
Q04122,Rohit Kumar,Electronics,Fee,My fee payment was deducted but is not showing in the portal.,Medium,2026-02-25,Helpdesk
Q03788,Manav Singh,Electrical Engineering,Examination,What is the process for applying for revaluation?,medium,2026-06-24,Email
Q02536,Vikram Verma,Business Administration,examination,What is the process for applying for revaluation?,Low,2026-02-22,Chat
Q04547,Aarav Mehta,Civil,admissions,What documents are required for admission verification?,High,2026-05-04,Email
Q01659,Simran Mehta,Physics,Fee,what is the last date for paying the semester fee?,Medium,2026-06-10,Portal
Q03503,Nitin Sharma,ELECTRONICS,technical,My dashboard is not loading properly.,Medium,2026-04-08,Email
Q00342,Sneha Das,Information Technology,HOSTEL,Please help. When will the hostel allotment list be announced?,Low,2026-06-11,Email
Q00896,Neha Sharma,Physics,Hostel,How can I apply for hostel accommodation? Kindly provide guidance.,Medium,2026-01-12,Email
Q03709,Isha Patel,Mathematics,SCHOLARSHIP,My scholarship application status is pending.,Medium,2026-04-09,Email
Q02736,Bhavya Das,Computer Science, Fees ,What is the last date for paying the semester fee? Kindly provide guidance.,Low,2026-01-23,Email
Q04380,Rohan Khan,Business Administration,EXAMINATION,My exam centre details are not visible in the portal. Kindly provide guidance.,Medium,2026-08-31,Helpdesk
Q03250,Pooja Mehta,Mathematics,Fees,Please help. What is the last date for paying the semester fee?,Medium,2026-01-29,Email
Q02650,Varun Mehta,Electronics,Tech,I cannot upload my assignment due to a system error. Kindly provide guidance.,Low,2026-04-27,Portal
Q00455,Sakshi Patel,Computer Science,Examination,What is the process for applying for revaluation?,High,2026-08-04,Portal
Q02095,Rahul Kumar,Biotechnology,admissions,How can I check the status of my admission application?,Medium,2026-07-23,Portal
Q01543,Aditi Sharma,Civil,SCHOLARSHIP,When will the scholarship results be announced?,Low,2026-07-07,Helpdesk
Q01723,Yash Verma,Mathematics,SCHOLARSHIP,My scholarship application status is pending.,High,2026-07-12,Email
Q01981,Isha Mehta,Business Administration,Scholarship,What are the eligibility criteria for the scholarship?,Medium,2026-08-09,Email
Q00130,Aditya Joshi,Mechanical,scholarship,How can I apply for a student scholarship?,Medium,2026-02-11,Email
Q01744,Kavya Patel,Information Technology,,What is the process for changing my hostel room?,MEDIUM,2026-04-27,Portal
Q03724,Manav Gupta,Computer Science,TECHNICAL,,High,2026-03-13,Portal
Q04938,Aarav Das,Electrical Engineering,hostel,What is the process for changing my hostel room?,Medium,2026-03-05,Email
Q01323,Ananya Khan,ELECTRONICS,Accommodation,What is the process for changing my hostel room?,Low,2026-08-15,Helpdesk
Q00731,Varun Joshi,Mathematics,FEES,What is the last date for paying the semester fee?,Medium,2026-02-24,Chat
Q04567,Vikram Mehta,Information Technology,admissions,Can I change my selected programme after admission?,Low,2026-03-04,Email
Q01135,Nitin Joshi,Electrical Engineering,FEES,my fee payment was deducted but is not showing in the portal.,Low,2026-04-17,Helpdesk
Q05094,Varun Gupta,Electrical Engineering,fees,Is installment payment available for tuition fees?,Low,2026-06-26,Chat
Q04623,Tanvi Das, Computer Science , Technical ,My dashboard is not loading properly. Kindly provide guidance.,High,2026-02-23,Chat
Q04590,Sanjay Mehta,Electrical Engineering,Admission,What documents are required for admission verification?,Medium,2026-03-07,Chat
Q02478,Nitin Khan,Biotechnology,Hostel,How can I contact the hostel administration?,low,2026-05-19,Helpdesk
Q00192,Neha Verma,Physics,SCHOLARSHIP,What documents are required for scholarship verification?,Medium,2026-03-20,Portal
Q02218,Rohit Sharma,Information Technology, admissions ,Can I change my selected programme after admission?,High,2026-03-18,Email
Q02348,Varun Kumar,Mechanical,FEES,What is the last date for paying the semester fee?,high,2026-08-05,Portal
Q03297,Aditi Joshi,Information Technology,Examination,I am unable to see my examination result.,High,2026-08-12,Email
Q03123,Karan Singh,Physics, Examination ,How can I download my hall ticket?,Medium,2026-07-10,Helpdesk
Q03043,Sneha Joshi,Electronics,SCHOLARSHIP,How can I apply for a student scholarship?,Medium,2026-05-07,Portal
Q03084,Ishaan Sharma,Physics,technical,I forgot my portal password and cannot log in.,Low,2026-06-27,Email
Q03833,Manav Das,Civil,Fees,Is installment payment available for tuition fees?,Medium,2026-08-15,Portal
Q02147,Pooja Verma,Physics,Accommodation,how can i contact the hostel administration?,High,2026-04-18,Helpdesk
Q01768,Rahul Patel,Mechanical, Technical ,I forgot my portal password and cannot log in.,High,2026-05-28,Portal
Q02182,Sanjay Das,Mechanical,hostel,I have a problem with my hostel room facilities.,Medium,2026-02-15,Helpdesk
Q03489,Simran Verma,Computer Science,Examination,When will the examination timetable be released?,Medium,2026-02-21,Portal
Q03828,Riya Gupta,Business Administration,Scholarship,My scholarship application status is pending.,Low,2026-06-03,Email
Q00429,Neha Verma,Information Technology, Examination ,What is the process for applying for revaluation?,Medium,2026-05-01,Helpdesk
Q04117,Nitin Das,Biotechnology,ADMISSIONS,,Low,2026-02-06,Email
Q04606,Kavya Singh,Information Technology,fees,My fee payment was deducted but is not showing in the portal.,Low,2026-02-03,Email
Q01610,Sanjay Das,Information Technology,Accommodation,what is the process for changing my hostel room?,Medium,2026-06-05,Email
Q03864,Ananya Khan,Electronics,scholarship,How can I apply for a student scholarship?,High,2026-01-07,Helpdesk
Q01461,Bhavya Khan,Electronics,Examination,when will the examination timetable be released?,low,2026-04-07,Chat
Q01590,Neha Sharma,Information Technology,Admission,Please help. Can I change my selected programme after admission?,High,2026-02-14,Helpdesk
Q04639,Riya Singh,Information Technology, admissions ,How can I check the status of my admission application?,High,2026-07-01,Chat
Q03737,Ananya Das,Business Administration,Fees,My fee payment was deducted but is not showing in the portal.,High,2026-07-12,Portal
Q00024,Tanvi Kumar,Electrical Engineering,Examination,When will the examination timetable be released?,High,2026-05-10,Chat
Q02101,Isha Khan,Electronics,Admissions,when will the next admission merit list be published?,Low,2026-02-27,Helpdesk
Q00679,Ankit Das,Mathematics,FEES,can i download my fee payment receipt?,Low,2026-06-18,Portal
Q05056,Neha Gupta,Biotechnology,Hostel,Please help. What is the process for changing my hostel room?,Low,2026-03-02,Portal
Q00638,Meera Singh,Mathematics,Examination,,Medium,2026-08-18,Chat
Q02327,Aman Mehta,Physics,Fees,Can I download my fee payment receipt?,Medium,2026-06-26,Portal
Q01136,Vikram Gupta,Civil,fees,What is the last date for paying the semester fee?,Medium,2026-01-30,Email
Q00157,Aman Verma,Electronics,FEES,,Medium,2026-06-11,Helpdesk
Q04054,Karan Singh,Mechanical,,,Medium,2026-05-24,Email
Q00868,Nisha Mehta,Business Administration, Scholarship ,Please help. When will the scholarship results be announced?,Low,2026-03-06,Email
Q04631,Aarav Kumar,Civil,Examination,I am unable to see my examination result.,High,2026-03-30,Portal
Q03875,Ananya Kumar,Mechanical,examination,My exam centre details are not visible in the portal.,Low,2026-08-09,Chat
Q00165,Rohit Das,Computer Science,HOSTEL,How can I contact the hostel administration? Kindly provide guidance.,High,2026-05-17,Email
Q04376,Arjun Patel,Mathematics,fees,Is installment payment available for tuition fees?,High,2026-08-23,Email
Q04551,Sakshi Mehta,Biotechnology,admissions,what documents are required for admission verification?,Medium,2026-04-27,Helpdesk
Q00908,Simran Das,Civil,,When will the scholarship results be announced? Kindly provide guidance.,Medium,2026-01-31,Portal
Q03240,Aman Patel,Electrical Engineering,Tech,I cannot upload my assignment due to a system error.,Medium,2026-04-13,Email
Q00783,Aman Singh,Electronics,hostel,What is the process for changing my hostel room?,Medium,2026-08-12,Helpdesk
Q01866,Divya Gupta,Business Administration,Examinations,My exam centre details are not visible in the portal.,Medium,2026-02-08,Email
Q04061,Sanjay Joshi,Mathematics,Examinations,I am unable to see my examination result.,Low,2026-02-17,Chat
Q00803,Nisha Verma,Electronics,Exam,What is the process for applying for revaluation?,High,2026-02-13,Helpdesk
Q01979,Neha Kumar,Physics,Exam,Please help. I am unable to see my examination result.,Medium,2026-07-16,Portal
Q04038,Shreya Khan,Mechanical,TECHNICAL,I cannot upload my assignment due to a system error.,Low,2026-07-14,Email
Q02794,Manav Verma,Physics,Fees,Is installment payment available for tuition fees? Kindly provide guidance.,Low,2026-07-11,Chat
Q03928,Riya Khan,Mathematics,HOSTEL,How can I apply for hostel accommodation? Kindly provide guidance.,High,2026-04-19,Email
Q02335,Yash Sharma,Mathematics,SCHOLARSHIP,My scholarship application status is pending.,High,2026-07-16,Portal
Q02395,Neha Verma,Mechanical,admissions,How can I check the status of my admission application?,Low,2026-03-28,Email
Q02358,Priya Gupta,Mathematics,Fees,Please help. Is installment payment available for tuition fees?,Low,2026-01-28,Email
Q04781,Meera Khan,Physics, Scholarship ,My scholarship application status is pending.,Medium,2026-02-13,Email
Q00106,Ankit Singh,Information Technology,Technical,,low,2026-08-29,Email
Q04330,Rohan Patel,Physics,admissions,When will the next admission merit list be published?,MEDIUM,2026-03-23,Email
Q04626,Nisha Mehta,Mathematics,scholarship,How can I apply for a student scholarship?,Medium,2026-07-10,Email
Q03940,Rahul Singh,Electronics,Admission,What documents are required for admission verification?,Low,2026-01-21,Email
Q04285,Rohit Verma,Electrical Engineering,technical,I cannot upload my assignment due to a system error.,High,2026-07-19,Chat
Q01853,Sakshi Verma,Mathematics,fees,My fee payment was deducted but is not showing in the portal.,Low,2026-04-21,Helpdesk
Q00502,Kavya Singh,Civil, Fees ,Can I download my fee payment receipt?,High,2026-06-04,Chat
Q02904,Rohan Mehta, Electronics ,Examinations,What is the process for applying for revaluation?,Low,2026-06-04,Helpdesk
Q01380,Ishaan Kumar,Business Administration,Fees,Is installment payment available for tuition fees?,medium,2026-01-05,Email
Q00153,Manav Gupta,Biotechnology,Scholarships,What are the eligibility criteria for the scholarship? Kindly provide guidance.,Medium,2026-08-30,Portal
Q01410,Divya Khan,Electrical Engineering,Hostel,I have a problem with my hostel room facilities.,High,2026-02-12,Email
Q03950,Ankit Gupta,Computer Science, Technical ,,Low,2026-01-29,Portal
Q04243,Manav Kumar,Mathematics,Scholarship,When will the scholarship results be announced?,High,2026-05-10,Email
Q01976,Tanvi Verma,Biotechnology,Fees,Is installment payment available for tuition fees?,Medium,2026-06-29,Chat
Q01002,Rohit Sharma,Physics, Fees ,is installment payment available for tuition fees?,High,2026-06-18,Portal
Q00486,Ananya Sharma,MECHANICAL,FEES,Is installment payment available for tuition fees?,Low,2026-04-19,Chat
Q04268,Meera Joshi,Electronics,Admission,How can I check the status of my admission application?,Low,2026-07-01,Portal
Q05060,Arjun Khan,Biotechnology, Scholarship ,My scholarship application status is pending.,High,2026-04-11,Portal
Q04684,Payal Joshi,Physics,SCHOLARSHIP,When will the scholarship results be announced?,High,2026-02-21,Helpdesk
Q03022,Simran Joshi,Electrical Engineering, Technical ,I am unable to access my student portal.,Low,2026-06-28,Helpdesk
Q05191,Sakshi Khan,Mechanical,Fee,What is the last date for paying the semester fee?,High,2026-04-02,Email
Q04016,Ananya Das,Business Administration,TECHNICAL,My dashboard is not loading properly.,Medium,2026-05-01,Helpdesk
Q02618,Tanvi Gupta,Mathematics,technical,The portal is showing an error while submitting my form.,Low,2026-07-20,Portal
Q00397,Yash Patel,Computer Science,Scholarships,My scholarship application status is pending.,Medium,2026-07-05,Chat
Q02454,Vikram Sharma,Business Administration,TECHNICAL,I forgot my portal password and cannot log in.,Low,2026-04-17,Helpdesk
Q03053,Aman Kumar,Information Technology,ADMISSIONS,Please help. What documents are required for admission verification?,Medium,2026-04-14,Portal
Q04108,Kavya Gupta,Information Technology,admissions,,High,2026-08-17,Email
Q02179,Rohit Sharma,Electrical Engineering,Exam,My exam centre details are not visible in the portal.,Medium,2026-01-12,Helpdesk
Q02418,Simran Gupta,Electronics,TECHNICAL,My dashboard is not loading properly.,Medium,2026-05-22,Email
Q04519,Shreya Patel,Computer Science,Fees,What is the last date for paying the semester fee? Kindly provide guidance.,Low,2026-03-09,Portal
Q04627,Sneha Das,Mechanical,Scholarships,When will the scholarship results be announced?,Medium,2026-04-11,Helpdesk
Q00877,Ananya Verma,Electrical Engineering,technical,I forgot my portal password and cannot log in.,Medium,2026-03-21,Email
Q02088,Tanvi Joshi,Electrical Engineering,Exam,Please help. My exam centre details are not visible in the portal.,Medium,2026-02-19,Email
Q00190,Neha Kumar,Information Technology,hostel,When will the hostel allotment list be announced?,Medium,2026-01-31,Email
Q04399,Varun Joshi,Mechanical,Tech,The portal is showing an error while submitting my form.,High,2026-04-28,Helpdesk
Q01133,Riya Singh,Business Administration,EXAMINATION,,Medium,2026-06-27,Helpdesk
Q04836,Sakshi Patel,Mechanical,Scholarships,what documents are required for scholarship verification?,Medium,2026-04-02,Helpdesk
Q02980,Divya Mehta,Mechanical,FEES,What is the last date for paying the semester fee?,Low,2026-01-05,Email
Q00537,Varun Sharma,Mechanical, Fees ,,Medium,2026-04-21,Helpdesk
Q01827,Rohit Sharma,Civil,Admission,How can I check the status of my admission application?,Low,2026-02-03,Portal
Q04936,Shreya Das,Mathematics,hostel,How can I apply for hostel accommodation?,Medium,2026-02-16,Chat
Q03064,Divya Gupta,Physics,SCHOLARSHIP,What are the eligibility criteria for the scholarship?,Medium,2026-07-15,Chat
Q01948,Arjun Kumar,Computer Science,Exam,What is the process for applying for revaluation?,High,2026-08-03,Portal
Q03735,Manav Gupta,Mathematics, admissions ,What documents are required for admission verification?,High ,2026-04-29,Chat
Q03980,Yash Joshi,Electrical Engineering,hostel,How can I contact the hostel administration?,Medium,2026-01-30,Helpdesk
Q03820,Rohit Patel,Mechanical,SCHOLARSHIP,What are the eligibility criteria for the scholarship?,MEDIUM,2026-05-11,Email
Q03738,Isha Joshi,Business Administration, Scholarship ,What are the eligibility criteria for the scholarship?,High,2026-03-04,Portal
Q04753,Harsh Kumar,Information Technology, Scholarship ,My scholarship application status is pending.,Medium,2026-01-08,Chat
Q01034,Varun Kumar,Mathematics,fees,Please help. My fee payment was deducted but is not showing in the portal.,Medium,2026-03-11,Email
Q04499,Nitin Mehta,Civil,Fees,My fee payment was deducted but is not showing in the portal. Kindly provide guidance.,Medium,2026-08-24,Chat
Q04150,Kavya Verma,Electronics, Examination ,Please help. What is the process for applying for revaluation?,Medium,2026-06-02,Helpdesk
Q04455,Aman Mehta,Information Technology,fees,is installment payment available for tuition fees?,Medium,2026-03-25,Helpdesk
Q04637,Arjun Gupta,Computer Science,Accommodation,I have a problem with my hostel room facilities.,Medium,2026-05-25,Portal
Q00617,Arjun Kumar,Mathematics,Examinations,I am unable to see my examination result. Kindly provide guidance.,Medium,2026-08-07,Portal
Q01638,Vikram Das,Physics,admissions,what documents are required for admission verification?,Medium,2026-08-29,Email
Q02806,Payal Sharma,Electronics,ADMISSIONS,When will the next admission merit list be published?,Low,2026-01-23,Email
Q00433,Sanjay Das,Mechanical,scholarship,How can I apply for a student scholarship?,High,2026-06-08,Chat
Q02698,Ankit Singh,Business Administration,Scholarships,What are the eligibility criteria for the scholarship?,Medium,2026-03-29,Email
Q03333,Payal Khan,Mechanical,Exam,When will the examination timetable be released?,High,2026-03-19,Portal
Q01699,Aditi Patel,Computer Science,Admissions,Can I change my selected programme after admission?,Low,2026-05-18,Email
Q01887,Pooja Verma, Computer Science ,technical,Please help. I am unable to access my student portal.,High,2026-01-18,Chat
Q03589,Meera Kumar,Biotechnology,SCHOLARSHIP,Please help. What are the eligibility criteria for the scholarship?,High,2026-06-09,Email
Q02049,Aditi Kumar,Mechanical,Admissions,How can I check the status of my admission application?,High,2026-05-02,Chat
Q00569,Aarav Joshi,Mathematics, Fees ,My fee payment was deducted but is not showing in the portal.,High,2026-04-03,Portal
Q01247,Nitin Singh,Business Administration,Examinations,My exam centre details are not visible in the portal.,Medium,2026-08-26,Email
Q03793,Tanvi Joshi,Business Administration,Tech,I forgot my portal password and cannot log in.,High,2026-03-01,Portal
Q03792,Simran Verma,Computer Science,Admissions,I need help with the admission registration process.,High,2026-03-16,Helpdesk
Q00275,Aditi Kumar,Mechanical, Scholarship ,What documents are required for scholarship verification?,High,2026-03-11,Portal
Q00085,Vikram Gupta,Mathematics,Scholarship,What are the eligibility criteria for the scholarship? Kindly provide guidance.,Medium,2026-06-24,Helpdesk
Q03634,Karan Khan,Computer Science,Examinations,When will the examination timetable be released? Kindly provide guidance.,Low,2026-03-04,Portal
Q04035,Rohit Verma,Electronics,scholarship,How can I apply for a student scholarship? Kindly provide guidance.,Medium,2026-05-14,Helpdesk
Q02366,Aditya Patel,Computer Science,HOSTEL,Please help. How can I contact the hostel administration?,Medium,2026-02-09,Helpdesk
Q05146,Meera Joshi,Electronics,TECHNICAL,I cannot upload my assignment due to a system error.,High,2026-04-15,Portal
Q03884,Varun Joshi,Electrical Engineering, Hostel ,Please help. How can I contact the hostel administration?,MEDIUM,2026-03-07,Helpdesk
Q01324,Vikram Singh,Electrical Engineering, Examination ,What is the process for applying for revaluation?,Low,2026-08-29,Chat
Q00324,Vikram Patel,Electronics,HOSTEL,When will the hostel allotment list be announced?,Medium,2026-04-09,Chat
Q02915,Rahul Sharma,Computer Science, Examination ,How can I download my hall ticket?,Medium,2026-05-24,Email
Q04481,Nisha Gupta,Information Technology,Scholarships,My scholarship application status is pending.,Medium,2026-06-03,Email
Q02396,Shreya Das,Business Administration,fees,How can I pay my semester fee online?,Low,2026-07-01,Helpdesk
Q03487,Neha Joshi,Mechanical,Exam,What is the process for applying for revaluation?,Low,2026-05-18,Chat
Q02770,Aman Singh,Electrical Engineering,admissions,When will the next admission merit list be published?,Low,2026-04-09,Portal
Q02724,Ananya Patel,Information Technology,Fee,Can I download my fee payment receipt?,low,2026-08-02,Email
Q02896,Ananya Gupta,Biotechnology,Technical,I cannot upload my assignment due to a system error.,MEDIUM,2026-07-26,Email
Q00018,Payal Das,Electrical Engineering,EXAMINATION,When will the examination timetable be released?,High,2026-01-23,Portal
Q00901,Rahul Sharma,Information Technology,Scholarships,When will the scholarship results be announced?,Medium,2026-06-02,Portal
Q04207,Karan Das,Biotechnology,Accommodation,How can I contact the hostel administration?,Medium,2026-04-02,Chat
Q00214,Nisha Sharma,Computer Science,Fees,Please help. Is installment payment available for tuition fees?,High,2026-03-07,Helpdesk
Q03078,Aditi Gupta,Biotechnology,Scholarship,How can I apply for a student scholarship?,HIGH,2026-04-14,Helpdesk
Q01382,Vikram Gupta,Civil,Examinations,Please help. How can I download my hall ticket?,MEDIUM,2026-04-19,Email
Q03645,Aditya Khan,Mathematics, Examination ,Please help. I am unable to see my examination result.,High,2026-07-20,Chat
Q00863,Rohit Mehta,Mathematics,Fee,how can i pay my semester fee online?,Low,2026-02-10,Portal
Q01117,Simran Kumar,Information Technology,HOSTEL,Please help. How can I apply for hostel accommodation?,Low,2026-07-13,Portal
Q02895,Tanvi Singh,Information Technology,HOSTEL,When will the hostel allotment list be announced?,Low,2026-06-30,Portal
Q00074,Manav Sharma,Business Administration,TECHNICAL,The portal is showing an error while submitting my form.,Medium,2026-02-21,Chat
Q00698,Sanjay Verma,Biotechnology,Hostel,When will the hostel allotment list be announced?,High,2026-05-07,Email
Q00080,Riya Verma,Mechanical,Examination,My exam centre details are not visible in the portal.,Low,2026-08-26,Chat
Q00373,Rahul Kumar,Electrical Engineering,Fees,Is installment payment available for tuition fees?,Medium,2026-08-11,Helpdesk
Q00791,Yash Singh,Biotechnology,EXAMINATION,I am unable to see my examination result.,high,2026-03-05,Email
Q01165,Meera Joshi,Electrical Engineering,Admissions,Can I change my selected programme after admission?,Medium,2026-08-13,Email
Q00732,Manav Khan,Mathematics,SCHOLARSHIP,My scholarship application status is pending.,Medium,2026-04-16,Portal
Q01639,Aditi Das,Biotechnology,SCHOLARSHIP,When will the scholarship results be announced?,Low,2026-01-04,Helpdesk
Q01420,Harsh Kumar,Computer Science,Scholarships,how can i apply for a student scholarship?,Medium,2026-08-29,Email
Q04920,Yash Sharma,Physics,Scholarship,How can I apply for a student scholarship? Kindly provide guidance.,Medium,2026-06-21,Helpdesk
Q01806,Neha Mehta,Mechanical, Fees ,Is installment payment available for tuition fees?,Medium,2026-07-12,Email
Q02263,Vikram Joshi,Computer Science,ADMISSIONS,When will the next admission merit list be published?,High ,2026-04-06,Chat
Q02644,Varun Das,Business Administration, Fees ,Please help. How can I pay my semester fee online?,Medium,2026-06-27,Helpdesk
Q01426,Rohit Mehta,Biotechnology, Fees ,Can I download my fee payment receipt?,Medium,2026-05-19,Portal
Q03942,Vikram Khan,Physics,,My scholarship application status is pending.,Medium,2026-01-22,Portal
Q04746,Priya Das,Business Administration,Hostel,What is the process for changing my hostel room?,High,2026-02-23,Chat
Q00629,Priya Khan,Electrical Engineering,Exam,I am unable to see my examination result.,low,2026-03-09,Email
Q04040,Nisha Khan,Business Administration,Fee,Can I download my fee payment receipt?,Medium,2026-05-28,Portal
Q04645,Meera Joshi,Information Technology,TECHNICAL,I forgot my portal password and cannot log in.,Medium,2026-04-14,Helpdesk
Q03374,Rohan Kumar,Electrical Engineering,Admissions,How can I check the status of my admission application?,Medium,2026-07-03,Email
Q00122,Meera Gupta,Mechanical,fees,How can I pay my semester fee online?,Medium,2026-07-30,Portal
Q02402,Pooja Gupta,Business Administration,Fee,Please help. My fee payment was deducted but is not showing in the portal.,Low,2026-05-01,Chat
Q03254,Meera Sharma,Physics,FEES,How can I pay my semester fee online?,Medium,2026-05-23,Portal
Q02343,Priya Khan,Mechanical,scholarship,My scholarship application status is pending.,Medium,2026-06-12,Helpdesk
Q02480,Rohit Joshi,Electrical Engineering,FEES,Please help. Can I download my fee payment receipt?,High,2026-02-06,Portal
Q01431,Arjun Verma,Physics,examination,How can I download my hall ticket?,Medium,2026-07-12,Portal
Q02115,Manav Mehta,Computer Science,Fees,Can I download my fee payment receipt?,Medium,2026-02-15,Email
Q02982,Varun Das,Civil,fees,My fee payment was deducted but is not showing in the portal.,Medium,2026-04-02,Portal
Q00341,Bhavya Verma,BUSINESS ADMINISTRATION,Accommodation,I have a problem with my hostel room facilities.,High ,2026-04-14,Chat
Q01801,Simran Patel,Biotechnology,,I need help with the admission registration process.,High,2026-04-17,Chat
Q00286,Varun Mehta,Electronics, Examination ,How can I download my hall ticket?,Low,2026-08-21,Email
Q03094,Meera Verma,Civil, admissions ,When will the next admission merit list be published?,high,2026-01-25,Portal
Q03791,Kavya Kumar,Physics,Scholarships,My scholarship application status is pending.,Low,2026-05-01,Portal
Q02467,Kavya Sharma,Physics, Fees ,My fee payment was deducted but is not showing in the portal.,LOW,2026-01-09,Portal
Q00111,Arjun Singh,Civil,examination,When will the examination timetable be released?,Medium,2026-08-05,Chat
Q00866,Neha Kumar,Computer Science,examination,,Medium,2026-01-20,Chat
Q02068,Rahul Kumar,Civil,Admission,Can I change my selected programme after admission?,High,2026-05-29,Helpdesk
Q02305,Priya Mehta,Electrical Engineering,Scholarship,How can I apply for a student scholarship?,Medium,2026-01-25,Email
Q00278,Aarav Khan,Mathematics,technical,Please help. I cannot upload my assignment due to a system error.,Medium,2026-08-06,Helpdesk
Q05061,Simran Singh,Computer Science,fees,My fee payment was deducted but is not showing in the portal.,Medium,2026-08-01,Portal
Q00203,Karan Sharma,Electronics, Examination ,How can I download my hall ticket?,Medium,2026-03-10,Portal
Q00942,Sakshi Singh,Electronics,Exam,When will the examination timetable be released? Kindly provide guidance.,High,2026-06-17,Chat
Q03738,Isha Joshi,Business Administration, Scholarship ,What are the eligibility criteria for the scholarship?,High,2026-03-04,Portal
Q04928,Arjun Patel,Mechanical,Admissions,When will the next admission merit list be published?,Medium,2026-03-04,Helpdesk
Q04215,Harsh Das,Computer Science,Technical,I forgot my portal password and cannot log in.,Medium,2026-02-20,Helpdesk
Q02590,Manav Khan,Biotechnology,fees,What is the last date for paying the semester fee?,Low,2026-02-26,Portal
Q04695,Sneha Patel,Electrical Engineering, Fees ,,Low,2026-04-24,Email
Q02485,Harsh Verma,Mechanical,Scholarship,How can I apply for a student scholarship?,Low,2026-03-28,Helpdesk
Q02356,Nisha Sharma,Biotechnology,SCHOLARSHIP,What documents are required for scholarship verification?,Medium,2026-05-21,Email
Q00326,Ananya Joshi,Computer Science,TECHNICAL,The portal is showing an error while submitting my form.,High,2026-06-25,Email
Q00725,Ananya Das,Electronics,technical,Please help. My dashboard is not loading properly.,Medium,2026-02-26,Portal
Q03687,Riya Verma,Biotechnology, Technical ,My dashboard is not loading properly.,Medium,2026-08-03,Chat
Q00721,Varun Kumar,Electronics,Accommodation,How can I apply for hostel accommodation?,Medium,2026-02-26,Email
Q03729,Varun Verma,Mechanical,Fees,Is installment payment available for tuition fees? Kindly provide guidance.,High,2026-08-17,Portal
Q04063,Karan Verma,Physics,scholarship,My scholarship application status is pending.,High,2026-01-19,Chat
Q01456,Shreya Singh,Electronics, admissions ,How can I check the status of my admission application?,Medium,2026-08-31,Chat
Q01912,Nitin Verma,Civil,Examination,When will the examination timetable be released?,High,2026-05-19,Helpdesk
Q03770,Tanvi Gupta,Electrical Engineering, admissions ,,Medium,2026-02-26,Portal
Q03943,Bhavya Das,Mechanical,hostel,what is the process for changing my hostel room?,High,2026-08-11,Portal
Q02819,Yash Sharma,Business Administration,examination,what is the process for applying for revaluation?,Low,2026-03-03,Email
Q01185,Vikram Das,Mathematics,ADMISSIONS,What documents are required for admission verification?,HIGH,2026-04-04,Portal
Q04334,Meera Kumar,Civil,examination,What is the process for applying for revaluation?,High ,2026-04-22,Chat
Q04893,Ananya Mehta,Biotechnology,Fee,My fee payment was deducted but is not showing in the portal.,Low,2026-08-19,Email
Q04288,Kavya Das,Computer Science,Admission,I need help with the admission registration process.,High,2026-02-10,Chat
Q02851,Yash Das,Electrical Engineering,TECHNICAL,My dashboard is not loading properly.,HIGH,2026-07-13,Helpdesk
Q04442,Nisha Joshi,Information Technology,fees,is installment payment available for tuition fees?,High,2026-03-07,Helpdesk
Q00162,Vikram Khan,Biotechnology,Hostel,Please help. What is the process for changing my hostel room?,Medium,2026-07-20,Helpdesk
Q01279,Meera Singh,Mathematics,Technical,I am unable to access my student portal. Kindly provide guidance.,High,2026-04-27,Portal
Q00684,Aditi Gupta,Computer Science, Hostel ,What is the process for changing my hostel room?,Medium,2026-06-01,Chat
Q01975,Neha Mehta,BIOTECHNOLOGY,EXAMINATION,Please help. I am unable to see my examination result.,High,2026-04-27,Portal
Q00298,Sneha Mehta,Electronics, Fees ,How can I pay my semester fee online? Kindly provide guidance.,high,2026-02-23,Chat
Q02628,Payal Sharma,Business Administration,Technical,I forgot my portal password and cannot log in.,High,2026-08-12,Chat
Q00987,Ankit Khan,Information Technology, Scholarship ,What are the eligibility criteria for the scholarship?,Low,2026-04-13,Chat
Q02593,Vikram Mehta,Mechanical,Examination,What is the process for applying for revaluation?,High,2026-07-05,Email
Q01286,Harsh Sharma,Information Technology, Scholarship ,How can I apply for a student scholarship?,LOW,2026-02-03,Helpdesk
Q01150,Rohit Das,Electronics,hostel,,Medium,2026-08-14,Email
Q03944,Riya Gupta,Civil,Accommodation,What is the process for changing my hostel room?,Medium,2026-01-19,Email
Q01916,Aman Das,Biotechnology,Exam,What is the process for applying for revaluation?,Low,2026-08-08,Email
Q03498,Tanvi Khan,Electrical Engineering,Examinations,My exam centre details are not visible in the portal.,medium,2026-04-21,Portal
Q01465,Kavya Singh,Mechanical,Accommodation,I have a problem with my hostel room facilities. Kindly provide guidance.,Medium,2026-01-14,Portal
Q02494,Rohit Singh,Electronics,technical,The portal is showing an error while submitting my form. Kindly provide guidance.,Low,2026-03-12,Helpdesk
Q01218,Vikram Gupta,Electrical Engineering,examination,My exam centre details are not visible in the portal.,Medium,2026-02-15,Email
Q01686,Rahul Gupta,Civil,hostel,When will the hostel allotment list be announced?,High,2026-07-11,Helpdesk
Q04191,Divya Das,Biotechnology,Fees,Is installment payment available for tuition fees?,Medium,2026-01-10,Helpdesk
Q01147,Aman Khan,Business Administration,fees,What is the last date for paying the semester fee?,High,2026-03-26,Chat
Q02443,Ananya Verma,Computer Science,Examinations,How can I download my hall ticket?,Medium,2026-05-30,Email
Q00113,Shreya Mehta,Mathematics,Admission,What documents are required for admission verification?,High,2026-05-05,Helpdesk
Q03185,Sakshi Singh,Civil,Examinations,What is the process for applying for revaluation?,Low,2026-01-04,Helpdesk
Q03023,Aditi Mehta,Mathematics,FEES,My fee payment was deducted but is not showing in the portal.,Medium,2026-05-07,Chat
Q02100,Nitin Gupta,Mathematics,EXAMINATION,Please help. I am unable to see my examination result.,High,2026-08-30,Portal
Q02406,Kavya Verma,Information Technology,fees,is installment payment available for tuition fees?,High,2026-07-10,Email
Q02310,Meera Singh,Mechanical,Hostel,I have a problem with my hostel room facilities.,Low,2026-07-15,Email
Q04661,Pooja Singh,Computer Science,Exam,How can I download my hall ticket?,Low,2026-04-27,Email
Q03680,Vikram Sharma,Mathematics,HOSTEL,How can I contact the hostel administration? Kindly provide guidance.,Low,2026-03-02,Email
Q00831,Aman Kumar,Information Technology,Exam,How can I download my hall ticket?,Medium,2026-05-31,Email
Q02992,Karan Khan,Business Administration,FEES,Is installment payment available for tuition fees?,High,2026-02-19,Email
Q03495,Neha Das,Mechanical,Exam,My exam centre details are not visible in the portal.,Medium,2026-03-06,Portal
Q05013,Aditya Khan,Physics,Hostel,How can I contact the hostel administration?,High,2026-06-24,Chat
Q02236,Aarav Verma,Electronics,hostel,how can i apply for hostel accommodation?,Medium,2026-04-06,Helpdesk
Q01031,Isha Singh,Computer Science,scholarship,When will the scholarship results be announced?,Low,2026-07-23,Email
Q01419,Bhavya Patel,Electronics, Fees ,My fee payment was deducted but is not showing in the portal.,Low,2026-03-08,Portal
Q03224,Shreya Khan,Biotechnology,,,Low,2026-03-19,Portal
Q01824,Harsh Mehta,Electronics,scholarship,What are the eligibility criteria for the scholarship? Kindly provide guidance.,High,2026-03-24,Email
Q02011,Riya Joshi,Electronics,Technical,I forgot my portal password and cannot log in.,High,2026-02-03,Email
Q00276,Yash Khan,Mathematics,Scholarship,How can I apply for a student scholarship?,High,2026-06-19,Portal
Q01955,Simran Mehta,Mechanical,Admissions,How can I check the status of my admission application?,High,2026-04-09,Chat
Q02990,Yash Sharma,Biotechnology,Scholarship,What are the eligibility criteria for the scholarship?,Medium,2026-07-19,Portal
Q01455,Aarav Patel,Business Administration,Technical,My dashboard is not loading properly.,Medium,2026-08-31,Email
Q02059,Bhavya Singh,Biotechnology,Examination,my exam centre details are not visible in the portal.,Medium,2026-01-09,Chat
Q00175,Aman Kumar,Physics, Technical ,I forgot my portal password and cannot log in.,Low,2026-06-02,Helpdesk
Q04245,Nisha Patel,Computer Science, Scholarship ,How can I apply for a student scholarship?,Medium,2026-08-05,Helpdesk
Q04725,Arjun Mehta,Physics,FEES,what is the last date for paying the semester fee?,medium,2026-03-16,Helpdesk
Q01043,Aman Khan,Electronics,Tech,I forgot my portal password and cannot log in.,Low,2026-03-04,Helpdesk
Q02768,Meera Kumar,Computer Science,admissions,What documents are required for admission verification?,High,2026-07-20,Helpdesk
Q02953,Tanvi Singh,Mechanical,Fees,What is the last date for paying the semester fee? Kindly provide guidance.,Medium,2026-06-28,Chat
Q02106,Harsh Singh,Civil,Scholarships,What are the eligibility criteria for the scholarship? Kindly provide guidance.,Low,2026-02-01,Chat
Q03535,Aman Joshi,Civil,Examination,I am unable to see my examination result.,Medium,2026-05-12,Helpdesk
Q04116,Karan Das,Computer Science, Examination ,i am unable to see my examination result.,Low,2026-05-12,Chat
Q03736,Yash Das,Business Administration,Admission,How can I check the status of my admission application?,High,2026-02-03,Helpdesk
Q03026,Manav Kumar,Mechanical, admissions ,How can I check the status of my admission application?,High,2026-08-27,Portal
Q03538,Priya Sharma,Information Technology, Examination ,When will the examination timetable be released?,High,2026-02-21,Email
Q01457,Simran Gupta,Mechanical,Scholarships,How can I apply for a student scholarship?,Medium,2026-03-20,Chat
Q01788,Neha Joshi,Electronics,Fee,How can I pay my semester fee online?,High,2026-08-30,Portal
Q00294,Kavya Mehta,Mathematics,EXAMINATION,How can I download my hall ticket?,High,2026-04-07,Portal
Q02057,Harsh Sharma,Electronics,Fees,my fee payment was deducted but is not showing in the portal.,Medium,2026-02-15,Portal
Q03668,Meera Sharma,Electronics,Admission,Can I change my selected programme after admission?,Low,2026-07-12,Portal
Q02409,Neha Mehta,Computer Science,Fee,What is the last date for paying the semester fee? Kindly provide guidance.,Medium,2026-02-13,Portal
Q03003,Sanjay Joshi,Computer Science,ADMISSIONS,Can I change my selected programme after admission?,High,2026-07-29,Portal
Q03326,Pooja Khan,Information Technology,Hostel,I have a problem with my hostel room facilities.,Medium,2026-01-27,Chat
Q01943,Arjun Das,Information Technology,Scholarships,What documents are required for scholarship verification?,Medium,2026-03-21,Portal
Q00354,Sneha Joshi,Electrical Engineering, Examination ,My exam centre details are not visible in the portal.,Medium,2026-06-27,Helpdesk
Q04711,Arjun Verma,Civil, admissions ,What documents are required for admission verification?,Medium,2026-04-27,Email
Q04151,Payal Mehta,Biotechnology,Fees,Can I download my fee payment receipt?,High,2026-03-30,Email
Q02718,Ananya Das,Mechanical, Technical ,My dashboard is not loading properly. Kindly provide guidance.,High,2026-08-27,Helpdesk
Q01877,Priya Patel,Computer Science, Hostel ,How can I contact the hostel administration?,Medium,2026-01-04,Portal
Q01311,Nisha Singh,Information Technology,fees,What is the last date for paying the semester fee?,High,2026-02-05,Chat
Q02954,Ishaan Patel,Computer Science,Fees,Can I download my fee payment receipt?,Medium,2026-03-29,Email
Q02271,Priya Singh,Physics,admissions,When will the next admission merit list be published?,Medium,2026-02-24,Portal
Q02063,Sakshi Kumar,Computer Science,Scholarships,what documents are required for scholarship verification?,Low,2026-05-19,Email
Q04378,Aditi Sharma,Electronics,fees,My fee payment was deducted but is not showing in the portal. Kindly provide guidance.,Medium,2026-05-31,Email
Q02131,Kavya Joshi,Mechanical,ADMISSIONS,How can I check the status of my admission application? Kindly provide guidance.,Medium,2026-02-10,Email
Q04588,Bhavya Joshi,Electronics, Fees ,My fee payment was deducted but is not showing in the portal.,High,2026-07-29,Helpdesk
Q00353,Ishaan Khan,Civil, Fees ,,Medium,2026-07-17,Email
Q05179,Rahul Kumar,Biotechnology,TECHNICAL,I forgot my portal password and cannot log in.,Medium,2026-03-22,Email
Q01075,Riya Patel,Civil, Scholarship ,what documents are required for scholarship verification?,High,2026-01-15,Chat
Q00418,Vikram Gupta,Mechanical,technical,I am unable to access my student portal.,High,2026-05-07,Portal
Q04516,Ankit Joshi,Physics,HOSTEL,i have a problem with my hostel room facilities.,Medium,2026-06-20,Helpdesk
Q04907,Sanjay Das,Biotechnology,Admissions,how can i check the status of my admission application?,High,2026-02-25,Chat
Q02999,Nisha Sharma,Mechanical,Admissions,When will the next admission merit list be published?,Low,2026-04-10,Chat
Q01373,Nisha Das,Electrical Engineering,Exam,How can I download my hall ticket?,Medium,2026-01-10,Helpdesk
Q02315,Yash Singh,Electronics,FEES,What is the last date for paying the semester fee?,Low,2026-06-01,Email
Q00188,Arjun Gupta,Biotechnology,Examinations,I am unable to see my examination result.,Medium,2026-06-05,Email
Q00900,Ankit Gupta,Mechanical, Technical ,I forgot my portal password and cannot log in.,Low,2026-02-28,Helpdesk
Q02378,Simran Singh,Civil, Examination ,What is the process for applying for revaluation?,Medium,2026-01-06,Portal
Q00243,Rahul Mehta,Biotechnology,Accommodation,When will the hostel allotment list be announced?,Low,2026-06-21,Portal
Q00985,Riya Singh,InformationTechnology,hostel,I have a problem with my hostel room facilities.,High,2026-06-15,Portal
Q01170,Rohit Sharma,Electrical Engineering,Exam,How can I download my hall ticket?,Low,2026-03-07,Portal
Q04597,Pooja Joshi,Information Technology,Scholarships,When will the scholarship results be announced?,Low,2026-08-30,Chat
Q03158,Isha Kumar,Biotechnology,Tech,The portal is showing an error while submitting my form.,Medium,2026-03-14,Portal
Q03519,Isha Sharma,Physics, Technical ,My dashboard is not loading properly.,Medium,2026-03-13,Helpdesk
Q03905,Manav Mehta,Information Technology,Fee,Please help. Can I download my fee payment receipt?,Medium,2026-06-04,Chat
Q04419,Simran Sharma,Physics,technical,My dashboard is not loading properly.,Low,2026-04-08,Helpdesk
Q02921,Ankit Patel,Mechanical, Fees ,What is the last date for paying the semester fee?,High,2026-04-02,Chat
Q01488,Shreya Gupta, Information Technology ,Examinations,My exam centre details are not visible in the portal.,Medium,2026-07-09,Portal
Q02134,Arjun Khan,Biotechnology, Fees ,,High,2026-05-22,Helpdesk
Q04196,Neha Gupta,BUSINESS ADMINISTRATION,Technical,I cannot upload my assignment due to a system error.,Medium,2026-02-07,Portal
Q01671,Bhavya Mehta,Physics,Hostel,When will the hostel allotment list be announced?,Medium,2026-08-19,Email
Q03617,Sanjay Patel,Business Administration,fees,can i download my fee payment receipt?,Medium,2026-04-22,Helpdesk
Q00916,Simran Joshi,Physics,,Can I change my selected programme after admission?,Low,2026-07-08,Email
Q01513,Arjun Sharma,Business Administration,HOSTEL,How can I apply for hostel accommodation?,High,2026-06-07,Helpdesk
Q02255,Manav Das,Mechanical,ADMISSIONS,,High,2026-01-17,Portal
Q02752,Bhavya Singh,Electrical Engineering,FEES,What is the last date for paying the semester fee?,Low,2026-04-17,Chat
Q04367,Rahul Khan,Physics,fees,My fee payment was deducted but is not showing in the portal.,LOW,2026-01-23,Chat
Q02130,Tanvi Sharma,Electronics,scholarship,What documents are required for scholarship verification?,low,2026-01-13,Helpdesk
Q01813,Ananya Mehta,Business Administration,Admissions,When will the next admission merit list be published?,Medium,2026-08-06,Email
Q04172,Tanvi Kumar,Computer Science, Fees ,Please help. Is installment payment available for tuition fees?,Medium,2026-07-01,Chat
Q00782,Priya Joshi,Electrical Engineering,Scholarships,How can I apply for a student scholarship?,High,2026-07-25,Portal
Q03832,Kavya Sharma,Electronics,Exam,I am unable to see my examination result.,Medium,2026-06-26,Helpdesk
Q02235,Rohit Singh,Mathematics,Exam,I am unable to see my examination result.,Medium,2026-06-10,Portal
Q01613,Ishaan Singh,Information Technology,Accommodation,How can I apply for hostel accommodation?,Medium,2026-04-03,Helpdesk
Q01350,Nisha Sharma,Computer Science,Examination,I am unable to see my examination result.,Medium,2026-05-04,Chat
Q04145,Pooja Sharma,Information Technology, admissions ,,Low,2026-08-31,Chat
Q04866,Yash Mehta,Mathematics, Hostel ,When will the hostel allotment list be announced?,Medium,2026-02-12,Portal
Q00466,Divya Kumar,Biotechnology, Technical ,The portal is showing an error while submitting my form. Kindly provide guidance.,Medium,2026-01-10,Portal
Q00680,Riya Khan,Civil,Fees,Can I download my fee payment receipt? Kindly provide guidance.,Medium,2026-07-25,Chat
Q01507,Shreya Patel,Electronics, Fees ,What is the last date for paying the semester fee?,Low,2026-07-17,Portal
Q02922,Arjun Das,Biotechnology,admissions,When will the next admission merit list be published?,Medium,2026-06-11,Helpdesk
Q01235,Vikram Mehta,Information Technology,Examination,What is the process for applying for revaluation?,Low,2026-03-12,Helpdesk
Q04413,Ankit Joshi,Information Technology, Technical ,,High,2026-05-05,Portal
Q01765,Nisha Singh,Mechanical,ADMISSIONS,I need help with the admission registration process.,Medium,2026-05-18,Helpdesk
Q04979,Ishaan Patel,Biotechnology,scholarship,How can I apply for a student scholarship?,Low,2026-07-10,Portal
Q00166,Aarav Das,Mechanical, Technical ,i am unable to access my student portal.,high,2026-08-12,Email
Q00273,Riya Patel,Computer Science,technical,the portal is showing an error while submitting my form.,Low,2026-04-07,Chat
Q02181,Aman Singh,Biotechnology,examination,How can I download my hall ticket?,Medium,2026-07-30,Chat
Q01206,Riya Joshi,Electronics,Examination,How can I download my hall ticket?,Medium,2026-03-24,Email
Q00891,Isha Joshi,Information Technology,Examination,My exam centre details are not visible in the portal.,High,2026-02-28,Helpdesk
Q03182,Aarav Kumar,Civil,Examinations,My exam centre details are not visible in the portal.,Medium,2026-05-17,Helpdesk
Q00879,Rahul Das,Electrical Engineering,TECHNICAL,I cannot upload my assignment due to a system error.,Medium,2026-08-25,Portal
Q04813,Bhavya Mehta, Mechanical ,scholarship,My scholarship application status is pending.,High,2026-02-28,Email
Q03987,Rohan Verma,Biotechnology,Scholarships,What documents are required for scholarship verification? Kindly provide guidance.,Medium,2026-05-29,Chat
Q00898,Aman Joshi,Mathematics,technical,The portal is showing an error while submitting my form.,High,2026-06-12,Email
Q03748,Tanvi Patel,Civil,Admissions,What documents are required for admission verification?,Low,2026-02-14,Portal
Q04131,Simran Mehta,Biotechnology, Scholarship ,What documents are required for scholarship verification?,Medium,2026-01-20,Portal
Q04746,Priya Das,Information Technology,Hostel,What is the process for changing my hostel room?,Low,2026-02-06,Chat
Q01163,Sanjay Patel,Computer Science,Examinations,How can I download my hall ticket?,Medium,2026-04-18,Helpdesk
Q00003,Aman Singh,Electronics,Scholarship,What documents are required for scholarship verification?,Medium,2026-05-18,Chat
Q02390,Isha Joshi,Business Administration,admissions,I need help with the admission registration process.,Medium,2026-02-22,Portal
Q04942,Sakshi Patel,Electronics,Admissions,Can I change my selected programme after admission?,Medium,2026-02-22,Portal
Q01338,Payal Singh,Computer Science,TECHNICAL,Please help. I cannot upload my assignment due to a system error.,low,2026-04-03,Chat
Q04870,Bhavya Kumar,Electronics, Hostel ,What is the process for changing my hostel room?,High ,2026-02-26,Chat
Q00382,Ishaan Sharma,Information Technology,hostel,How can I apply for hostel accommodation?,Medium,2026-01-04,Chat
Q03217,Harsh Sharma,Information Technology,ADMISSIONS,How can I check the status of my admission application?,Medium,2026-06-17,Chat
Q04543,Riya Sharma,Civil,Technical,The portal is showing an error while submitting my form.,Low,2026-06-30,Portal
Q01188,Payal Gupta,Business Administration,Tech,I forgot my portal password and cannot log in.,Low,2026-04-13,Portal
Q03923,Sanjay Gupta,Mechanical,Admission,How can I check the status of my admission application?,High,2026-07-30,Portal
Q00228,Pooja Verma,Electrical Engineering,FEES,How can I pay my semester fee online?,low,2026-02-13,Chat
Q03915,Bhavya Das,Mechanical,scholarship,Please help. What documents are required for scholarship verification?,Medium,2026-01-24,Portal
Q02840,Isha Das,Information Technology,admissions,Can I change my selected programme after admission?,High,2026-03-21,Email
Q01731,Simran Verma,Physics,HOSTEL,When will the hostel allotment list be announced?,Low,2026-01-02,Helpdesk
Q00650,Shreya Sharma,Mechanical,Exam,when will the examination timetable be released?,High,2026-03-19,Email
Q04403,Bhavya Joshi,Business Administration,admissions,How can I check the status of my admission application?,LOW,2026-05-03,Chat
Q01996,Rohit Khan,Information Technology,examination,How can I download my hall ticket?,High,2026-06-03,Portal
Q03263,Rahul Das,Civil, Technical ,Please help. The portal is showing an error while submitting my form.,High,2026-06-17,Email
Q00993,Varun Kumar,Computer Science,Tech,I cannot upload my assignment due to a system error.,Low,2026-07-20,Chat
Q05162,Arjun Joshi,Civil, Fees ,can i download my fee payment receipt?,Low,2026-01-04,Helpdesk
Q01621,Sanjay Sharma,Biotechnology,admissions,What documents are required for admission verification?,High,2026-03-18,Chat
Q02933,Sakshi Singh,Physics,Hostel,I have a problem with my hostel room facilities.,Medium,2026-07-13,Chat
Q03143,Kavya Gupta,Computer Science,examination,Please help. My exam centre details are not visible in the portal.,Medium,2026-08-10,Helpdesk
Q03220,Rahul Gupta,Mechanical,Technical,I am unable to access my student portal. Kindly provide guidance.,Medium,2026-08-04,Portal
Q01895,Varun Singh,Business Administration,admissions,When will the next admission merit list be published?,Medium,2026-04-30,Chat
Q00926,Varun Khan,Physics,Tech,I forgot my portal password and cannot log in.,Medium,2026-01-09,Chat
Q01244,Riya Kumar,Information Technology,Scholarship,What documents are required for scholarship verification?,low,2026-08-07,Helpdesk
Q00939,Tanvi Kumar,Information Technology,Admission,How can I check the status of my admission application?,Low,2026-08-07,Portal
Q04570,Riya Kumar,Information Technology, Fees ,my fee payment was deducted but is not showing in the portal.,High,2026-03-15,Email
Q03839,Sneha Verma,Electrical Engineering,EXAMINATION,When will the examination timetable be released?,Low,2026-04-03,Portal
Q01903,Vikram Verma,Information Technology, Hostel ,Please help. How can I contact the hostel administration?,Medium,2026-08-18,Helpdesk
Q02461,Simran Singh,Civil,Fees,How can I pay my semester fee online?,High,2026-05-09,Portal
Q03541,Divya Verma,electronics,Admissions,How can I check the status of my admission application?,High,2026-03-28,Email
Q04178,Yash Gupta,Physics,admissions,Can I change my selected programme after admission?,High,2026-04-26,Portal
Q04783,Ishaan Kumar,Information Technology,fees,How can I pay my semester fee online?,High,2026-07-31,Email
Q02814,Harsh Sharma,Computer Science, Scholarship ,What documents are required for scholarship verification?,High,2026-07-17,Chat
Q03438,Varun Singh,Biotechnology,Fees,Can I download my fee payment receipt?,Medium,2026-03-10,Chat
Q02329,Rohit Kumar,Computer Science,ADMISSIONS,Can I change my selected programme after admission?,Low,2026-03-22,Chat
Q02881,Payal Patel,Mathematics,admissions,How can I check the status of my admission application?,Medium,2026-04-28,Email
Q01047,Rohit Gupta,Mechanical, Examination ,What is the process for applying for revaluation?,Medium,2026-05-21,Helpdesk
Q00654,Aditya Khan,Mathematics,Fee,What is the last date for paying the semester fee? Kindly provide guidance.,Medium,2026-02-17,Helpdesk
Q01490,Manav Gupta,Business Administration,Admissions,What documents are required for admission verification?,Low,2026-03-09,Helpdesk
Q03533,Nitin Das,Mathematics,FEES,My fee payment was deducted but is not showing in the portal.,Medium,2026-02-11,Chat
Q00089,Simran Gupta,Electrical Engineering,SCHOLARSHIP,What documents are required for scholarship verification?,Low,2026-04-20,Email
Q02019,Isha Sharma,Electrical Engineering,,I cannot upload my assignment due to a system error.,Medium,2026-07-21,Helpdesk
Q04404,Rohit Sharma,Mathematics,SCHOLARSHIP,My scholarship application status is pending.,Medium,2026-01-25,Helpdesk
Q03471,Vikram Joshi,Biotechnology,FEES,My fee payment was deducted but is not showing in the portal.,Medium,2026-01-22,Helpdesk
Q05012,Tanvi Kumar,Electronics,Fee,Can I download my fee payment receipt?,Low,2026-01-08,Helpdesk
Q01547,Karan Das,Business Administration, admissions ,Please help. What documents are required for admission verification?,High,2026-03-09,Chat
Q01855,Manav Kumar,Biotechnology,fees,Please help. My fee payment was deducted but is not showing in the portal.,High,2026-05-04,Portal
Q03493,Meera Singh,InformationTechnology,Accommodation,How can I apply for hostel accommodation?,Low,2026-02-14,Portal
Q04272,Aditi Gupta,Information Technology,EXAMINATION,,High,2026-04-05,Portal
Q02471,Rohit Khan,Biotechnology, admissions ,What documents are required for admission verification?,Medium,2026-03-17,Chat
Q02247,Ishaan Khan,Information Technology,HOSTEL,How can I apply for hostel accommodation?,Low,2026-01-03,Chat
Q03894,Aditya Sharma,Civil,Tech,My dashboard is not loading properly.,High,2026-07-22,Email
Q04668,Meera Sharma,Civil,FEES,What is the last date for paying the semester fee? Kindly provide guidance.,Low,2026-05-10,Portal
Q04352,Varun Verma,Electronics,HOSTEL,How can I apply for hostel accommodation? Kindly provide guidance.,High,2026-06-30,Helpdesk
Q03096,Arjun Kumar,Mathematics,Technical,I am unable to access my student portal.,Medium,2026-03-15,Helpdesk
Q01441,Meera Khan,Information Technology,Accommodation,How can I apply for hostel accommodation?,Medium,2026-05-02,Email
Q03227,Karan Singh,Civil,ADMISSIONS,how can i check the status of my admission application?,Medium,2026-04-13,Portal
Q00470,Karan Khan,Information Technology,Admissions,Please help. When will the next admission merit list be published?,Low,2026-01-01,Email
Q01285,Aarav Das,Business Administration,SCHOLARSHIP,My scholarship application status is pending. Kindly provide guidance.,Medium,2026-08-03,Portal
Q02077,Priya Gupta,Mathematics,technical,Please help. The portal is showing an error while submitting my form.,Medium,2026-06-27,Helpdesk
Q03848,Bhavya Patel,Business Administration,admissions,How can I check the status of my admission application?,Low,2026-04-26,Chat
Q03398,Karan Das,Physics,Admissions,What documents are required for admission verification?,High,2026-08-17,Portal
Q01883,Manav Gupta,Physics,ADMISSIONS,I need help with the admission registration process.,Low,2026-01-20,Portal
Q01108,Kavya Patel,Business Administration,Fees,Please help. How can I pay my semester fee online?,Medium,2026-03-06,Email
Q03056,Payal Sharma,Physics,Admission,What documents are required for admission verification? Kindly provide guidance.,Low,2026-03-19,Email
Q02474,Karan Khan,civil,scholarship,When will the scholarship results be announced?,High,2026-07-23,Email
Q01977,Payal Khan,Mechanical,EXAMINATION,I am unable to see my examination result.,Medium,2026-01-14,Helpdesk
Q03402,Rohit Verma,Physics,Examination,My exam centre details are not visible in the portal.,Medium,2026-02-11,Email
Q03848,Bhavya Patel,Business Administration,admissions,How can I check the status of my admission application?,Low,2026-04-26,Chat
Q01040,Payal Verma,Information Technology,Scholarships,When will the scholarship results be announced?,Low,2026-07-23,Portal
Q00009,Tanvi Gupta,Physics,examination,My exam centre details are not visible in the portal.,Medium,2026-05-06,Portal
Q04344,Rohan Patel,Mathematics, admissions ,How can I check the status of my admission application? Kindly provide guidance.,High,2026-03-03,Portal
Q03272,Manav Sharma,Electrical Engineering,Fee,What is the last date for paying the semester fee? Kindly provide guidance.,Medium,2026-05-11,Chat
Q01125,Ankit Gupta,Information Technology,Technical,I am unable to access my student portal.,Low,2026-02-14,Email
Q04956,Yash Gupta,Mechanical,Examination,when will the examination timetable be released?,Low,2026-05-04,Portal
Q02089,Isha Gupta,Business Administration,hostel,How can I contact the hostel administration?,Medium,2026-05-11,Chat
Q05084,Karan Joshi,Biotechnology, Examination ,What is the process for applying for revaluation? Kindly provide guidance.,Medium,2026-02-17,Portal
Q02199,Sneha Kumar,Physics,HOSTEL,How can I contact the hostel administration?,Medium,2026-04-07,Portal
Q04749,Shreya Singh,Physics,hostel,what is the process for changing my hostel room?,Low,2026-01-16,Helpdesk
Q01310,Harsh Sharma,Physics,Tech,i forgot my portal password and cannot log in.,Medium,2026-06-21,Chat
Q04987,Rohan Sharma,Biotechnology,Accommodation,How can I apply for hostel accommodation?,Medium,2026-02-18,Helpdesk
Q00066,Harsh Gupta,Business Administration,Hostel,When will the hostel allotment list be announced?,Medium,2026-06-18,Email
Q02163,Neha Khan,Computer Science,Scholarship,What are the eligibility criteria for the scholarship?,Medium,2026-02-13,Chat
Q03388,Neha Mehta,Mechanical,Admission,what documents are required for admission verification?,Medium,2026-03-11,Helpdesk
Q03845,Ishaan Sharma,Computer Science,scholarship,When will the scholarship results be announced?,Medium,2026-01-19,Helpdesk
Q05144,Harsh Patel,Civil,scholarship,What documents are required for scholarship verification?,Medium,2026-08-24,Portal
Q05050,Ankit Khan,Civil,TECHNICAL,The portal is showing an error while submitting my form. Kindly provide guidance.,Low,2026-01-29,Helpdesk
Q03102,Neha Sharma,Electronics,scholarship,how can i apply for a student scholarship?,Medium,2026-01-21,Portal
Q00480,Rahul Kumar,ElectricalEngineering,Accommodation,When will the hostel allotment list be announced?,Medium,2026-06-28,Helpdesk
Q05124,Nisha Kumar,Electrical Engineering,Admission,,Medium,2026-05-14,Email
Q04152,Payal Patel,Biotechnology, Scholarship ,What documents are required for scholarship verification?,High,2026-07-30,Portal
Q03956,Nisha Mehta,Physics,FEES,,High,2026-01-06,Portal
Q01848,Ankit Sharma,Computer Science,ADMISSIONS,What documents are required for admission verification?,Medium,2026-05-04,Email
Q03031,Shreya Verma,Computer Science,Admission,How can I check the status of my admission application?,High,2026-02-14,Helpdesk
Q02226,Isha Verma,Computer Science,FEES,How can I pay my semester fee online?,High,2026-04-16,Portal
Q03451,Rohit Kumar,Mechanical,Fees,what is the last date for paying the semester fee?,Medium,2026-01-01,Helpdesk
Q01716,Simran Gupta,Civil,examination,i am unable to see my examination result.,LOW,2026-07-29,Helpdesk
Q04214,Shreya Kumar,Business Administration,EXAMINATION,I am unable to see my examination result.,Medium,2026-02-21,Email
Q01254,Ananya Verma,Electronics,scholarship,Please help. My scholarship application status is pending.,High,2026-04-15,Email
Q04660,Nitin Joshi,Mechanical,HOSTEL,I have a problem with my hostel room facilities.,High,2026-06-18,Helpdesk
Q04477,Karan Kumar,Information Technology,SCHOLARSHIP,When will the scholarship results be announced?,Medium,2026-06-26,Chat
Q02268,Varun Singh,Computer Science,Tech,My dashboard is not loading properly.,Medium,2026-04-11,Chat
Q01713,Harsh Singh,Biotechnology,fees,My fee payment was deducted but is not showing in the portal.,Low,2026-03-27,Portal
Q00039,Aman Patel,Civil, Examination ,When will the examination timetable be released?,Medium,2026-04-07,Portal
Q03098,Aman Sharma,Information Technology,Hostel,What is the process for changing my hostel room?,High,2026-04-03,Chat
Q02874,Shreya Patel,Physics,Hostel,Please help. How can I contact the hostel administration?,Medium,2026-04-28,Portal
Q03602,Neha Khan,Electronics,admissions,When will the next admission merit list be published?,Low,2026-03-24,Email
Q02710,Aditya Mehta,Mechanical,scholarship,How can I apply for a student scholarship? Kindly provide guidance.,Medium,2026-07-18,Helpdesk
Q04780,Sneha Kumar,Computer Science,technical,i cannot upload my assignment due to a system error.,Medium,2026-06-09,Helpdesk
Q04463,Simran Sharma,Business Administration,examination,When will the examination timetable be released?,Medium,2026-01-13,Helpdesk
Q03816,Kavya Mehta,Biotechnology,FEES,What is the last date for paying the semester fee?,High,2026-01-13,Email
Q04402,Ankit Singh,Biotechnology,technical,My dashboard is not loading properly.,High,2026-07-08,Portal
Q04208,Karan Mehta,Computer Science,examination,Please help. When will the examination timetable be released?,LOW,2026-08-15,Helpdesk
Q04459,Isha Joshi,Business Administration,scholarship,My scholarship application status is pending.,High,2026-06-28,Email
Q02801,Rahul Kumar,Physics,Admissions,Please help. Can I change my selected programme after admission?,low,2026-01-08,Helpdesk
Q04747,Ishaan Gupta,Mechanical, Hostel ,How can I contact the hostel administration?,Medium,2026-04-15,Portal
Q05075,Divya Joshi,Computer Science,Examinations,I am unable to see my examination result.,Medium,2026-04-21,Chat
Q00684,Aditi Gupta,Computer Science, Hostel ,What is the process for changing my hostel room?,Medium,2026-06-01,Chat
Q04093,Shreya Verma,Mathematics, Hostel ,What is the process for changing my hostel room?,Medium,2026-04-07,Email
Q02976,Isha Kumar,Physics,TECHNICAL,Please help. I forgot my portal password and cannot log in.,Medium,2026-02-25,Portal
Q03236,Meera Gupta,BusinessAdministration,EXAMINATION,When will the examination timetable be released?,Medium,2026-06-09,Helpdesk
Q04452,Harsh Sharma,Mechanical,Scholarships,When will the scholarship results be announced?,Medium,2026-08-30,Portal
Q00517,Nitin Gupta,Mechanical, admissions ,What documents are required for admission verification? Kindly provide guidance.,Medium,2026-07-18,Chat
Q02757,Aditya Das,ComputerScience,Hostel,I have a problem with my hostel room facilities.,Low,2026-02-05,Chat
Q02904,Rohan Mehta, Electronics ,Examinations,What is the process for applying for revaluation?,Low,2026-06-04,Helpdesk
Q01353,Bhavya Das,Physics,SCHOLARSHIP,What are the eligibility criteria for the scholarship?,Medium,2026-01-23,Portal
Q00965,Sakshi Khan,Computer Science,FEES,My fee payment was deducted but is not showing in the portal.,Low,2026-01-16,Helpdesk
Q02531,Tanvi Patel,Computer Science, Scholarship ,what are the eligibility criteria for the scholarship?,Low,2026-04-02,Chat
Q01802,Bhavya Sharma,Mechanical, Examination ,,High,2026-04-01,Portal
Q02022,Aarav Joshi,Computer Science, Technical ,I cannot upload my assignment due to a system error.,Medium,2026-01-05,Helpdesk
Q01363,Sneha Das,Electrical Engineering,EXAMINATION,When will the examination timetable be released? Kindly provide guidance.,LOW,2026-06-15,Helpdesk
Q03097,Rohan Singh,Information Technology,Admission,what documents are required for admission verification?,Medium,2026-08-20,Email
Q02301,Varun Kumar,electrical engineering, admissions ,Please help. Can I change my selected programme after admission?,Medium,2026-01-07,Email
Q00308,Vikram Sharma,Electronics, Fees ,Can I download my fee payment receipt? Kindly provide guidance.,medium,2026-03-09,Chat
Q01571,Aditya Patel,Computer Science,Examinations,My exam centre details are not visible in the portal.,Medium,2026-05-02,Email
Q02352,Yash Gupta,Biotechnology, Fees ,,Low,2026-03-05,Chat
Q01994,Riya Patel,Electrical Engineering,Examinations,I am unable to see my examination result.,High,2026-07-11,Portal
Q01051,Harsh Sharma,Electronics,Examinations,My exam centre details are not visible in the portal.,Medium,2026-05-25,Email
Q03075,Kavya Mehta,Biotechnology,examination,How can I download my hall ticket?,Medium,2026-08-24,Chat
Q04963,Harsh Mehta,ElectricalEngineering,,When will the hostel allotment list be announced?,High,2026-06-29,Email
Q02044,Aditi Patel,Biotechnology,Fees,My fee payment was deducted but is not showing in the portal.,high,2026-06-01,Chat
Q00645,Kavya Mehta,Mathematics, Fees ,,Medium,2026-05-05,Helpdesk
Q04867,Neha Patel,Biotechnology,fees,What is the last date for paying the semester fee?,High,2026-08-28,Portal
Q00634,Nitin Verma,Electronics,Technical,I am unable to access my student portal.,Medium,2026-05-18,Chat
Q03374,Rohan Kumar,Electrical Engineering,Admissions,How can I check the status of my admission application?,Medium,2026-07-03,Email
Q03047,Rohit Joshi,Physics,Examinations,How can I download my hall ticket?,Medium,2026-07-17,Email
Q00973,Rohit Patel,Business Administration,Examinations,My exam centre details are not visible in the portal.,Low,2026-05-14,Portal
Q03036,Rahul Das,Mechanical,technical,My dashboard is not loading properly.,Medium,2026-06-04,Portal
Q03373,Yash Singh,Electronics,,Please help. How can I download my hall ticket?,High,2026-02-16,Helpdesk
Q01012,Aditi Sharma,Electrical Engineering,Examinations,What is the process for applying for revaluation?,High,2026-06-05,Portal
Q01048,Aman Khan,Electrical Engineering,FEES,Can I download my fee payment receipt?,High,2026-04-23,Helpdesk
Q03091,Kavya Das,Electronics, Examination ,How can I download my hall ticket?,Medium,2026-05-24,Portal
Q02135,Isha Khan,Electronics,Fee,What is the last date for paying the semester fee?,Medium,2026-06-02,Chat
Q02355,Karan Singh,Physics, Hostel ,What is the process for changing my hostel room?,High,2026-05-21,Chat
Q02809,Aditi Das,Physics,HOSTEL,How can I apply for hostel accommodation?,Medium,2026-02-13,Email
Q01494,Aditi Das,Electrical Engineering,scholarship,How can I apply for a student scholarship?,High,2026-06-30,Helpdesk
Q03128,Simran Khan,Mathematics,Admissions,When will the next admission merit list be published?,Medium,2026-02-02,Helpdesk
Q02040,Bhavya Das,Biotechnology,fees,,High,2026-02-28,Portal
Q00194,Rohan Khan,Computer Science,hostel,How can I contact the hostel administration?,Medium,2026-07-03,Portal
Q01917,Neha Patel,Electrical Engineering,SCHOLARSHIP,My scholarship application status is pending.,High,2026-06-20,Portal
Q03542,Varun Das,Business Administration,FEES,Can I download my fee payment receipt?,High,2026-08-05,Email
Q00676,Meera Joshi,Mathematics,Scholarships,What are the eligibility criteria for the scholarship? Kindly provide guidance.,Low,2026-07-21,Portal
Q01480,Priya Gupta,Electrical Engineering,technical,The portal is showing an error while submitting my form.,Medium,2026-05-02,Portal
Q01328,Nitin Gupta,Computer Science,Hostel,When will the hostel allotment list be announced? Kindly provide guidance.,Medium,2026-03-08,Email
Q02507,Nisha Gupta,Information Technology,Examinations,When will the examination timetable be released?,Medium,2026-02-09,Chat
Q01893,Sneha Patel,Physics, Fees ,,Medium,2026-04-25,Chat
Q00797,Varun Mehta,Electrical Engineering,ADMISSIONS,Please help. When will the next admission merit list be published?,Medium,2026-05-11,Portal
Q03128,Simran Khan,Mathematics,Admissions,When will the next admission merit list be published?,Medium,2026-02-02,Helpdesk
Q03418,Payal Patel,Business Administration,Fees,Please help. How can I pay my semester fee online?,High,2026-05-12,Helpdesk
Q03827,Rohan Mehta,Biotechnology,scholarship,What documents are required for scholarship verification?,High,2026-01-10,Helpdesk
Q00211,Karan Singh,Physics,EXAMINATION,how can i download my hall ticket?,Medium,2026-06-21,Email
Q02925,Divya Gupta,Mechanical,Hostel,How can I contact the hostel administration?,Medium,2026-02-14,Email
Q03565,Rahul Singh,Information Technology, Hostel ,When will the hostel allotment list be announced?,Medium,2026-04-04,Chat
Q01851,Rohan Das,Civil,Examinations,What is the process for applying for revaluation?,Medium,2026-05-26,Helpdesk
Q03127,Aditya Joshi, Electronics ,Admission,How can I check the status of my admission application?,Medium,2026-07-16,Helpdesk
Q04106,Rahul Kumar,Information Technology,Scholarship,When will the scholarship results be announced?,Low,2026-01-11,Chat
Q03105,Harsh Das,Physics,Tech,I am unable to access my student portal.,Medium,2026-07-02,Chat
Q03404,Pooja Joshi,Electrical Engineering,hostel,How can I contact the hostel administration? Kindly provide guidance.,Medium,2026-07-09,Email
Q00624,Nisha Patel,Civil,Scholarship,What are the eligibility criteria for the scholarship?,Medium,2026-03-10,Email
Q01666,Varun Mehta,Biotechnology,Admissions,Can I change my selected programme after admission?,Medium,2026-03-27,Email
Q04848,Priya Mehta,Civil,Exam,When will the examination timetable be released?,High,2026-06-21,Portal
Q00941,Sanjay Das,Electronics,Exam,My exam centre details are not visible in the portal.,Low,2026-05-03,Portal
Q01126,Sneha Verma,Biotechnology,TECHNICAL,My dashboard is not loading properly. Kindly provide guidance.,High,2026-08-08,Email
Q02573,Tanvi Kumar,Mechanical,Fees,What is the last date for paying the semester fee?,Medium,2026-08-22,Portal
Q03996,Isha Verma,Electronics,,What is the process for changing my hostel room?,Low,2026-07-11,Chat
Q04902,Nisha Patel,Mathematics, admissions ,Please help. I need help with the admission registration process.,Low,2026-05-14,Chat
Q03847,Rahul Patel,Mechanical, Fees ,How can I pay my semester fee online?,Medium,2026-04-03,Helpdesk
Q00872,Rahul Joshi,Civil,Examinations,I am unable to see my examination result.,High,2026-03-13,Helpdesk
Q05127,Rohan Gupta,Mechanical,technical,My dashboard is not loading properly.,Low,2026-03-27,Email
Q00235,Neha Joshi,Electrical Engineering,hostel,Please help. What is the process for changing my hostel room?,Low,2026-05-28,Helpdesk
Q00297,Sakshi Verma,Electronics,Fees,Is installment payment available for tuition fees?,Low,2026-04-21,Portal
Q00447,Sneha Joshi,Computer Science,Tech,I cannot upload my assignment due to a system error.,Medium,2026-05-27,Helpdesk
Q02545,Priya Khan,Biotechnology,Admission,How can I check the status of my admission application?,low,2026-07-01,Helpdesk
Q04417,Vikram Singh,Civil,Admissions,how can i check the status of my admission application?,HIGH,2026-03-05,Email
Q00657,Meera Gupta,Biotechnology,Fees,What is the last date for paying the semester fee? Kindly provide guidance.,Low,2026-02-07,Portal
Q03008,Ananya Patel,Information Technology,Hostel,What is the process for changing my hostel room?,High,2026-01-08,Chat
Q04522,Manav Patel,Mathematics,Scholarships,Please help. When will the scholarship results be announced?,Medium,2026-01-09,Helpdesk
Q05096,Payal Khan,Biotechnology, Scholarship ,What are the eligibility criteria for the scholarship?,Medium,2026-05-29,Email
Q04342,Bhavya Patel,Civil, Fees ,My fee payment was deducted but is not showing in the portal. Kindly provide guidance.,Medium,2026-06-03,Helpdesk
Q04033,Rohan Sharma,Business Administration,Fee,How can I pay my semester fee online?,Medium,2026-03-10,Helpdesk
Q03830,Ishaan Gupta,Mechanical, Scholarship ,When will the scholarship results be announced?,Medium,2026-07-11,Chat
Q01344,Ankit Verma,Civil,scholarship,what documents are required for scholarship verification?,Low,2026-03-01,Helpdesk
Q03930,Rohit Khan,Electrical Engineering,Hostel,How can I apply for hostel accommodation?,High,2026-04-29,Portal
Q01468,Manav Das,Mathematics,Exam,what is the process for applying for revaluation?,Medium,2026-08-21,Email
Q04613,Vikram Verma,Electrical Engineering,Hostel,What is the process for changing my hostel room?,High,2026-05-26,Helpdesk
Q04177,Nitin Sharma,Information Technology,scholarship,When will the scholarship results be announced?,Medium,2026-01-17,Chat
Q03257,Shreya Das,Electronics,Accommodation,What is the process for changing my hostel room?,Medium,2026-05-10,Email
Q03384,Arjun Khan,Computer Science,Exam,What is the process for applying for revaluation?,Medium,2026-07-19,Portal
Q05076,Bhavya Mehta,Mechanical,Examinations,When will the examination timetable be released?,Medium,2026-01-06,Chat
Q02850,Manav Sharma,Business Administration,SCHOLARSHIP,Please help. When will the scholarship results be announced?,Low,2026-01-31,Portal
Q02993,Nitin Gupta,Mechanical,Examination,I am unable to see my examination result.,Medium,2026-02-22,Email
Q00172,Harsh Joshi,Mathematics,technical,,Low,2026-05-27,Helpdesk
Q04094,Varun Gupta,Physics,Fees,My fee payment was deducted but is not showing in the portal. Kindly provide guidance.,Medium,2026-04-05,Chat
Q01213,Pooja Mehta,Mechanical,SCHOLARSHIP,My scholarship application status is pending.,High,2026-06-29,Helpdesk
Q03697,Varun Gupta,ElectricalEngineering,examination,Please help. How can I download my hall ticket?,Low,2026-07-19,Portal
Q02015,Riya Verma,Biotechnology,SCHOLARSHIP,Please help. How can I apply for a student scholarship?,Medium,2026-03-01,Helpdesk
Q04710,Rohan Mehta,Mathematics, Technical ,i cannot upload my assignment due to a system error.,Medium,2026-08-07,Chat
Q05011,Aman Patel,Mechanical,scholarship,When will the scholarship results be announced?,Low,2026-03-06,Chat
Q00094,Pooja Sharma,Civil,Hostel,How can I contact the hostel administration?,Medium,2026-05-23,Portal
Q00523,Sanjay Khan,Business Administration,Exam,My exam centre details are not visible in the portal.,Low,2026-08-10,Chat
Q04433,Harsh Kumar,Civil,Admission,How can I check the status of my admission application?,Medium,2026-04-05,Helpdesk
Q04251,Manav Verma,Physics,Hostel,How can I contact the hostel administration?,Medium,2026-04-30,Chat
Q03648,Bhavya Gupta,Mathematics,Accommodation,When will the hostel allotment list be announced?,High,2026-01-21,Chat
Q01511,Aditya Kumar,Information Technology, Fees ,What is the last date for paying the semester fee?,Medium,2026-06-09,Chat
Q02903,Arjun Gupta,Mathematics, Examination ,When will the examination timetable be released?,High,2026-04-02,Chat
Q01128,Pooja Joshi,Mathematics,FEES,,Medium,2026-03-03,Chat
Q01844,Sanjay Verma,Business Administration, Hostel ,How can I contact the hostel administration?,High,2026-06-18,Portal
Q05045,Ishaan Gupta,Mathematics,SCHOLARSHIP,what documents are required for scholarship verification?,Medium,2026-08-16,Email
Q00451,Nisha Khan,Physics,Fee,Please help. Is installment payment available for tuition fees?,Low,2026-06-15,Portal
Q03202,Sanjay Verma,Civil,SCHOLARSHIP,How can I apply for a student scholarship?,MEDIUM,2026-06-05,Portal
Q03266,Bhavya Sharma,Biotechnology,Examinations,My exam centre details are not visible in the portal.,High,2026-01-20,Helpdesk
Q01721,Sakshi Singh,Information Technology,examination,I am unable to see my examination result.,Medium,2026-01-16,Chat
Q02611,Simran Khan,Civil, Technical ,I forgot my portal password and cannot log in.,Medium,2026-02-25,Portal
Q01413,Sakshi Mehta, Physics ,Scholarship,My scholarship application status is pending.,Medium,2026-04-18,Helpdesk
Q00958,Kavya Das,Civil,Admission,i need help with the admission registration process.,Low,2026-04-06,Helpdesk
Q00884,Yash Kumar,Biotechnology,Fees,how can i pay my semester fee online?,Medium,2026-02-01,Email
Q01225,Aarav Singh,Information Technology,HOSTEL,How can I apply for hostel accommodation? Kindly provide guidance.,Medium,2026-02-03,Helpdesk
Q00409,Sneha Mehta,Business Administration,Admissions,,High,2026-08-23,Helpdesk
Q00652,Isha Mehta,Mechanical,Scholarships,when will the scholarship results be announced?,Medium,2026-08-27,Helpdesk
Q03747,Tanvi Das,Mathematics,TECHNICAL,The portal is showing an error while submitting my form.,High,2026-05-06,Helpdesk
Q00206,Sneha Verma,Physics,Tech,I am unable to access my student portal.,High,2026-08-10,Portal
Q00134,Divya Kumar,Business Administration,Exam,When will the examination timetable be released?,High,2026-07-10,Chat
Q01947,Karan Patel,Civil,Technical,Please help. The portal is showing an error while submitting my form.,Medium,2026-04-17,Chat
Q04353,Manav Mehta,Civil, Hostel ,What is the process for changing my hostel room?,Low,2026-04-19,Email
Q02026,Meera Patel,Computer Science,scholarship,Please help. How can I apply for a student scholarship?,LOW,2026-04-09,Helpdesk
Q01786,Aditi Patel,Civil,Exam,what is the process for applying for revaluation?,Low,2026-04-28,Chat
Q02272,Ankit Kumar,Computer Science,Tech,Please help. I cannot upload my assignment due to a system error.,Low,2026-07-12,Helpdesk
Q01501,Divya Mehta,mechanical,SCHOLARSHIP,How can I apply for a student scholarship?,High,2026-07-23,Portal
Q01541,Arjun Verma,Computer Science,Examination,How can I download my hall ticket?,High,2026-07-17,Email
Q04225,Priya Gupta,Information Technology,Examinations,My exam centre details are not visible in the portal.,Medium,2026-03-08,Email
Q03080,Aarav Joshi,Electrical Engineering,Scholarship,What are the eligibility criteria for the scholarship? Kindly provide guidance.,High,2026-01-18,Helpdesk
Q00121,Rohan Verma,Electrical Engineering,Admission,Can I change my selected programme after admission?,Low,2026-05-30,Email
Q03730,Karan Gupta,Business Administration,SCHOLARSHIP,,High,2026-07-13,Portal
Q03765,Yash Patel,Biotechnology,ADMISSIONS,How can I check the status of my admission application?,Medium,2026-03-03,Chat
Q05065,Harsh Verma,Electronics,technical,I forgot my portal password and cannot log in.,Low,2026-04-15,Email
Q02018,Riya Kumar,Electronics,Admission,how can i check the status of my admission application?,Medium,2026-01-06,Helpdesk
Q03580,Pooja Singh,Mechanical,Examinations,When will the examination timetable be released?,High,2026-01-01,Email
Q04952,Pooja Patel,Biotechnology,Technical,The portal is showing an error while submitting my form.,Medium,2026-03-19,Email
Q03035,Pooja Kumar,Physics,examination,what is the process for applying for revaluation?,Medium,2026-05-27,Email
Q02913,Priya Verma,Mathematics,ADMISSIONS,Can I change my selected programme after admission?,Low,2026-04-10,Helpdesk
Q00533,Manav Das,Mechanical,Fee,Is installment payment available for tuition fees?,High,2026-05-12,Email
Q01885,Yash Patel,Computer Science, Fees ,Is installment payment available for tuition fees?,Medium,2026-07-15,Helpdesk
Q02616,Sneha Verma,Information Technology,fees,Please help. Is installment payment available for tuition fees?,High,2026-07-23,Email
Q04171,Ankit Gupta,Mathematics,FEES,My fee payment was deducted but is not showing in the portal.,Low,2026-06-28,Email
Q01708,Aditi Joshi,Computer Science,technical,i am unable to access my student portal.,Medium,2026-04-22,Portal
Q01658,Shreya Singh,Information Technology,TECHNICAL,I forgot my portal password and cannot log in.,High,2026-07-07,Helpdesk
Q04240,Vikram Das,Business Administration,ADMISSIONS,Can I change my selected programme after admission?,High,2026-01-28,Chat
Q00737,Manav Gupta,Civil, Scholarship ,What are the eligibility criteria for the scholarship?,Medium,2026-08-17,Portal
Q01369,Karan Patel,Physics,HOSTEL,How can I contact the hostel administration?,Low,2026-01-06,Portal
Q01993,Rahul Das,Electrical Engineering,Technical,I forgot my portal password and cannot log in.,Medium,2026-08-20,Portal
Q05037,Manav Gupta,Computer Science,Fee,Can I download my fee payment receipt?,Low,2026-02-21,Portal
Q03071,Harsh Khan,Electronics,Fees,can i download my fee payment receipt?,Medium,2026-06-10,Chat
Q04372,Payal Sharma,Computer Science,Admissions,How can I check the status of my admission application?,Medium,2026-06-19,Chat
Q01357,Sneha Patel,MATHEMATICS,scholarship,When will the scholarship results be announced?,Medium,2026-08-02,Helpdesk
Q02358,Priya Gupta,Mathematics,Fees,Please help. Is installment payment available for tuition fees?,Low,2026-01-28,Email
Q00361,Yash Gupta,Electronics,Admission,Can I change my selected programme after admission?,Low,2026-06-29,Portal
Q00983,Rohit Sharma,Mathematics, admissions ,What documents are required for admission verification?,Medium,2026-04-29,Email
Q04360,Manav Patel,Electrical Engineering,Hostel,When will the hostel allotment list be announced?,High,2026-05-12,Email
Q02919,Vikram Verma,Biotechnology, admissions ,How can I check the status of my admission application?,Medium,2026-02-01,Portal
Q03703,Riya Gupta,Information Technology,fees,How can I pay my semester fee online?,Medium,2026-03-31,Helpdesk
Q04947,Payal Singh,Electrical Engineering,Scholarships,How can I apply for a student scholarship?,Low,2026-03-16,Chat
Q00522,Harsh Singh,Electrical Engineering,Admissions,I need help with the admission registration process.,Medium,2026-08-31,Email
Q00189,Harsh Joshi,Business Administration, Fees ,What is the last date for paying the semester fee?,Medium,2026-01-04,Chat
Q03437,Riya Patel,Electronics, Technical ,the portal is showing an error while submitting my form.,Medium,2026-06-27,Chat
Q04484,Sneha Verma,Business Administration,scholarship,When will the scholarship results be announced?,Low,2026-07-02,Chat
Q02802,Rohan Khan,Electrical Engineering,examination,I am unable to see my examination result. Kindly provide guidance.,High ,2026-01-02,Email
Q02675,Rohan Khan,Mechanical,HOSTEL,What is the process for changing my hostel room?,Low,2026-07-30,Email
Q00613,Varun Verma,Biotechnology, admissions ,How can I check the status of my admission application?,Low,2026-04-16,Email
Q04944,Nitin Verma,Information Technology,HOSTEL,I have a problem with my hostel room facilities.,Medium,2026-03-28,Chat
Q04530,Harsh Sharma,Mathematics,SCHOLARSHIP,When will the scholarship results be announced?,Low,2026-07-19,Helpdesk
Q04892,Arjun Kumar,Electrical Engineering,FEES,my fee payment was deducted but is not showing in the portal.,High,2026-01-29,Helpdesk
Q03784,Varun Singh,Physics,Scholarship,When will the scholarship results be announced?,High,2026-01-25,Email
Q03463,Aman Singh,Biotechnology,Admissions,When will the next admission merit list be published?,Low,2026-05-27,Helpdesk
Q04053,Payal Sharma,Computer Science,Admissions,When will the next admission merit list be published?,Medium,2026-01-05,Helpdesk
Q01261,Divya Mehta,Information Technology,hostel,How can I contact the hostel administration? Kindly provide guidance.,Medium,2026-02-10,Email
Q01046,Rohit Verma,Business Administration, Hostel ,How can I apply for hostel accommodation?,Medium,2026-04-04,Chat
Q02638,Neha Mehta,Electrical Engineering,Scholarships,What documents are required for scholarship verification?,Medium,2026-06-08,Helpdesk
Q04656,Aarav Kumar,Mechanical,Hostel,When will the hostel allotment list be announced?,Low,2026-08-16,Email
Q00683,Ishaan Kumar,Computer Science,examination,What is the process for applying for revaluation?,Low,2026-03-27,Email
Q04133,Varun Patel,Electronics,Hostel,Please help. I have a problem with my hostel room facilities.,Low,2026-07-11,Portal
Q02707,Rahul Singh,Electrical Engineering,examination,Please help. When will the examination timetable be released?,High,2026-07-23,Email
Q03435,Ishaan Sharma,Business Administration,TECHNICAL,I am unable to access my student portal.,Medium,2026-06-29,Chat
Q02575,Simran Sharma,Civil,Admissions,When will the next admission merit list be published?,Medium,2026-03-24,Chat
Q04538,Neha Kumar,Biotechnology,hostel,How can I apply for hostel accommodation?,Medium,2026-06-16,Chat
Q02871,Manav Khan,Mechanical,fees,How can I pay my semester fee online?,Medium,2026-03-20,Chat
Q04181,Aditya Kumar,Physics,Scholarships,What documents are required for scholarship verification?,Medium,2026-05-26,Email
Q01183,Neha Sharma,Biotechnology,TECHNICAL,My dashboard is not loading properly.,Medium,2026-02-12,Email
Q05159,Ankit Khan,Electrical Engineering,ADMISSIONS,I need help with the admission registration process. Kindly provide guidance.,Low,2026-01-18,Chat
Q00814,Isha Mehta,Civil, Fees ,My fee payment was deducted but is not showing in the portal.,high,2026-08-09,Portal
Q04256,Aarav Joshi,Mathematics,Admissions,What documents are required for admission verification?,MEDIUM,2026-03-19,Portal
Q02060,Meera Patel,Electrical Engineering,Scholarships,What are the eligibility criteria for the scholarship?,Medium,2026-08-27,Portal
Q04975,Harsh Kumar,Mathematics,technical,i forgot my portal password and cannot log in.,Medium,2026-07-24,Email
Q04738,Isha Verma,Computer Science,ADMISSIONS,I need help with the admission registration process.,Medium,2026-04-18,Email
Q01208,Rahul Das,Electronics,EXAMINATION,Please help. How can I download my hall ticket?,Medium,2026-03-01,Helpdesk
Q01927,Riya Verma,Business Administration,examination,When will the examination timetable be released?,Medium,2026-07-16,Helpdesk
Q02349,Pooja Verma,Biotechnology, Scholarship ,How can I apply for a student scholarship?,High,2026-06-12,Chat
Q02964,Ankit Kumar,Physics,scholarship,What are the eligibility criteria for the scholarship?,Low,2026-05-06,Email
Q04828,Arjun Patel,Mechanical,Scholarship,What documents are required for scholarship verification?,Low,2026-05-08,Chat
Q04694,Shreya Joshi,Mathematics,Tech,I forgot my portal password and cannot log in.,Low,2026-06-07,Email
Q02534,Priya Patel,Mathematics,SCHOLARSHIP,When will the scholarship results be announced?,Medium,2026-04-10,Portal
Q03776,Simran Singh,Computer Science,Admissions,i need help with the admission registration process.,Low,2026-03-26,Portal
Q04249,Neha Joshi,Electronics,Exam,When will the examination timetable be released?,Medium,2026-06-30,Email
Q01070,Ananya Kumar,Information Technology,Admissions,How can I check the status of my admission application?,Low,2026-08-06,Chat
Q02615,Kavya Khan,Biotechnology,scholarship,My scholarship application status is pending.,Medium,2026-02-20,Portal
Q02959,Tanvi Patel,Biotechnology,Accommodation,I have a problem with my hostel room facilities.,Medium,2026-01-07,Email
Q04070,Sakshi Patel,Mechanical, Examination ,,Low,2026-04-23,Portal
Q03073,Nitin Patel,Physics,Accommodation,What is the process for changing my hostel room?,Medium,2026-06-27,Helpdesk
Q02955,Ishaan Das,Physics,examination,I am unable to see my examination result.,Medium,2026-07-01,Helpdesk
Q01865,Nisha Gupta,Biotechnology,scholarship,What are the eligibility criteria for the scholarship? Kindly provide guidance.,Medium,2026-05-07,Helpdesk
Q02863,Ishaan Gupta,Mathematics,Examination,What is the process for applying for revaluation? Kindly provide guidance.,Medium,2026-04-15,Helpdesk
Q02045,Priya Khan,Computer Science,FEES,How can I pay my semester fee online?,Medium,2026-05-01,Helpdesk
Q01211,Varun Gupta,Information Technology, Scholarship ,My scholarship application status is pending.,Medium,2026-05-06,Chat
Q00849,Sanjay Joshi,Electrical Engineering,scholarship,,MEDIUM,2026-04-30,Email
Q00544,Rahul Singh,Biotechnology,Fee,Is installment payment available for tuition fees?,Low,2026-06-10,Email
Q01820,Pooja Sharma,Information Technology,admissions,I need help with the admission registration process. Kindly provide guidance.,High,2026-01-14,Portal
Q00830,Aditya Das,Business Administration,Scholarship,,Medium,2026-06-17,Email
Q04437,Yash Gupta,Biotechnology,hostel,How can I contact the hostel administration?,LOW,2026-08-28,Helpdesk
Q04255,Payal Sharma,Biotechnology,Hostel,When will the hostel allotment list be announced?,Low,2026-05-25,Chat
Q02266,Sanjay Patel,Computer Science,scholarship,What are the eligibility criteria for the scholarship? Kindly provide guidance.,Medium,2026-02-27,Portal
Q02529,Arjun Joshi,Biotechnology,HOSTEL,How can I contact the hostel administration?,Medium,2026-08-14,Chat
Q03232,Aman Joshi,Physics,Exam,What is the process for applying for revaluation?,High,2026-03-05,Email
Q00518,Sneha Das,Mathematics,TECHNICAL,I am unable to access my student portal.,Low,2026-08-12,Email
Q03741,Pooja Verma,Mathematics,Technical,i forgot my portal password and cannot log in.,High,2026-02-26,Chat
Q05129,Aman Gupta,Mechanical, Hostel ,I have a problem with my hostel room facilities.,Medium,2026-04-25,Email
Q04488,Kavya Gupta,Mechanical, Examination ,What is the process for applying for revaluation?,Low,2026-04-27,Email
Q03514,Divya Singh,Business Administration,Examinations,I am unable to see my examination result. Kindly provide guidance.,Medium,2026-08-07,Helpdesk
Q00046,Priya Mehta,Physics, Fees ,What is the last date for paying the semester fee? Kindly provide guidance.,Low,2026-02-25,Email
Q03986,Meera Khan,Mechanical,admissions,How can I check the status of my admission application?,High,2026-01-01,Chat
Q02072,Karan Verma,Civil,Hostel,I have a problem with my hostel room facilities.,Low,2026-04-27,Helpdesk
Q04223,Manav Singh,Electrical Engineering, Fees ,Can I download my fee payment receipt?,Low,2026-03-06,Portal
Q03740,Aditi Singh,Computer Science,Hostel,When will the hostel allotment list be announced?,Low,2026-06-19,Email
Q00051,Divya Singh,Mechanical,admissions,What documents are required for admission verification?,Medium,2026-07-12,Portal
Q02404,Rohit Das,Information Technology,Examination,Please help. When will the examination timetable be released?,Low,2026-06-28,Email
Q03407,Tanvi Mehta,Mathematics,Technical,I am unable to access my student portal.,Low,2026-04-29,Chat
Q04312,Neha Sharma,Biotechnology,ADMISSIONS,when will the next admission merit list be published?,High,2026-07-14,Helpdesk
Q03729,Varun Verma,Mechanical,Fees,Is installment payment available for tuition fees? Kindly provide guidance.,High,2026-08-17,Portal
Q04822,Simran Das,Electronics,HOSTEL,How can I apply for hostel accommodation? Kindly provide guidance.,Low,2026-02-09,Email
Q04281,Ananya Patel,Business Administration, Technical ,I forgot my portal password and cannot log in.,Medium,2026-08-24,Chat
Q03203,Ananya Das,Mathematics,scholarship,How can I apply for a student scholarship?,Medium,2026-07-31,Helpdesk
Q03587,Ishaan Singh,Business Administration,Examination,My exam centre details are not visible in the portal.,MEDIUM,2026-03-11,Helpdesk
Q03465,Bhavya Joshi,Biotechnology,Hostel,What is the process for changing my hostel room?,High,2026-06-08,Email
Q02209,Ananya Gupta,Information Technology,Accommodation,I have a problem with my hostel room facilities.,Low,2026-07-01,Helpdesk
Q00043,Karan Gupta,Information Technology,scholarship,What documents are required for scholarship verification?,Medium,2026-03-05,Chat
Q01709,Ishaan Joshi,Business Administration,examination,when will the examination timetable be released?,Medium,2026-01-28,Email
Q03688,Nitin Joshi,Business Administration, Examination ,When will the examination timetable be released?,Medium,2026-01-17,Email
Q03334,Vikram Khan,Business Administration, Fees ,Can I download my fee payment receipt? Kindly provide guidance.,Low,2026-05-23,Chat
Q01605,Priya Patel,Information Technology, Examination ,Please help. My exam centre details are not visible in the portal.,Medium,2026-02-24,Portal
Q04307,Sakshi Das,Electrical Engineering, Technical ,my dashboard is not loading properly.,Medium,2026-04-06,Helpdesk
Q00770,Arjun Kumar,Mechanical, admissions ,How can I check the status of my admission application?,Medium,2026-04-26,Helpdesk
Q03868,Manav Khan,Civil,Admissions,What documents are required for admission verification?,Medium,2026-07-16,Helpdesk
Q04798,Ankit Khan,Electronics,examination,When will the examination timetable be released?,High,2026-05-22,Portal
Q01765,Nisha Singh,Mechanical,ADMISSIONS,I need help with the admission registration process.,Medium,2026-05-18,Helpdesk
Q02668,Sakshi Das,Mechanical,Examination,When will the examination timetable be released?,Medium,2026-07-07,Email
Q00008,Ananya Verma,Mathematics,Hostel,What is the process for changing my hostel room?,High,2026-07-25,Portal
Q02488,Simran Khan,Computer Science,Fees,Please help. Can I download my fee payment receipt?,Low,2026-06-29,Email
Q04478,Meera Joshi,Electrical Engineering, Hostel ,I have a problem with my hostel room facilities. Kindly provide guidance.,Medium,2026-05-14,Chat
Q01364,Aditya Joshi,Mathematics,Fee,Can I download my fee payment receipt?,Medium,2026-04-16,Email
Q01675,Ishaan Das,Information Technology,Scholarships,,Medium,2026-05-25,Email
Q00682,Riya Verma,Biotechnology,Tech,the portal is showing an error while submitting my form.,Medium,2026-03-23,Chat
Q02996,Ananya Kumar,Physics,HOSTEL,Please help. What is the process for changing my hostel room?,High,2026-05-20,Email
Q01418,Ankit Mehta,Business Administration,SCHOLARSHIP,How can I apply for a student scholarship?,Medium,2026-04-09,Chat
Q00411,Nitin Verma,Biotechnology,technical,I forgot my portal password and cannot log in.,Medium,2026-01-05,Helpdesk
Q02104,Isha Das,Mathematics, Technical ,My dashboard is not loading properly.,Low,2026-07-09,Helpdesk
Q01967,Priya Verma,Mechanical,Exam,My exam centre details are not visible in the portal. Kindly provide guidance.,Medium,2026-01-03,Helpdesk
Q02562,Aditi Verma,Information Technology,HOSTEL,How can I apply for hostel accommodation?,Medium,2026-06-29,Chat
Q03214,Sanjay Kumar,Information Technology,technical,I cannot upload my assignment due to a system error.,High,2026-01-19,Portal
Q02974,Bhavya Sharma,Mechanical,examination,How can I download my hall ticket?,Medium,2026-01-03,Email
Q00047,Simran Singh,Information Technology,Scholarships,My scholarship application status is pending.,High,2026-03-23,Portal
Q02155,Manav Das,Mechanical,examination,I am unable to see my examination result.,High,2026-02-05,Chat
Q03700,Isha Kumar,Biotechnology,Examinations,What is the process for applying for revaluation? Kindly provide guidance.,High,2026-05-19,Portal
Q04055,Simran Gupta,Civil,examination,How can I download my hall ticket?,High,2026-03-23,Email
Q00228,Pooja Verma,Electrical Engineering,FEES,How can I pay my semester fee online?,low,2026-02-13,Chat
Q04303,Arjun Das,Electrical Engineering,hostel,When will the hostel allotment list be announced?,Low,2026-03-13,Portal
Q03160,Neha Singh,Mechanical, Scholarship ,How can I apply for a student scholarship?,Medium,2026-05-27,Portal
Q00133,Pooja Patel,Mathematics,admissions,How can I check the status of my admission application?,High,2026-03-23,Chat
Q02651,Priya Mehta,Biotechnology,EXAMINATION,My exam centre details are not visible in the portal.,Medium,2026-05-12,Helpdesk
Q00238,Sneha Khan,Electronics,Scholarships,What are the eligibility criteria for the scholarship?,Low,2026-02-04,Portal
Q01624,Aditi Khan,Business Administration,TECHNICAL,I am unable to access my student portal.,Medium,2026-03-14,Helpdesk
Q03954,Riya Patel,Biotechnology, Hostel ,When will the hostel allotment list be announced? Kindly provide guidance.,low,2026-01-26,Email
Q00416,Sneha Singh,Physics, admissions ,Please help. When will the next admission merit list be published?,Medium,2026-06-16,Chat
Q02721,Ananya Singh,Civil,Examination,I am unable to see my examination result.,Medium,2026-01-27,Chat
Q02384,Shreya Das,Business Administration,EXAMINATION,What is the process for applying for revaluation?,Medium,2026-07-28,Portal
Q05068,Aditi Joshi,Physics, Fees ,My fee payment was deducted but is not showing in the portal.,High,2026-04-27,Chat
Q01843,Harsh Das,Mechanical,Hostel,I have a problem with my hostel room facilities.,Medium,2026-03-27,Helpdesk
Q03545,Ishaan Patel,Computer Science,technical,I am unable to access my student portal.,Low,2026-06-15,Helpdesk
Q03118,Pooja Mehta, Civil ,SCHOLARSHIP,When will the scholarship results be announced?,High,2026-08-18,Helpdesk
Q01166,Priya Joshi,Information Technology, Scholarship ,When will the scholarship results be announced?,Medium,2026-06-04,Chat
Q02469,Nitin Singh,Electronics,technical,I forgot my portal password and cannot log in.,High,2026-03-07,Email
Q01402,Rohan Kumar,Physics,admissions,How can I check the status of my admission application?,High,2026-04-23,Helpdesk
Q03205,Ankit Verma,Business Administration,Admission,how can i check the status of my admission application?,Low,2026-07-30,Helpdesk
Q00761,Aarav Das,Civil, Fees ,How can I pay my semester fee online? Kindly provide guidance.,Medium,2026-01-13,Helpdesk
Q03544,Rohan Khan,Business Administration,Scholarships,What are the eligibility criteria for the scholarship?,High,2026-01-01,Portal
Q02124,Ankit Patel,Civil, Scholarship ,Please help. My scholarship application status is pending.,High,2026-06-16,Portal
Q03608,Aditi Verma,Information Technology,ADMISSIONS,Please help. I need help with the admission registration process.,Medium,2026-06-02,Portal
Q02949,Aditya Verma,Information Technology,scholarship,When will the scholarship results be announced?,High,2026-08-19,Portal
Q02947,Pooja Kumar,Electronics,Scholarship,My scholarship application status is pending.,LOW,2026-07-29,Chat
Q04084,Simran Singh,Electronics,admissions,When will the next admission merit list be published?,Low,2026-06-14,Portal
Q01939,Simran Mehta,Computer Science,Admissions,Can I change my selected programme after admission?,Medium,2026-05-30,Helpdesk
Q04549,Neha Joshi,Electrical Engineering,fees,Can I download my fee payment receipt?,High,2026-05-18,Email
Q03014,Sakshi Das,Computer Science, Fees ,Is installment payment available for tuition fees?,Medium,2026-04-20,Chat
Q00824,Meera Khan,Business Administration,scholarship,What are the eligibility criteria for the scholarship?,Medium,2026-06-01,Portal
Q03069,Vikram Khan,Biotechnology,technical,I forgot my portal password and cannot log in.,LOW,2026-08-29,Portal
Q04486,Arjun Singh,Physics,Technical,I am unable to access my student portal.,Medium,2026-05-04,Portal
Q04443,Aditya Joshi,Electronics,hostel,How can I contact the hostel administration?,Medium,2026-03-26,Email
Q02813,Aarav Sharma,Mechanical,Scholarship,Please help. What documents are required for scholarship verification?,High,2026-01-01,Email
Q02249,Sanjay Gupta,Biotechnology, Technical ,The portal is showing an error while submitting my form.,High,2026-01-29,Chat
Q03931,Kavya Gupta,Information Technology,HOSTEL,How can I apply for hostel accommodation?,Low,2026-02-23,Chat
Q01446,Rohan Kumar,Electrical Engineering,admissions,Please help. Can I change my selected programme after admission?,Low,2026-03-30,Portal
Q03353,Harsh Khan,Electronics,hostel,How can I apply for hostel accommodation?,Medium,2026-06-23,Helpdesk
Q04702,Aditi Mehta,Electronics,technical,My dashboard is not loading properly.,LOW,2026-08-11,Chat
Q01173,Karan Joshi,Information Technology,technical,i forgot my portal password and cannot log in.,Medium,2026-07-07,Email
Q03518,Manav Sharma,Computer Science, Scholarship ,When will the scholarship results be announced?,Medium,2026-07-04,Helpdesk
Q03711,Rahul Joshi,Civil,fees,Please help. What is the last date for paying the semester fee?,High,2026-05-08,Email
Q01405,Sakshi Joshi,Business Administration, Scholarship ,My scholarship application status is pending.,Medium,2026-04-10,Email
Q03596,Manav Khan,Business Administration,Accommodation,What is the process for changing my hostel room?,High,2026-01-04,Portal
Q03692,Ankit Mehta,Civil,HOSTEL,What is the process for changing my hostel room?,Low,2026-05-20,Portal
Q01498,Sakshi Gupta,Mechanical, Fees ,Can I download my fee payment receipt?,Medium,2026-01-22,Helpdesk
Q04147,Divya Verma,Mathematics,Examination,How can I download my hall ticket?,Low,2026-01-29,Chat
Q04696,Ananya Das,Mechanical,Scholarship,When will the scholarship results be announced?,Medium,2026-07-04,Helpdesk
Q00995,Aditya Sharma,Physics,Admissions,What documents are required for admission verification?,Low,2026-01-20,Chat
Q03162,Rohan Kumar,Mechanical,TECHNICAL,The portal is showing an error while submitting my form.,Low,2026-04-11,Chat
Q00020,Tanvi Patel,Mathematics,Examination,How can I download my hall ticket?,Medium,2026-01-05,Helpdesk
Q01679,Payal Singh,Civil,Accommodation,Please help. How can I contact the hostel administration?,Low,2026-07-18,Email
Q04872,Rahul Das,Information Technology,FEES,Is installment payment available for tuition fees? Kindly provide guidance.,Low,2026-05-30,Helpdesk
Q02458,Ananya Sharma,Business Administration,Hostel,What is the process for changing my hostel room?,Low,2026-01-27,Helpdesk
Q00423,Aditi Gupta,Business Administration,scholarship,What are the eligibility criteria for the scholarship?,Low,2026-08-21,Chat
Q01550,Priya Mehta,Biotechnology,Examination,my exam centre details are not visible in the portal.,Medium,2026-03-15,Email
Q00259,Karan Gupta,Biotechnology,Accommodation,,medium,2026-06-29,Helpdesk
Q04604,Divya Verma,Computer Science,Fee,Is installment payment available for tuition fees?,Medium,2026-03-26,Helpdesk
Q03389,Pooja Joshi,Mathematics,FEES,is installment payment available for tuition fees?,High,2026-01-27,Chat
Q01492,Aarav Mehta,Biotechnology,fees,Is installment payment available for tuition fees? Kindly provide guidance.,High,2026-06-05,Chat
Q02153,Manav Verma,Electronics,Examinations,When will the examination timetable be released?,Low,2026-02-23,Chat
Q03046,Sakshi Patel,Biotechnology,Scholarships,When will the scholarship results be announced?,Medium,2026-04-13,Helpdesk
Q02161,Sanjay Singh,Biotechnology,Tech,Please help. My dashboard is not loading properly.,Medium,2026-03-29,Portal
Q00883,Aditya Khan,PHYSICS,Scholarships,What documents are required for scholarship verification?,Low,2026-01-25,Email
Q03590,Rahul Singh,Physics, Fees ,What is the last date for paying the semester fee?,Medium,2026-05-12,Email
Q01762,Aarav Mehta,Electrical Engineering,FEES,Can I download my fee payment receipt?,Low,2026-04-06,Email
Q03523,Aditya Khan,BUSINESS ADMINISTRATION, Fees ,my fee payment was deducted but is not showing in the portal.,medium,2026-07-03,Email
Q03038,Varun Verma,Electrical Engineering,admissions,Please help. What documents are required for admission verification?,Medium,2026-07-04,Helpdesk
Q02421,Manav Verma,Mechanical,Scholarships,What documents are required for scholarship verification?,Low,2026-01-18,Portal
Q01032,Ananya Das,Business Administration, Technical ,I forgot my portal password and cannot log in.,Medium,2026-07-03,Email
Q02459,Ishaan Singh,Electronics, Scholarship ,What are the eligibility criteria for the scholarship? Kindly provide guidance.,Medium,2026-07-23,Portal
Q05192,Kavya Sharma,Business Administration,,I need help with the admission registration process.,High,2026-01-14,Portal
Q02542,Sneha Das,Electronics,TECHNICAL,I forgot my portal password and cannot log in.,Medium,2026-07-29,Portal
Q04302,Nisha Khan,Biotechnology, Fees ,Is installment payment available for tuition fees?,High,2026-05-08,Portal
Q03683,Vikram Kumar,Electrical Engineering,Scholarships,,High,2026-06-27,Chat
Q01700,Nitin Das,Business Administration, Hostel ,How can I apply for hostel accommodation?,Medium,2026-01-01,Email
Q02383,Rohit Patel,Electronics, Technical ,I cannot upload my assignment due to a system error.,Medium,2026-02-12,Portal
Q01931,Simran Verma,Computer Science,,How can I download my hall ticket?,Low,2026-03-28,Chat
Q00994,Tanvi Gupta,Electrical Engineering,FEES,How can I pay my semester fee online? Kindly provide guidance.,Medium,2026-05-12,Chat
Q03390,Pooja Patel,Biotechnology,fees,,Medium,2026-08-21,Portal
Q02466,Aditi Khan,Electrical Engineering,Exam,I am unable to see my examination result.,High,2026-07-30,Helpdesk
Q01474,Rahul Joshi,Business Administration,hostel,How can I apply for hostel accommodation?,Medium,2026-08-14,Chat
Q04331,Sanjay Joshi,Mechanical, Technical ,I cannot upload my assignment due to a system error.,Medium,2026-03-12,Helpdesk
Q00318,Karan Das,Electrical Engineering, Fees ,What is the last date for paying the semester fee?,High,2026-08-03,Chat
Q03649,Neha Kumar,Electronics, Scholarship ,What documents are required for scholarship verification?,Low,2026-07-15,Helpdesk
Q04948,Rohit Sharma,Information Technology,examination,Please help. I am unable to see my examination result.,Medium,2026-08-14,Helpdesk
Q00619,Ankit Khan, Information Technology , Technical ,The portal is showing an error while submitting my form.,Low,2026-03-21,Portal
Q02485,Harsh Verma,Mechanical,Scholarship,How can I apply for a student scholarship?,Low,2026-03-28,Helpdesk
Q01080,Harsh Gupta,Mechanical,Admission,i need help with the admission registration process.,High,2026-05-21,Chat
Q03039,Payal Mehta,Computer Science,Technical,I forgot my portal password and cannot log in.,Medium,2026-01-14,Chat
Q02574,Aarav Das,Business Administration,Admissions,What documents are required for admission verification?,High,2026-06-09,Portal
Q02595,Payal Mehta,Physics,Exam,How can I download my hall ticket?,High,2026-01-05,Chat
Q03425,Divya Patel,Information Technology,HOSTEL,I have a problem with my hostel room facilities.,High,2026-03-03,Helpdesk
Q01003,Payal Patel,Biotechnology, Fees ,My fee payment was deducted but is not showing in the portal.,Medium,2026-04-26,Helpdesk
Q02697,Manav Sharma,Computer Science,ADMISSIONS,How can I check the status of my admission application?,Medium,2026-08-26,Portal
Q05150,Aditya Khan,Information Technology,fees,Can I download my fee payment receipt?,High,2026-08-19,Helpdesk
Q01681,Aman Das,Business Administration,FEES,Can I download my fee payment receipt?,Medium,2026-06-05,Helpdesk
Q00038,Rohit Verma,Mathematics,Admission,What documents are required for admission verification?,medium,2026-03-17,Helpdesk
Q01519,Kavya Singh,Electronics,hostel,I have a problem with my hostel room facilities.,Medium,2026-08-19,Helpdesk
Q00219,Meera Patel,Electronics,Examinations,What is the process for applying for revaluation?,Medium,2026-01-14,Email
Q04503,Rohit Kumar,Physics, Technical ,I cannot upload my assignment due to a system error.,Medium,2026-03-31,Email
Q02624,Ankit Singh,Mathematics,technical,I cannot upload my assignment due to a system error.,Low,2026-03-11,Chat
Q00364,Aarav Khan,Mechanical,Admission,What documents are required for admission verification?,Low,2026-07-03,Helpdesk
Q01518,Payal Gupta,Business Administration,scholarship,Please help. What are the eligibility criteria for the scholarship?,Medium,2026-05-04,Email
Q01204,Kavya Kumar,Biotechnology,Tech,My dashboard is not loading properly.,High,2026-02-24,Chat
Q00170,Ishaan Khan,Civil,Technical,my dashboard is not loading properly.,Medium,2026-06-10,Helpdesk
Q04681,Neha Singh,Mathematics,fees,How can I pay my semester fee online?,Medium,2026-07-06,Portal
Q04995,Rohit Sharma,Electronics,examination,My exam centre details are not visible in the portal. Kindly provide guidance.,Medium,2026-05-19,Chat
Q00269,Payal Singh,Information Technology,Admission,I need help with the admission registration process.,Medium,2026-07-12,Chat
Q00402,Sanjay Das,Civil,Scholarship,How can I apply for a student scholarship?,Medium,2026-08-31,Email
Q01574,Payal Das,Mathematics,Admission,How can I check the status of my admission application?,Medium,2026-05-22,Email
Q03406,Sanjay Joshi,Physics,,How can I apply for a student scholarship?,Low,2026-04-04,Email
Q01745,Sanjay Khan,Electronics,Exam,What is the process for applying for revaluation?,High,2026-08-27,Helpdesk
Q05042,Sanjay Mehta,Information Technology,Examinations,I am unable to see my examination result.,Medium,2026-02-19,Portal
Q01059,Bhavya Das,Information Technology,HOSTEL,what is the process for changing my hostel room?,Medium,2026-01-07,Helpdesk
Q01667,Tanvi Verma,Information Technology, Hostel ,When will the hostel allotment list be announced?,Low,2026-08-20,Portal
Q02568,Aman Singh,Computer Science,fees,Is installment payment available for tuition fees?,Medium,2026-01-17,Helpdesk
Q01500,Ananya Sharma,Information Technology,Admissions,What documents are required for admission verification? Kindly provide guidance.,Medium,2026-03-10,Portal
Q04423,Ananya Verma,Electrical Engineering, Technical ,My dashboard is not loading properly.,Medium,2026-03-07,Chat
Q02805,Divya Das,Electronics,EXAMINATION,How can I download my hall ticket?,High,2026-06-23,Helpdesk
Q02185,Rohan Das,Electronics,scholarship,What documents are required for scholarship verification?,Medium,2026-08-08,Portal
Q03180,Sneha Khan,Information Technology, Fees ,How can I pay my semester fee online?,Low,2026-08-11,Chat
Q05116,Pooja Sharma,Mathematics,,How can I contact the hostel administration?,Medium,2026-01-15,Email
Q04010,Neha Gupta,Computer Science,Admissions,When will the next admission merit list be published?,High,2026-07-09,Email
Q02368,Rohan Mehta,Business Administration,Examination,I am unable to see my examination result.,Low,2026-03-11,Chat
Q04005,Sanjay Joshi,Mechanical,Examination,What is the process for applying for revaluation?,Medium,2026-03-27,Helpdesk
Q02676,Meera Sharma,Electronics,Accommodation,I have a problem with my hostel room facilities.,MEDIUM,2026-01-15,Email
Q00251,Tanvi Kumar,Electrical Engineering,Admissions,I need help with the admission registration process.,Medium,2026-04-15,Portal
Q02218,Rohit Sharma,Information Technology, admissions ,Can I change my selected programme after admission?,High,2026-03-18,Email
Q02256,Nisha Patel,Physics,,My exam centre details are not visible in the portal. Kindly provide guidance.,Medium,2026-03-04,Helpdesk
Q01134,Harsh Gupta,Business Administration,Technical,,Low,2026-05-19,Chat
Q02599,Tanvi Das,Physics,SCHOLARSHIP,how can i apply for a student scholarship?,Medium,2026-06-12,Helpdesk
Q05199,Shreya Khan,Electrical Engineering, Examination ,What is the process for applying for revaluation?,Low,2026-04-26,Portal
Q04457,Sanjay Verma,Biotechnology,Technical,,High,2026-01-23,Email
Q04206,Aarav Joshi,Biotechnology,examination,My exam centre details are not visible in the portal.,Medium,2026-03-02,Helpdesk
Q00615,Pooja Gupta,Electrical Engineering,Exam,,Medium,2026-06-06,Email
Q00524,Manav Kumar,Mathematics,Examination,I am unable to see my examination result.,Medium,2026-05-21,Chat
Q03597,Neha Mehta,Mechanical,Scholarships,,High,2026-02-17,Chat
Q02367,Ishaan Patel,Mathematics,Examinations,When will the examination timetable be released?,High,2026-01-08,Portal
Q00651,Sanjay Sharma,Electronics, Hostel ,How can I apply for hostel accommodation?,Low,2026-02-06,Chat
Q02610,Nitin Sharma,Mechanical, Technical ,Please help. My dashboard is not loading properly.,Medium,2026-08-20,Chat
Q01772,Payal Verma,Civil, Technical ,my dashboard is not loading properly.,High,2026-01-13,Portal
Q02426,Neha Sharma,Business Administration,Accommodation,I have a problem with my hostel room facilities.,High,2026-05-13,Chat
Q04119,Kavya Kumar,Electrical Engineering,admissions,What documents are required for admission verification?,Low,2026-01-17,Email
Q00577,Shreya Singh,Business Administration,FEES,How can I pay my semester fee online?,Medium,2026-01-13,Portal
Q04493,Ananya Das,Electrical Engineering,Admissions,What documents are required for admission verification?,Medium,2026-08-13,Chat
Q01898,Karan Das,Electronics, Technical ,I forgot my portal password and cannot log in.,Medium,2026-05-06,Email
Q04764,Neha Verma,Electrical Engineering,Examination,When will the examination timetable be released? Kindly provide guidance.,Medium,2026-01-11,Portal
Q02311,Arjun Mehta,Mathematics,scholarship,My scholarship application status is pending.,Medium,2026-03-01,Chat
Q05195,Payal Mehta,Information Technology,HOSTEL,When will the hostel allotment list be announced? Kindly provide guidance.,Medium,2026-07-29,Portal
Q02338,Karan Kumar,Mathematics,EXAMINATION,I am unable to see my examination result.,High,2026-08-30,Email
Q04946,Aditya Patel,Business Administration,ADMISSIONS,Can I change my selected programme after admission?,Medium,2026-01-26,Portal
Q00222,Rahul Mehta,Electronics,Examination,My exam centre details are not visible in the portal.,High,2026-08-07,Email
Q00763,Simran Singh,Information Technology,scholarship,My scholarship application status is pending.,Medium,2026-03-14,Email
Q00890,Vikram Kumar,Computer Science,Examination,My exam centre details are not visible in the portal.,High,2026-03-19,Chat
Q00048,Karan Patel,Computer Science, Fees ,How can I pay my semester fee online?,medium,2026-02-22,Email
Q00956,Simran Joshi,Mechanical,Technical,The portal is showing an error while submitting my form.,Medium,2026-01-22,Portal
Q01263,Payal Singh,Physics,HOSTEL,Please help. What is the process for changing my hostel room?,Low,2026-03-09,Chat
Q03057,Aditi Joshi,Biotechnology,Technical,My dashboard is not loading properly.,Medium,2026-07-02,Portal
Q01464,Aditi Mehta,BIOTECHNOLOGY, Examination ,when will the examination timetable be released?,Medium,2026-05-23,Email
Q04474,Vikram Verma,Biotechnology,Scholarships,My scholarship application status is pending.,Medium,2026-01-30,Portal
Q00405,Tanvi Joshi,Mathematics,Scholarship,What documents are required for scholarship verification?,Low,2026-03-21,Email
Q02875,Harsh Gupta,Electrical Engineering,Scholarships,How can I apply for a student scholarship?,Medium,2026-04-14,Email
Q02500,Kavya Mehta,Electrical Engineering,Technical,I forgot my portal password and cannot log in.,High,2026-07-25,Helpdesk
Q04354,Kavya Patel,Computer Science,Admissions,how can i check the status of my admission application?,High,2026-07-21,Chat
Q03807,Rohan Mehta,Mechanical,,How can I pay my semester fee online?,Medium,2026-01-04,Portal
Q03325,Rahul Mehta,Biotechnology,examination,When will the examination timetable be released?,High,2026-08-06,Chat
Q03391,Manav Khan,Mathematics,HOSTEL,What is the process for changing my hostel room?,High,2026-03-16,Helpdesk
Q04211,Nitin Joshi,Civil,Accommodation,how can i apply for hostel accommodation?,High,2026-04-29,Email
Q00055,Simran Mehta,Mathematics,TECHNICAL,I am unable to access my student portal.,High,2026-01-04,Chat
Q01434,Nisha Kumar,Electrical Engineering,Hostel,What is the process for changing my hostel room?,Medium,2026-01-07,Helpdesk
Q01696,Nisha Patel,CIVIL,TECHNICAL,The portal is showing an error while submitting my form.,High,2026-04-17,Portal
Q03882,Manav Das,Civil,EXAMINATION,I am unable to see my examination result.,MEDIUM,2026-02-28,Portal
Q02300,Aman Das,Biotechnology,admissions,I need help with the admission registration process.,Medium,2026-05-22,Portal
Q03473,Varun Mehta,Information Technology,Accommodation,I have a problem with my hostel room facilities.,Low,2026-05-25,Portal
Q00529,Sanjay Sharma,Civil,Admissions,How can I check the status of my admission application?,Medium,2026-02-26,Email
Q02486,Pooja Kumar,Biotechnology,Fee,My fee payment was deducted but is not showing in the portal.,Medium,2026-08-28,Chat
Q05095,Bhavya Gupta,Physics,fees,Can I download my fee payment receipt?,Low,2026-04-12,Email
Q04130,Rahul Patel,Mathematics,hostel,When will the hostel allotment list be announced? Kindly provide guidance.,Medium,2026-06-14,Helpdesk
Q03522,Divya Kumar,Mathematics,Scholarship,When will the scholarship results be announced?,medium,2026-01-25,Portal
Q03006,Pooja Singh,Electrical Engineering,Examination,When will the examination timetable be released?,High,2026-08-17,Email
Q03977,Payal Mehta,Mechanical,EXAMINATION,What is the process for applying for revaluation?,High,2026-06-26,Email
Q03362,Aditya Das,Biotechnology,Examinations,My exam centre details are not visible in the portal.,low,2026-05-26,Portal
Q04961,Aman Mehta,Civil, Scholarship ,When will the scholarship results be announced? Kindly provide guidance.,High,2026-03-02,Portal
Q02175,Yash Kumar,Biotechnology,Scholarships,Please help. What are the eligibility criteria for the scholarship?,Low,2026-01-23,Email
Q00881,Payal Patel,Business Administration,TECHNICAL,The portal is showing an error while submitting my form.,High ,2026-07-14,Chat
Q04315,Aditya Mehta,Electronics,SCHOLARSHIP,What are the eligibility criteria for the scholarship?,Low,2026-07-04,Helpdesk
Q01601,Bhavya Patel,Mathematics, Examination ,What is the process for applying for revaluation?,Medium,2026-02-20,Chat
Q04394,Aditya Das,Computer Science, Hostel ,How can I apply for hostel accommodation?,High,2026-01-08,Portal
Q02237,Meera Sharma,Electrical Engineering,HOSTEL,How can I apply for hostel accommodation?,Medium,2026-03-04,Email
Q03349,Aarav Verma,Mechanical, Hostel ,,Medium,2026-01-12,Portal
Q01004,Kavya Das,Biotechnology,Examination,i am unable to see my examination result.,Medium,2026-03-05,Email
Q01224,Ananya Joshi,Mathematics, Fees ,How can I pay my semester fee online?,Medium,2026-06-22,Chat
Q01032,Ananya Das,Business Administration, Technical ,I forgot my portal password and cannot log in.,Medium,2026-07-03,Email
Q04784,Meera Joshi,Mechanical,Accommodation,What is the process for changing my hostel room?,Medium,2026-02-04,Chat
Q00489,Isha Kumar,Mechanical,Accommodation,I have a problem with my hostel room facilities. Kindly provide guidance.,Medium,2026-07-27,Email
Q04919,Rahul Sharma,Mathematics,Tech,I am unable to access my student portal.,Low,2026-07-25,Chat
Q03115,Simran Khan,mechanical,Admissions,Can I change my selected programme after admission?,Medium,2026-08-02,Helpdesk
Q02351,Divya Gupta,Electronics,Scholarships,How can I apply for a student scholarship?,High,2026-01-09,Helpdesk
Q01538,Karan Das,Business Administration,Admission,When will the next admission merit list be published?,Low,2026-02-02,Helpdesk
Q04717,Kavya Das,Physics,Scholarship,What documents are required for scholarship verification?,Medium,2026-05-30,Portal
Q04445,Tanvi Verma,Information Technology,Admission,What documents are required for admission verification?,Medium,2026-02-24,Email
Q01791,Sanjay Joshi,Biotechnology,hostel,How can I apply for hostel accommodation? Kindly provide guidance.,Medium,2026-03-24,Email
Q01526,Aarav Gupta,Civil,Technical,I am unable to access my student portal.,High,2026-02-02,Portal
Q04356,Aditya Patel,Electrical Engineering, Hostel ,Please help. I have a problem with my hostel room facilities.,Low,2026-07-13,Portal
Q01960,Divya Gupta,Electrical Engineering, Technical ,I forgot my portal password and cannot log in.,Medium,2026-02-08,Chat
Q01957,Kavya Patel,Biotechnology, Fees ,My fee payment was deducted but is not showing in the portal.,Low,2026-05-18,Chat
Q04625,Rohan Kumar,Electronics,hostel,What is the process for changing my hostel room?,Medium,2026-06-07,Portal
Q00656,Harsh Singh,Civil, Examination ,i am unable to see my examination result.,High,2026-03-03,Portal
Q02786,Aditi Singh,Electrical Engineering,EXAMINATION,How can I download my hall ticket?,Medium,2026-04-03,Email
Q01320,Ananya Sharma,Electronics,Tech,I forgot my portal password and cannot log in.,High,2026-08-10,Portal
Q02275,Tanvi Verma,Computer Science,Exam,Please help. I am unable to see my examination result.,Low,2026-04-20,Portal
Q00056,Nisha Sharma,Business Administration,Examination,My exam centre details are not visible in the portal.,Medium,2026-04-22,Portal
Q04885,Sneha Mehta,Biotechnology,Tech,My dashboard is not loading properly.,Medium,2026-05-13,Helpdesk
Q04087,Arjun Singh,Electronics, Technical ,I am unable to access my student portal. Kindly provide guidance.,Medium,2026-05-13,Email
Q03070,Bhavya Gupta,Mechanical,EXAMINATION,,Medium,2026-08-27,Portal
Q02687,Aditi Joshi,PHYSICS,Examination,I am unable to see my examination result.,HIGH,2026-08-24,Chat
Q02909,Pooja Mehta,Business Administration,scholarship,My scholarship application status is pending.,High,2026-07-28,Portal
Q01348,Priya Verma,Electronics,Fee,Is installment payment available for tuition fees?,Medium,2026-08-24,Portal
Q00490,Sneha Kumar,Civil,Exam,how can i download my hall ticket?,Medium,2026-07-07,Chat
Q01090,Priya Patel,Mathematics,,Is installment payment available for tuition fees?,Medium,2026-07-31,Chat
Q03582,Shreya Sharma,Information Technology,Fee,How can I pay my semester fee online?,High,2026-03-13,Email
Q02084,Tanvi Das,Information Technology,fees,what is the last date for paying the semester fee?,High,2026-03-26,Email
Q00703,Ishaan Patel,Business Administration,Tech,I forgot my portal password and cannot log in.,Low,2026-04-18,Email
Q01064,Sneha Mehta,Mathematics,Technical,I am unable to access my student portal.,Medium,2026-04-05,Chat
Q00503,Nisha Mehta,Computer Science,FEES,What is the last date for paying the semester fee?,High,2026-08-24,Email
Q03625,Arjun Gupta,Electrical Engineering,,The portal is showing an error while submitting my form.,Medium,2026-07-27,Helpdesk
Q01339,Shreya Sharma,Biotechnology, Technical ,Please help. The portal is showing an error while submitting my form.,MEDIUM,2026-05-17,Email
Q01611,Varun Kumar,Biotechnology,admissions,How can I check the status of my admission application?,Medium,2026-03-21,Helpdesk
Q01457,Simran Gupta,Mechanical,Scholarships,How can I apply for a student scholarship?,Medium,2026-03-20,Chat
Q05119,Riya Verma,Electrical Engineering, Examination ,I am unable to see my examination result.,Medium,2026-01-22,Portal
Q01171,Arjun Das,Information Technology,hostel,Please help. When will the hostel allotment list be announced?,Medium,2026-02-01,Chat
Q03938,Sneha Singh,electrical engineering,,How can I pay my semester fee online?,High,2026-04-18,Portal
Q02592,Varun Verma,Computer Science, Fees ,My fee payment was deducted but is not showing in the portal.,MEDIUM,2026-01-26,Chat
Q00606,Sneha Singh,Computer Science,FEES,Please help. My fee payment was deducted but is not showing in the portal.,Medium,2026-04-30,Portal
Q03190,Divya Singh,Computer Science, admissions ,I need help with the admission registration process.,Medium,2026-05-20,Helpdesk
Q04768,Aditya Patel,Physics,Examination,How can I download my hall ticket? Kindly provide guidance.,High,2026-08-17,Portal
Q01564,Karan Das,Mathematics, Hostel ,When will the hostel allotment list be announced?,Medium,2026-04-07,Portal
Q02894,Neha Verma,Electronics,Hostel,Please help. How can I apply for hostel accommodation?,High,2026-03-09,Chat
Q00400,Rahul Sharma,Business Administration,Examinations,How can I download my hall ticket?,High,2026-02-13,Chat
Q00629,Priya Khan,Electrical Engineering,Exam,I am unable to see my examination result.,low,2026-03-09,Email
Q00347,Isha Sharma,Electronics,Scholarships,What are the eligibility criteria for the scholarship?,Medium,2026-03-13,Email
Q04043,Riya Das,Biotechnology,ADMISSIONS,Please help. I need help with the admission registration process.,Medium,2026-03-17,Helpdesk
Q02475,Payal Mehta,Electronics,Hostel,How can I apply for hostel accommodation?,Low,2026-04-29,Helpdesk
Q03541,Divya Verma,electronics,Admissions,How can I check the status of my admission application?,High,2026-03-28,Email
Q01968,Vikram Patel,Mathematics,Scholarships,What are the eligibility criteria for the scholarship?,Medium,2026-04-03,Chat
Q03619,Aman Singh,Mechanical, admissions ,i need help with the admission registration process.,Medium,2026-07-19,Helpdesk
Q05078,Aman Verma,Civil,Examination,Please help. When will the examination timetable be released?,Medium,2026-01-31,Portal
Q01629,Neha Mehta,Computer Science,Hostel,Please help. How can I contact the hostel administration?,Low,2026-05-08,Chat
Q02369,Harsh Mehta,Mathematics,Accommodation,I have a problem with my hostel room facilities.,Low,2026-03-19,Portal
Q04396,Tanvi Sharma,Physics,Hostel,When will the hostel allotment list be announced?,Medium,2026-05-10,Helpdesk
Q04306,Neha Singh, Mechanical , admissions ,What documents are required for admission verification?,High,2026-06-16,Chat
Q04678,Bhavya Verma, Electronics ,Tech,I cannot upload my assignment due to a system error.,Medium,2026-05-13,Helpdesk
Q03269,Priya Das,ComputerScience,TECHNICAL,The portal is showing an error while submitting my form.,Low,2026-07-13,Portal
Q00104,Ishaan Patel,Biotechnology,TECHNICAL,I forgot my portal password and cannot log in.,Medium,2026-06-12,Chat
Q03106,Nisha Joshi,Information Technology,Examinations,Please help. What is the process for applying for revaluation?,Low,2026-01-21,Portal
Q05105,Aditya Patel,Information Technology,Scholarship,Please help. What are the eligibility criteria for the scholarship?,Low,2026-03-02,Helpdesk
Q00060,Vikram Das,Electronics,FEES,My fee payment was deducted but is not showing in the portal.,High,2026-08-31,Email
Q03000,Ananya Mehta,Civil,technical,I am unable to access my student portal.,Medium,2026-02-10,Chat
Q01784,Arjun Verma,Computer Science, Technical ,I cannot upload my assignment due to a system error.,High,2026-04-29,Email
Q02776,Ishaan Das,Mechanical,Technical,I am unable to access my student portal.,Low,2026-07-23,Chat
Q02788,Vikram Joshi,Mathematics,Admissions,How can I check the status of my admission application?,High,2026-02-17,Email
Q01384,Sakshi Gupta,Electronics,hostel,How can I contact the hostel administration?,Medium,2026-05-05,Chat
Q05145,Isha Sharma,Electronics, Technical ,Please help. My dashboard is not loading properly.,Medium,2026-04-05,Email
Q00283,Sanjay Patel,Civil,Scholarship,What documents are required for scholarship verification?,Medium,2026-07-28,Email
Q00454,Yash Verma,Business Administration, Hostel ,How can I apply for hostel accommodation?,Medium,2026-06-28,Portal
Q04505,Rohan Singh,Business Administration,examination,How can I download my hall ticket?,Medium,2026-07-31,Helpdesk
Q01676,Riya Joshi,Business Administration,Scholarship,What are the eligibility criteria for the scholarship?,High,2026-06-01,Email
Q02867,Rohan Mehta,computer science,Scholarship,My scholarship application status is pending. Kindly provide guidance.,Medium,2026-02-01,Email
Q02528,Shreya Das,Information Technology,fees,Please help. How can I pay my semester fee online?,Low,2026-05-07,Chat
Q00177,Meera Joshi,Physics, Hostel ,I have a problem with my hostel room facilities.,Medium,2026-01-26,Chat
Q02090,Ishaan Kumar,Computer Science,SCHOLARSHIP,When will the scholarship results be announced?,High,2026-07-25,Portal
Q00207,Meera Kumar,Mathematics,fees,How can I pay my semester fee online?,Low,2026-02-23,Portal
Q01958,Payal Patel,Electrical Engineering, Scholarship ,What are the eligibility criteria for the scholarship?,High,2026-01-11,Helpdesk
Q03333,Payal Khan,Mechanical,Exam,When will the examination timetable be released?,High,2026-03-19,Portal
Q01308,Riya Patel,Civil,Scholarship,What documents are required for scholarship verification?,Low,2026-03-07,Chat
Q00386,Bhavya Khan,Mechanical,Scholarships,how can i apply for a student scholarship?,Medium,2026-07-06,Email
Q00627,Harsh Gupta,Information Technology,HOSTEL,How can I contact the hostel administration?,High,2026-07-13,Portal
Q03424,Isha Gupta,Civil,scholarship,My scholarship application status is pending.,Medium,2026-05-26,Chat
Q01842,Neha Khan,Business Administration,Admissions,,High,2026-04-04,Chat
Q05026,Rohit Das,Physics, Hostel ,What is the process for changing my hostel room?,Low,2026-03-28,Email
Q01061,Arjun Mehta,Biotechnology,admissions,How can I check the status of my admission application?,Medium,2026-06-07,Chat
Q03685,Divya Patel,Civil,examination,When will the examination timetable be released?,Medium,2026-01-07,Helpdesk
Q00049,Shreya Sharma,Mechanical, Hostel ,How can I apply for hostel accommodation?,Low,2026-06-13,Portal
Q03429,Tanvi Patel,Electronics,Hostel,What is the process for changing my hostel room?,Low,2026-05-03,Portal
Q00015,Harsh Khan,Computer Science,Tech,Please help. My dashboard is not loading properly.,Medium,2026-05-05,Chat
Q04409,Ankit Sharma,Electronics,technical,I am unable to access my student portal.,Medium,2026-04-21,Email
Q02728,Yash Mehta,Electrical Engineering,Technical,,Medium,2026-07-31,Portal
Q00117,Riya Das,Biotechnology, Examination ,My exam centre details are not visible in the portal.,Low,2026-08-22,Email
Q04415,Vikram Das,Business Administration,examination,I am unable to see my examination result.,Medium,2026-02-19,Chat
Q04201,Neha Verma,Biotechnology,examination,When will the examination timetable be released?,Medium,2026-02-22,Chat
Q03512,Simran Verma, Computer Science ,Examinations,What is the process for applying for revaluation?,Medium,2026-01-15,Helpdesk
Q05169,Kavya Das,Physics,TECHNICAL,I am unable to access my student portal.,High,2026-04-11,Email
Q03161,Payal Singh,Information Technology,Technical,the portal is showing an error while submitting my form.,Medium,2026-02-01,Email
Q04289,Riya Gupta,Electronics, admissions ,How can I check the status of my admission application?,Medium,2026-02-15,Email
Q00193,Vikram Sharma,Mathematics, admissions ,I need help with the admission registration process.,Medium,2026-08-12,Portal
Q01561,Divya Joshi,Mathematics,Examination,When will the examination timetable be released?,Medium,2026-03-31,Email
Q00077,Harsh Kumar,Physics,Scholarships,,High,2026-03-28,Email
Q00562,Rahul Khan,Electronics,Admission,I need help with the admission registration process.,Medium,2026-03-01,Helpdesk
Q05104,Divya Verma,Information Technology,TECHNICAL,I cannot upload my assignment due to a system error.,Medium,2026-05-12,Portal
Q03937,Sanjay Das,Electrical Engineering,examination,How can I download my hall ticket? Kindly provide guidance.,Medium,2026-03-13,Helpdesk
Q00925,Sanjay Patel,Physics, admissions ,When will the next admission merit list be published?,Medium,2026-04-25,Email
Q05188,Meera Khan,Physics,Scholarships,What documents are required for scholarship verification?,Medium,2026-05-29,Email
Q02981,Simran Kumar,Biotechnology,SCHOLARSHIP,What documents are required for scholarship verification?,Medium,2026-01-06,Chat
Q03975,Nitin Kumar,Mechanical,hostel,what is the process for changing my hostel room?,Medium,2026-01-11,Portal
Q04650,Sneha Mehta,Biotechnology,SCHOLARSHIP,what are the eligibility criteria for the scholarship?,Medium,2026-07-24,Chat
Q02799,Meera Mehta,Information Technology,TECHNICAL,My dashboard is not loading properly.,High,2026-02-27,Chat
Q03957,Shreya Khan,Business Administration, admissions ,when will the next admission merit list be published?,Medium,2026-02-17,Portal
Q05073,Nisha Singh,Computer Science,technical,I am unable to access my student portal.,High,2026-06-19,Email
Q00510,Arjun Khan,Mathematics,Admission,How can I check the status of my admission application?,Low,2026-01-04,Portal
Q04378,Aditi Sharma,Electronics,fees,My fee payment was deducted but is not showing in the portal. Kindly provide guidance.,Medium,2026-05-31,Email
Q00078,Neha Joshi,Biotechnology, Scholarship ,How can I apply for a student scholarship?,Medium,2026-03-28,Portal
Q00616,Ankit Verma,Civil,scholarship,What documents are required for scholarship verification?,High,2026-03-04,Helpdesk
Q05158,Kavya Khan,Business Administration,scholarship,,Medium,2026-02-03,Email
Q04611,Rahul Kumar,Mechanical,admissions,How can I check the status of my admission application?,Medium,2026-06-02,Portal
Q00838,Neha Joshi,Business Administration, Scholarship ,What documents are required for scholarship verification?,High,2026-06-05,Email
Q03818,Riya Joshi,Biotechnology,Scholarships,What documents are required for scholarship verification?,High,2026-03-06,Portal
Q02170,Payal Sharma,Mechanical, Fees ,My fee payment was deducted but is not showing in the portal.,High,2026-03-27,Email
Q00249,Bhavya Mehta,Mechanical,TECHNICAL,I forgot my portal password and cannot log in.,Medium,2026-08-05,Email
Q02820,Bhavya Joshi,Electronics,hostel,I have a problem with my hostel room facilities.,Medium,2026-04-30,Helpdesk
Q02829,Rohan Gupta,Electrical Engineering,admissions,Can I change my selected programme after admission?,Medium,2026-07-11,Chat
Q00880,Payal Singh,Mechanical,Technical,The portal is showing an error while submitting my form.,Medium,2026-08-31,Portal
Q04002,Divya Kumar,Mathematics,Exam,When will the examination timetable be released?,Medium,2026-02-21,Chat
Q01044,Rohan Singh,Biotechnology,ADMISSIONS,I need help with the admission registration process. Kindly provide guidance.,Medium,2026-04-05,Email
Q01442,Ananya Das,Physics, Fees ,My fee payment was deducted but is not showing in the portal.,Medium,2026-07-14,Helpdesk
Q02154,Rohit Kumar,Civil,scholarship,How can I apply for a student scholarship? Kindly provide guidance.,Low,2026-04-21,Portal
Q00552,Ananya Mehta,Biotechnology,Fees,Is installment payment available for tuition fees?,High,2026-05-03,Email
Q01398,Simran Mehta,Mathematics,fees,My fee payment was deducted but is not showing in the portal. Kindly provide guidance.,Low,2026-07-22,Chat
Q04011,Priya Verma,Information Technology,examination,What is the process for applying for revaluation?,Low,2026-08-01,Portal
Q00332,Aman Gupta,Information Technology,Tech,I cannot upload my assignment due to a system error. Kindly provide guidance.,High,2026-02-09,Email
Q01818,Isha Sharma,Computer Science, Scholarship ,What documents are required for scholarship verification?,Medium,2026-02-27,Portal
Q01429,Priya Verma,Electrical Engineering,scholarship,My scholarship application status is pending.,Medium,2026-07-07,Email
Q04249,Neha Joshi,Electronics,Exam,When will the examination timetable be released?,Medium,2026-06-30,Email
Q04273,Sanjay Verma,Mechanical,HOSTEL,How can I contact the hostel administration? Kindly provide guidance.,High,2026-03-14,Helpdesk
Q02032,Aarav Singh,Physics,EXAMINATION,When will the examination timetable be released?,Medium,2026-05-24,Portal
Q01566,Aditi Mehta,Biotechnology,Admissions,How can I check the status of my admission application?,High ,2026-04-30,Chat
Q05049,Simran Singh,Civil,Admissions,How can I check the status of my admission application?,Medium,2026-03-02,Portal
Q03042,Kavya Sharma,Mechanical,admissions,I need help with the admission registration process.,High,2026-05-04,Chat
Q02535,Karan Patel,Mathematics,,How can I contact the hostel administration?,Low,2026-04-28,Portal
Q01689,Nitin Kumar,Physics,Scholarship,How can I apply for a student scholarship? Kindly provide guidance.,High,2026-02-19,Portal
Q01105,Yash Khan,Physics,hostel,When will the hostel allotment list be announced?,High,2026-01-19,Chat
Q03895,Priya Singh,Civil, Fees ,My fee payment was deducted but is not showing in the portal. Kindly provide guidance.,Low,2026-03-26,Chat
Q02694,Sakshi Das,Mechanical, Fees ,How can I pay my semester fee online?,High,2026-08-29,Email
Q02672,Karan Verma,electronics,Hostel,How can I contact the hostel administration?,Medium,2026-03-10,Portal
Q01202,Bhavya Sharma,Computer Science, Hostel ,I have a problem with my hostel room facilities.,High,2026-07-14,Chat
Q04641,Priya Patel,Business Administration,Admissions,How can I check the status of my admission application?,Medium,2026-07-28,Email
Q01665,Ishaan Khan,Mechanical,admissions,I need help with the admission registration process.,Low,2026-07-14,Chat
Q00859,Simran Mehta,Business Administration,ADMISSIONS,How can I check the status of my admission application?,High ,2026-06-16,Email
Q03864,Ananya Khan,Mechanical,scholarship,How can I apply for a student scholarship?,High,2026-05-02,Helpdesk
Q02157,Priya Mehta,Information Technology,admissions,Please help. How can I check the status of my admission application?,Medium,2026-08-23,Portal
Q04500,Vikram Verma,Computer Science,Exam,When will the examination timetable be released?,Medium,2026-07-24,Helpdesk
Q02417,Aditya Verma,Mechanical,Tech,The portal is showing an error while submitting my form.,Medium,2026-01-02,Portal
Q02029,Sneha Verma,Business Administration,Examinations,My exam centre details are not visible in the portal.,Medium,2026-07-13,Portal
Q02601,Yash Joshi,Computer Science,ADMISSIONS,How can I check the status of my admission application? Kindly provide guidance.,Low,2026-05-20,Email
Q05142,Pooja Das,Mathematics,TECHNICAL,i am unable to access my student portal.,Medium,2026-05-27,Email
Q02363,Varun Gupta,Computer Science,Admission,I need help with the admission registration process.,High,2026-03-08,Portal
Q03982,Aarav Joshi,Information Technology,Fee,My fee payment was deducted but is not showing in the portal.,Medium,2026-07-12,Chat
Q02143,Simran Das,Electrical Engineering,FEES,Is installment payment available for tuition fees?,Medium,2026-03-07,Email
Q02956,Manav Gupta,Mechanical,Scholarship,What are the eligibility criteria for the scholarship?,High,2026-03-27,Helpdesk
Q03486,Tanvi Sharma,Electronics,EXAMINATION,My exam centre details are not visible in the portal.,High,2026-08-28,Portal
Q00356,Riya Khan,Mechanical,Fee,What is the last date for paying the semester fee?,High,2026-08-16,Helpdesk
Q02884,Aditi Singh,Biotechnology,Admission,What documents are required for admission verification?,High,2026-01-13,Portal
Q01223,Ishaan Das,information technology,Fees,Is installment payment available for tuition fees?,Low,2026-03-06,Helpdesk
Q02365,Tanvi Gupta,Physics,Admission,Can I change my selected programme after admission?,High ,2026-05-20,Helpdesk
Q05163,Ananya Das,Civil,TECHNICAL,I am unable to access my student portal.,High,2026-01-26,Helpdesk
Q04144,Meera Khan,Information Technology,TECHNICAL,The portal is showing an error while submitting my form.,Medium,2026-03-16,Portal
Q00041,Harsh Patel,Civil,HOSTEL,I have a problem with my hostel room facilities.,High,2026-08-05,Chat
Q04546,Payal Patel,Biotechnology,hostel,Please help. How can I contact the hostel administration?,Medium,2026-05-04,Chat
Q00807,Simran Das,Mechanical,Examination,My exam centre details are not visible in the portal.,Medium,2026-01-04,Email
Q02852,Bhavya Singh,Mathematics,Fee,How can I pay my semester fee online?,High,2026-05-06,Portal
Q01356,Arjun Kumar,Electrical Engineering,technical,I am unable to access my student portal.,Medium,2026-04-29,Helpdesk
Q01946,Harsh Joshi,Electronics, Examination ,When will the examination timetable be released?,Low,2026-08-13,Email
Q00793,Simran Singh,Information Technology,ADMISSIONS,How can I check the status of my admission application?,Medium,2026-02-25,Portal
Q03294,Isha Kumar,Information Technology,hostel,What is the process for changing my hostel room?,MEDIUM,2026-01-16,Portal
Q01787,Rahul Kumar,Computer Science,,Please help. I need help with the admission registration process.,Medium,2026-05-01,Email
Q00439,Aditya Sharma,Business Administration,examination,Please help. I am unable to see my examination result.,Medium,2026-04-04,Portal
Q01545,Rohit Mehta,Computer Science,Accommodation,How can I apply for hostel accommodation?,Medium,2026-03-24,Chat
Q00092,Divya Mehta,Biotechnology,Fee,My fee payment was deducted but is not showing in the portal.,Low,2026-01-07,Chat
Q02597,Tanvi Singh,Computer Science,technical,The portal is showing an error while submitting my form.,High,2026-01-27,Chat
Q00472,Vikram Verma,Electronics,hostel,How can I contact the hostel administration?,High,2026-08-04,Portal
Q02773,Kavya Mehta,Computer Science,SCHOLARSHIP,When will the scholarship results be announced?,Low,2026-07-21,Helpdesk
Q05117,Harsh Das,Mathematics, admissions ,Can I change my selected programme after admission?,High,2026-08-04,Helpdesk
Q00881,Payal Patel,Business Administration,TECHNICAL,The portal is showing an error while submitting my form.,High ,2026-07-14,Chat
Q02125,Shreya Verma,Mathematics,Hostel,What is the process for changing my hostel room?,Medium,2026-03-03,Email
Q02206,Riya Patel,Mechanical,Examination,How can I download my hall ticket?,Medium,2026-02-04,Helpdesk
Q04822,Simran Das,Electronics,HOSTEL,How can I apply for hostel accommodation? Kindly provide guidance.,Low,2026-02-09,Email
Q02775,Aarav Patel,Business Administration,Tech,Please help. My dashboard is not loading properly.,Low,2026-02-18,Portal
Q04276,Rohit Kumar,Mechanical,,My dashboard is not loading properly.,Medium,2026-02-23,Chat
Q02169,Bhavya Singh,Mathematics,fees,What is the last date for paying the semester fee?,Medium,2026-07-27,Helpdesk
Q00826,Aditi Sharma,Biotechnology,ADMISSIONS,Please help. Can I change my selected programme after admission?,Medium,2026-03-20,Chat
Q03767,Aarav Kumar,Electronics,examination,What is the process for applying for revaluation?,Low,2026-07-01,Email
Q02165,Neha Sharma,Mechanical, Hostel ,When will the hostel allotment list be announced?,Medium,2026-01-27,Helpdesk
Q04980,Manav Kumar,Mechanical,HOSTEL,How can I apply for hostel accommodation?,Medium,2026-02-14,Email
Q00975,Rohit Joshi,Mathematics,Fee,My fee payment was deducted but is not showing in the portal.,Medium,2026-06-01,Chat
Q01999,Simran Mehta,Mathematics,Examination,My exam centre details are not visible in the portal.,Low,2026-08-30,Chat
Q00996,Ananya Mehta,Electrical Engineering, Technical ,I forgot my portal password and cannot log in.,Medium,2026-05-28,Email
Q00116,Isha Patel,Biotechnology,FEES,,Low,2026-03-07,Email
Q03079,Rahul Kumar,Civil,Accommodation,How can I apply for hostel accommodation?,High,2026-07-16,Email
Q04906,Divya Das,Electronics,Scholarships,What are the eligibility criteria for the scholarship?,Low,2026-03-23,Helpdesk
Q04788,Neha Sharma,Business Administration,EXAMINATION,what is the process for applying for revaluation?,Low,2026-07-27,Portal
Q02968,Kavya Singh,Electronics,Admission,i need help with the admission registration process.,Medium,2026-08-13,Email
Q01433,Karan Mehta,Business Administration,hostel,When will the hostel allotment list be announced? Kindly provide guidance.,Medium,2026-07-21,Chat
Q00301,Rahul Gupta,Biotechnology,Examinations,What is the process for applying for revaluation?,Medium,2026-07-30,Email
Q00245,Simran Verma,Biotechnology,ADMISSIONS,How can I check the status of my admission application?,Medium,2026-03-19,Portal
Q00450,Divya Singh,Electronics,technical,The portal is showing an error while submitting my form. Kindly provide guidance.,Medium,2026-06-06,Helpdesk
Q03549,Aarav Joshi,Information Technology,Fees,What is the last date for paying the semester fee?,High,2026-03-24,Chat
Q00548,Divya Kumar,Electrical Engineering,hostel,How can I apply for hostel accommodation?,Medium,2026-05-07,Chat
Q00622,Aditya Mehta,Mechanical, Fees ,My fee payment was deducted but is not showing in the portal.,High,2026-07-25,Helpdesk
Q03718,Divya Patel,PHYSICS,Accommodation,When will the hostel allotment list be announced?,Medium,2026-07-24,Email
Q02126,Nisha Patel,Civil,ADMISSIONS,Can I change my selected programme after admission? Kindly provide guidance.,Low,2026-05-05,Helpdesk
Q01527,Nisha Kumar,Electronics,Fees,How can I pay my semester fee online?,High,2026-05-30,Chat
Q01026,Ananya Singh,Electrical Engineering,HOSTEL,When will the hostel allotment list be announced?,Low,2026-07-14,Chat
Q00102,Sakshi Mehta,Information Technology,Tech,I forgot my portal password and cannot log in.,Medium,2026-05-30,Email
Q04719,Rohit Gupta,Information Technology,examination,I am unable to see my examination result.,Medium,2026-08-03,Helpdesk
Q04345,Rohan Kumar,Physics, admissions ,How can I check the status of my admission application?,High,2026-01-27,Email
Q03396,Isha Patel,Biotechnology,TECHNICAL,the portal is showing an error while submitting my form.,Medium,2026-04-23,Portal
Q03235,Aman Verma,Electrical Engineering,Admission,When will the next admission merit list be published?,High,2026-05-03,Helpdesk
Q01935,Riya Mehta,Biotechnology,scholarship,My scholarship application status is pending. Kindly provide guidance.,Low,2026-02-24,Portal
Q03293,Isha Khan,Computer Science,Hostel,,High,2026-01-23,Portal
Q01845,Isha Verma,Mathematics,Admission,Can I change my selected programme after admission?,Medium,2026-07-24,Portal
Q01386,Nitin Patel,Civil,Exam,What is the process for applying for revaluation? Kindly provide guidance.,High,2026-07-25,Chat
Q02412,Rahul Patel,Biotechnology, Technical ,My dashboard is not loading properly.,Low,2026-01-15,Email
Q00913,Shreya Gupta,Civil,Admission,When will the next admission merit list be published?,Low,2026-03-05,Portal
Q00704,Shreya Singh,Civil,ADMISSIONS,I need help with the admission registration process.,Medium,2026-08-03,Helpdesk
Q00465,Sakshi Joshi,Information Technology,Fees,Can I download my fee payment receipt? Kindly provide guidance.,Medium,2026-05-15,Chat
Q00231,Neha Joshi,Biotechnology,Examinations,I am unable to see my examination result.,Medium,2026-05-01,Portal
Q04093,Shreya Verma,Mathematics, Hostel ,What is the process for changing my hostel room?,Medium,2026-04-07,Email
Q01973,Harsh Gupta,Mechanical,HOSTEL,When will the hostel allotment list be announced?,High,2026-02-13,Chat
Q00538,Isha Khan,Physics,hostel,How can I contact the hostel administration?,Medium,2026-01-07,Helpdesk
Q01907,Kavya Mehta,Electronics,Tech,I cannot upload my assignment due to a system error.,Medium,2026-07-31,Helpdesk
Q00860,Isha Patel,Mechanical, admissions ,Can I change my selected programme after admission?,Medium,2026-08-01,Helpdesk
Q03300,Rohit Mehta,Mathematics,FEES,Can I download my fee payment receipt?,High,2026-07-10,Portal
Q03107,Rohit Sharma,Civil,Hostel,How can I contact the hostel administration?,Low,2026-05-21,Helpdesk
Q04453,Sneha Khan,Civil,Hostel,I have a problem with my hostel room facilities.,Low,2026-07-06,Email
Q01395,Nisha Mehta,Computer Science,Tech,the portal is showing an error while submitting my form.,High,2026-01-03,Portal
Q02903,Arjun Gupta,Mathematics, Examination ,When will the examination timetable be released?,High,2026-04-02,Chat
Q04385,Aman Patel,Electronics,Fee,Please help. Can I download my fee payment receipt?,Medium,2026-03-13,Chat
Q03480,Priya Patel,Electronics,hostel,,Medium,2026-03-11,Portal
Q04221,Nitin Joshi,Biotechnology,Examinations,When will the examination timetable be released?,Low,2026-02-20,Portal
Q03913,Aditya Joshi,Computer Science,Admissions,When will the next admission merit list be published?,Low,2026-06-07,Email
Q02835,Arjun Kumar,Mathematics,Examination,How can I download my hall ticket?,Medium,2026-08-03,Helpdesk
Q03131,Shreya Kumar,Business Administration,TECHNICAL,,High,2026-03-12,Chat
Q02778,Simran Patel,Computer Science,Admissions,How can I check the status of my admission application?,High,2026-05-01,Chat
Q01937,Tanvi Singh,Civil,ADMISSIONS,what documents are required for admission verification?,Medium,2026-08-10,Portal
Q03711,Rahul Joshi,Civil,fees,Please help. What is the last date for paying the semester fee?,High,2026-05-08,Email
Q04169,Aditi Joshi,Electronics,Exam,What is the process for applying for revaluation?,Low,2026-02-17,Email
Q02364,Shreya Kumar,Business Administration,scholarship,What are the eligibility criteria for the scholarship?,High,2026-03-11,Email
Q03585,Bhavya Patel,Biotechnology,scholarship,When will the scholarship results be announced?,High,2026-05-27,Helpdesk
Q03555,Rohan Verma,Business Administration,Examination,My exam centre details are not visible in the portal.,Medium,2026-08-03,Chat
Q01861,Priya Verma,Civil,EXAMINATION,How can I download my hall ticket?,High,2026-05-01,Chat
Q02795,Riya Gupta,Business Administration,examination,My exam centre details are not visible in the portal.,Medium,2026-07-10,Email
Q00554,Yash Verma,Physics, Technical ,I cannot upload my assignment due to a system error.,Medium,2026-04-10,Portal
Q04182,Karan Kumar,Electronics,Fee,How can I pay my semester fee online?,Medium,2026-04-03,Chat
Q00042,Kavya Verma,Mechanical,technical,I am unable to access my student portal.,Medium,2026-08-02,Portal
Q03184,Rohit Singh,Electronics,HOSTEL,How can I contact the hostel administration?,Medium,2026-07-17,Chat
Q02305,Priya Mehta,Electrical Engineering,Scholarship,How can I apply for a student scholarship?,Medium,2026-01-25,Email
Q02401,Aman Joshi,Civil,FEES,,Low,2026-01-18,Portal
Q04903,Yash Sharma,Computer Science, Hostel ,Please help. What is the process for changing my hostel room?,High,2026-02-13,Email
Q02861,Sakshi Das,Computer Science,Admissions,How can I check the status of my admission application?,Medium,2026-06-06,Helpdesk
Q03178,Nitin Mehta,Biotechnology, Technical ,Please help. The portal is showing an error while submitting my form.,High,2026-04-26,Helpdesk
Q02496,Ishaan Khan,Physics,ADMISSIONS,when will the next admission merit list be published?,Medium,2026-04-28,Helpdesk
Q01438,Ishaan Joshi,Business Administration,fees,What is the last date for paying the semester fee?,Medium,2026-02-05,Chat
Q00541,Nitin Das,Biotechnology,Admission,I need help with the admission registration process.,low,2026-08-20,Portal
Q03016,Tanvi Kumar,Mechanical, Hostel ,How can I contact the hostel administration?,Low,2026-04-17,Email
Q02552,Harsh Kumar,Mathematics,Tech,I forgot my portal password and cannot log in.,Medium,2026-05-01,Portal
Q04665,Kavya Singh,Mathematics, Scholarship ,What documents are required for scholarship verification? Kindly provide guidance.,medium,2026-08-18,Portal
Q03417,Sanjay Singh,Biotechnology,ADMISSIONS,I need help with the admission registration process. Kindly provide guidance.,Medium,2026-05-21,Helpdesk
Q01826,Rahul Verma,Electronics,Examinations,How can I download my hall ticket?,Medium,2026-08-10,Chat
Q01636,Arjun Kumar,Physics, admissions ,When will the next admission merit list be published?,High,2026-04-13,Email
Q02292,Aman Khan,physics,Technical,I cannot upload my assignment due to a system error.,Low,2026-04-15,Portal
Q00917,Simran Patel,Electrical Engineering,Examination,My exam centre details are not visible in the portal.,Medium,2026-03-28,Email
Q05083,Divya Kumar,Mathematics,,I have a problem with my hostel room facilities. Kindly provide guidance.,Low,2026-02-28,Chat
Q02715,Ishaan Verma,Mathematics,Admission,What documents are required for admission verification?,High,2026-05-01,Portal
Q03242,Priya Verma,Physics, admissions ,,Medium,2026-08-19,Email
Q01293,Kavya Gupta,Business Administration,admissions,What documents are required for admission verification?,High ,2026-03-31,Portal
Q02145,Nisha Khan,Physics,Technical,The portal is showing an error while submitting my form. Kindly provide guidance.,Low,2026-06-21,Helpdesk
Q01696,Nisha Patel,CIVIL,TECHNICAL,The portal is showing an error while submitting my form.,High,2026-04-17,Portal
Q01800,Vikram Das,Mathematics, admissions ,What documents are required for admission verification?,Medium,2026-03-14,Chat
Q03773,Tanvi Das,Mathematics, Technical ,I am unable to access my student portal.,Medium,2026-04-19,Email
Q02928,Varun Das,Mechanical,Admissions,What documents are required for admission verification?,Low,2026-08-31,Email
Q04385,Aman Patel,Electronics,Fee,Please help. Can I download my fee payment receipt?,Medium,2026-03-13,Chat
Q02235,Rohit Singh,Mechanical,Exam,I am unable to see my examination result.,High,2026-01-22,Portal
Q00273,Riya Patel,Information Technology,technical,the portal is showing an error while submitting my form.,Medium,2026-04-08,Chat
Q00850,Shreya Kumar,Information Technology, Technical ,I forgot my portal password and cannot log in.,Medium,2026-02-18,Email
Q00112,Kavya Sharma,Biotechnology,Scholarship,What documents are required for scholarship verification?,Low,2026-05-15,Helpdesk
Q00146,Ankit Gupta,Mathematics,Scholarship,,Medium,2026-01-16,Helpdesk
Q01876,Priya Sharma,Computer Science,Accommodation,What is the process for changing my hostel room?,Medium,2026-07-06,Portal
Q04366,Sneha Verma,Business Administration, Hostel ,How can I apply for hostel accommodation?,Low,2026-06-09,Chat
Q01728,Pooja Patel,Physics,EXAMINATION,What is the process for applying for revaluation? Kindly provide guidance.,Medium,2026-08-26,Email
Q02257,Aman Das,Mathematics, Fees ,My fee payment was deducted but is not showing in the portal.,Medium,2026-08-06,Helpdesk
Q01921,Pooja Joshi,Physics,SCHOLARSHIP,How can I apply for a student scholarship?,Medium,2026-01-07,Email
Q04654,Ankit Khan,Business Administration,HOSTEL,When will the hostel allotment list be announced?,Low,2026-02-10,Portal
Q03559,Nisha Gupta,BUSINESS ADMINISTRATION, admissions ,How can I check the status of my admission application?,Low,2026-05-15,Email
Q04348,Ishaan Mehta,Mathematics, Scholarship ,How can I apply for a student scholarship?,High,2026-07-26,Chat
Q03529,Rahul Mehta,Electrical Engineering,admissions,Please help. Can I change my selected programme after admission?,Medium,2026-01-10,Chat
Q03068,Divya Khan,Mathematics,Fee,How can I pay my semester fee online?,Low,2026-02-28,Helpdesk
Q00289,Harsh Singh,Mathematics,Accommodation,How can I apply for hostel accommodation?,Medium,2026-08-15,Portal
Q01739,Ankit Das,Civil,SCHOLARSHIP,When will the scholarship results be announced?,Low,2026-08-03,Helpdesk
Q00224,Rohan Das,Mechanical,TECHNICAL,Please help. I am unable to access my student portal.,High ,2026-06-28,Email
Q05133,Ankit Das,Physics,SCHOLARSHIP,when will the scholarship results be announced?,Medium,2026-03-04,Helpdesk
Q03122,Ishaan Joshi,Electrical Engineering,technical,Please help. I forgot my portal password and cannot log in.,Low,2026-03-30,Portal
Q04736,Sanjay Patel,Business Administration,Fee,How can I pay my semester fee online?,Low,2026-02-01,Portal
Q00438,Rohit Patel,Mechanical,hostel,,Low,2026-01-19,Email
Q04284,Aarav Khan,Computer Science,HOSTEL,I have a problem with my hostel room facilities.,High ,2026-08-15,Portal
Q02205,Vikram Singh,Mechanical,hostel,How can I apply for hostel accommodation?,High,2026-07-05,Helpdesk
Q01037,Aditi Singh,Mechanical,HOSTEL,what is the process for changing my hostel room?,Low,2026-04-25,Email
Q00044,Nisha Patel,Information Technology,Tech,I forgot my portal password and cannot log in.,Low,2026-08-22,Email
Q04858,Ananya Mehta,Civil,Admission,Can I change my selected programme after admission?,Low,2026-08-21,Helpdesk
Q02520,Vikram Verma,Business Administration, Examination ,what is the process for applying for revaluation?,High,2026-07-02,Email
Q04199,Divya Joshi,Civil,Technical,The portal is showing an error while submitting my form.,Low,2026-08-26,Helpdesk
Q05167,Riya Gupta,Civil,Fees,How can I pay my semester fee online?,low,2026-05-23,Helpdesk
Q03298,Varun Singh,Computer Science,Fee,Can I download my fee payment receipt? Kindly provide guidance.,Low,2026-05-04,Chat
Q04655,Nitin Sharma,Electronics,Tech,i forgot my portal password and cannot log in.,Medium,2026-07-07,Email
Q02279,Nitin Verma,Physics,Examination,I am unable to see my examination result.,Medium,2026-05-27,Email
Q03710,Sanjay Joshi,Biotechnology,Fee,What is the last date for paying the semester fee?,Low,2026-03-30,Portal
Q00960,Nisha Kumar,Electronics,examination,How can I download my hall ticket?,High,2026-07-02,Chat
Q00729,Bhavya Mehta,Computer Science, Scholarship ,What documents are required for scholarship verification?,Low,2026-07-02,Portal
Q01819,Varun Sharma,Biotechnology,fees,Can I download my fee payment receipt?,Low,2026-07-26,Helpdesk
Q00218,Shreya Das,Physics,TECHNICAL,The portal is showing an error while submitting my form.,High,2026-02-05,Chat
Q01669,Aarav Kumar,Computer Science,Admission,I need help with the admission registration process.,High,2026-01-24,Portal
Q04642,Harsh Mehta,Physics,,What is the process for changing my hostel room?,Low,2026-04-18,Chat
Q02747,Yash Verma,Biotechnology,Fees,Can I download my fee payment receipt?,Medium,2026-01-27,Helpdesk
Q00957,Harsh Gupta,Physics, Scholarship ,How can I apply for a student scholarship?,High,2026-03-05,Chat
Q02117,Kavya Verma,Mathematics,Hostel,How can I apply for hostel accommodation? Kindly provide guidance.,Medium,2026-05-10,Email
Q00141,Kavya Mehta,Physics,hostel,When will the hostel allotment list be announced?,Medium,2026-03-06,Email
Q04734,Yash Gupta,Physics,Scholarships,When will the scholarship results be announced?,medium,2026-04-22,Portal
Q01154,Harsh Das,Mechanical, Examination ,My exam centre details are not visible in the portal.,Low,2026-02-15,Portal
Q04037,Rahul Singh,Computer Science, Technical ,I cannot upload my assignment due to a system error.,Low,2026-08-09,Email
Q01411,Sneha Singh,Biotechnology,FEES,,Low,2026-06-14,Helpdesk
Q00079,Ishaan Patel,Mechanical, Examination ,What is the process for applying for revaluation?,High,2026-08-08,Portal
Q00136,Karan Das,Business Administration,TECHNICAL,I am unable to access my student portal.,Medium,2026-07-17,Email
Q03892,Ishaan Singh,Biotechnology,Exam,Please help. My exam centre details are not visible in the portal.,High,2026-08-22,Chat
Q04842,Nitin Khan,Physics,Fees,How can I pay my semester fee online?,Low,2026-07-16,Chat
Q01988,Neha Khan,Biotechnology,examination,I am unable to see my examination result. Kindly provide guidance.,Low,2026-01-21,Chat
Q04882,Rahul Das,Physics,scholarship,What documents are required for scholarship verification?,Low,2026-04-07,Portal
Q00237,Rohit Patel,Electronics,SCHOLARSHIP,,Medium,2026-01-19,Chat
Q04090,Manav Khan,Biotechnology,Scholarship,Please help. When will the scholarship results be announced?,high,2026-02-27,Portal
Q02020,Aman Kumar,Mathematics,HOSTEL,What is the process for changing my hostel room?,Low,2026-02-06,Chat
Q03586,Tanvi Das,Business Administration,Admissions,What documents are required for admission verification?,Low,2026-08-30,Chat
Q03624,Rahul Patel,Electrical Engineering, Examination ,What is the process for applying for revaluation?,Low,2026-01-02,Helpdesk
Q03628,Rohan Patel,Physics,HOSTEL,I have a problem with my hostel room facilities.,High,2026-01-21,Helpdesk
Q02760,Pooja Kumar,Mathematics,FEES,How can I pay my semester fee online?,High,2026-02-12,Chat
Q02030,Isha Singh,Computer Science, Technical ,I cannot upload my assignment due to a system error.,High ,2026-08-01,Chat
Q01987,Nitin Khan,Electronics,fees,my fee payment was deducted but is not showing in the portal.,Medium,2026-02-20,Portal
Q03639,Aman Singh,Mechanical,scholarship,What are the eligibility criteria for the scholarship?,High,2026-01-05,Portal
Q03870,Ananya Patel,Information Technology,Fees,,LOW,2026-07-10,Chat
Q05079,Priya Gupta,Electronics,,I cannot upload my assignment due to a system error.,High,2026-08-30,Helpdesk
Q02711,Simran Mehta,Computer Science,Fee,How can I pay my semester fee online?,High,2026-02-16,Portal
Q02989,Sakshi Mehta,Information Technology,EXAMINATION,My exam centre details are not visible in the portal.,Low,2026-05-14,Email
Q04686,Arjun Khan,Biotechnology,SCHOLARSHIP,How can I apply for a student scholarship? Kindly provide guidance.,Medium,2026-07-30,Chat
Q03752,Kavya Khan,ComputerScience, Fees ,My fee payment was deducted but is not showing in the portal.,Medium,2026-04-25,Helpdesk
Q00070,Bhavya Joshi,Electrical Engineering,FEES,Can I download my fee payment receipt?,Medium,2026-02-01,Email
Q03089,Kavya Khan,Physics,Scholarship,My scholarship application status is pending.,High,2026-03-12,Chat
Q03524,Manav Joshi,Civil, admissions ,How can I check the status of my admission application?,Medium,2026-04-07,Email
Q02152,Sanjay Gupta,Civil, Examination ,My exam centre details are not visible in the portal.,Medium,2026-04-14,Helpdesk
Q00821,Rohan Verma,Business Administration, Hostel ,I have a problem with my hostel room facilities.,Medium,2026-07-27,Portal
Q02667,Pooja Sharma,Electrical Engineering, Technical ,I forgot my portal password and cannot log in.,Low,2026-06-13,Portal
Q03836,Divya Gupta,Business Administration,Scholarships,When will the scholarship results be announced?,High,2026-06-21,Portal
Q03883,Simran Singh,Electrical Engineering,ADMISSIONS,Can I change my selected programme after admission?,High,2026-02-01,Portal
Q04918,Aditya Kumar,Mathematics,ADMISSIONS,When will the next admission merit list be published?,Medium,2026-05-03,Portal
Q02983,Vikram Mehta, Electrical Engineering ,TECHNICAL,I forgot my portal password and cannot log in.,Medium,2026-03-28,Chat
Q00892,Ankit Verma,Physics,hostel,I have a problem with my hostel room facilities.,Medium,2026-08-31,Chat
Q00560,Varun Mehta,Mechanical, Scholarship ,What are the eligibility criteria for the scholarship?,Medium,2026-03-07,Email
Q00581,Simran Singh,Civil,hostel,When will the hostel allotment list be announced?,High,2026-05-13,Portal
Q00976,Kavya Kumar,Electrical Engineering,Exam,What is the process for applying for revaluation?,High,2026-01-13,Helpdesk
Q03274,Ishaan Sharma,Physics,Admission,What documents are required for admission verification?,Low,2026-07-29,Portal
Q00734,Bhavya Verma,Information Technology,technical,My dashboard is not loading properly.,High,2026-03-09,Portal
Q01194,Karan Singh,Mechanical,Examinations,My exam centre details are not visible in the portal.,Low,2026-05-20,Portal
Q04799,Aditi Kumar, Business Administration , Examination ,My exam centre details are not visible in the portal.,High,2026-04-27,Chat
Q00702,Varun Sharma,Electronics,TECHNICAL,Please help. I cannot upload my assignment due to a system error.,Low,2026-03-12,Portal
Q00215,Yash Singh,Mathematics,SCHOLARSHIP,Please help. What documents are required for scholarship verification?,High,2026-06-16,Email
Q00567,Ananya Khan,Mechanical, admissions ,Can I change my selected programme after admission?,High,2026-02-23,Portal
Q04392,Sakshi Gupta,Mechanical, Examination ,How can I download my hall ticket? Kindly provide guidance.,Low,2026-03-28,Helpdesk
Q04539,Sanjay Gupta,Computer Science, admissions ,I need help with the admission registration process.,Medium,2026-07-17,Email
Q03650,Aarav Sharma,Mathematics,Tech,I forgot my portal password and cannot log in.,Medium,2026-03-20,Helpdesk
Q02051,Aarav Das, Electronics ,Exam,How can I download my hall ticket?,Medium,2026-06-10,Helpdesk
